SOZIETATEA_EU/SOCIEDAD_EU;SOZIETATEA_CAS/SOCIEDAD_CAS;EKITALDIA/EJERCICIO;HILABETERA ARTE/MES HASTA;ADJUDIKAZIODUNA/PERSONA ADJUDICATARIA;HELBURUA_EUS/OBJETO_EUS;HELBURUA_CAS/OBJETO_CAS;ADMINISTRARIA/ADMINISTRATIVO;ADMINISTRARIAREN DESKRIBAPENA/ADMINISTRATIVO DESCRIPCION;KONTABILITATE-ESPEDIENTEA/EXPEDIENTE CONTABLE;KONTABILITATE-ESPEDIENTEAREN DESKR./EXPEDIENTE CONTABLE DESCR.;ADJUDIKAZIO-METODOA/METODO ADJUDICACION;ADJUDIKAZIO-METODOA DESKR./METODO ADJUDICACION DESCR.;JARDUKETA/ACTUACION;JARDUKETA DESKRIBAPENA/ACTUACION DESCRIPCION;ADMIN. EREDUA/MODELO ADMIN;ADMIN. EREDUAREN DESKRIBAPENA/MODELO ADMIN DESCRIPCION;XEDAPENA/DISPOSICION;BETEBEHARRA/OBLIGACION;
BFA;DFB;2025;009;47 SEGUNDOS PRODUCCIONES SL;PUBLIZITATEA ETA PROPAGANDA;PUBLICIDAD Y PROPAGANDA;ADMIN20240300001319;SGCM 2025/2026  SERVICIO PUBLICIDAD PROY HENKO NET;CONT220250200007851;SGCM (D 25/26) CONTRATO DE PUBLICIDAD PROY HENKO NET;="01";ABIERTO;="01";INICIAL;CT02;Contrato servicios;6134,70;0,00;
BFA;DFB;2025;009;47 SEGUNDOS PRODUCCIONES SL;PUBLIZITATEA ETA PROPAGANDA;PUBLICIDAD Y PROPAGANDA;ADMIN20240300001319;SGCM 2025/2026  SERVICIO PUBLICIDAD PROY HENKO NET;CONT220250200022710;SGCM-2025/06/30-CT PUBLICIDAD HENKO NET (2025-26);="01";ABIERTO;="01";INICIAL;CT02;Contrato servicios;0,00;511,23;
BFA;DFB;2025;009;47 SEGUNDOS PRODUCCIONES SL;PUBLIZITATEA ETA PROPAGANDA;PUBLICIDAD Y PROPAGANDA;ADMIN20240300001319;SGCM 2025/2026  SERVICIO PUBLICIDAD PROY HENKO NET;CONT220250200026436;SGCM-2025/07/12-CT PUBLICIDAD HENKO NET (2025-26);="01";ABIERTO;="01";INICIAL;CT02;Contrato servicios;0,00;511,23;
BFA;DFB;2025;009;47 SEGUNDOS PRODUCCIONES SL;PUBLIZITATEA ETA PROPAGANDA;PUBLICIDAD Y PROPAGANDA;ADMIN20240300001319;SGCM 2025/2026  SERVICIO PUBLICIDAD PROY HENKO NET;CONT220250200028218;SGCM-2025/08/11-CT PUBLICIDAD HENKO NET (2025-26);="01";ABIERTO;="01";INICIAL;CT02;Contrato servicios;0,00;511,23;
BFA;DFB;2025;009;47 SEGUNDOS PRODUCCIONES SL;PUBLIZITATEA ETA PROPAGANDA;PUBLICIDAD Y PROPAGANDA;ADMIN20240300001319;SGCM 2025/2026  SERVICIO PUBLICIDAD PROY HENKO NET;CONT220250200032019;SGCM-2025/09/19-CT PUBLICIDAD HENKO NET (2025-26);="01";ABIERTO;="01";INICIAL;CT02;Contrato servicios;0,00;511,23;
BFA;DFB;2025;009;ABD TECNOLOGIAS DE IMPRESION SL;ALTZARIAK ETA TRESNAK;MOBILIARIO Y ENSERES;ADMIN20240300000608;SGCT ABD SUM FOTOCOPIADORAS EJERCICIOS ANTER 2024;CONT220250200006369;SGCT-2025/02/28-CT ABD COPIAS FOTOC MAZARREDO 63 4;="01";ABIERTO;="01";INICIAL;CT01;Contrato suministros;359,04;359,04;
BFA;DFB;2025;009;ABD TECNOLOGIAS DE IMPRESION SL;ALTZARIAK ETA TRESNAK;MOBILIARIO Y ENSERES;ADMIN20240300000608;SGCT ABD SUM FOTOCOPIADORAS EJERCICIOS ANTER 2024;CONT220250200008541;SGCT-2025/01/29-CT ABD COPIAS FOTOC MAZARREDO 63 4;="01";ABIERTO;="01";INICIAL;CT01;Contrato suministros;179,16;179,16;
BFA;DFB;2025;009;ABD TECNOLOGIAS DE IMPRESION SL;ALTZARIAK ETA TRESNAK;MOBILIARIO Y ENSERES;ADMIN20240300000608;SGCT ABD SUM FOTOCOPIADORAS EJERCICIOS ANTER 2024;CONT220250200009970;SGCT-2025/03/31-CT ABD COPIAS FOTOC MAZARREDO 63 4;="01";ABIERTO;="01";INICIAL;CT01;Contrato suministros;308,63;308,63;
BFA;DFB;2025;009;ABD TECNOLOGIAS DE IMPRESION SL;ALTZARIAK ETA TRESNAK;MOBILIARIO Y ENSERES;ADMIN20240300000608;SGCT ABD SUM FOTOCOPIADORAS EJERCICIOS ANTER 2024;CONT220250200013161;SGCT-2025/04/29-CT ABD COPIAS FOTOC MAZARREDO 63 4;="01";ABIERTO;="01";INICIAL;CT01;Contrato suministros;210,89;210,89;
BFA;DFB;2025;009;ABD TECNOLOGIAS DE IMPRESION SL;ALTZARIAK ETA TRESNAK;MOBILIARIO Y ENSERES;ADMIN20240300000608;SGCT ABD SUM FOTOCOPIADORAS EJERCICIOS ANTER 2024;CONT220250200024286;SGCT-2025/05/30-CT ABD COPIAS FOTOC MAZARREDO 63 4;="01";ABIERTO;="01";INICIAL;CT01;Contrato suministros;285,64;285,64;
BFA;DFB;2025;009;ABD TECNOLOGIAS DE IMPRESION SL;ALTZARIAK ETA TRESNAK;MOBILIARIO Y ENSERES;ADMIN20240300000608;SGCT ABD SUM FOTOCOPIADORAS EJERCICIOS ANTER 2024;CONT220250200025113;SGCT-2025/06/30-CT ABD COPIAS FOTOC MAZARREDO 63 4;="01";ABIERTO;="01";INICIAL;CT01;Contrato suministros;395,42;395,42;
BFA;DFB;2025;009;ABD TECNOLOGIAS DE IMPRESION SL;ALTZARIAK ETA TRESNAK;MOBILIARIO Y ENSERES;ADMIN20240300000608;SGCT ABD SUM FOTOCOPIADORAS EJERCICIOS ANTER 2024;CONT220250200026890;SGCT-2025/07/29-CT ABD COPIAS FOTOC MAZARREDO 63 4;="01";ABIERTO;="01";INICIAL;CT01;Contrato suministros;206,32;206,32;
BFA;DFB;2025;009;ADECCO FORMACION SA;AZTERLANAK ETA LAN TEKNIKOAK;ESTUDIOS Y TRABAJOS TECNICOS;ADMIN20220300001100;IGCM (22) AT EN IGUALDAD AL SECTOR PUBLICO FORAL;CONT220220200034345;IGCM (D 22/23) AT EN IGUALDAD AL SECTOR PUBLICO FORAL;="01";ABIERTO;="01";INICIAL;CT02;Contrato servicios;66898,88;0,00;
BFA;DFB;2025;009;ADECCO FORMACION SA;AZTERLANAK ETA LAN TEKNIKOAK;ESTUDIOS Y TRABAJOS TECNICOS;ADMIN20220300001100;IGCM (22) AT EN IGUALDAD AL SECTOR PUBLICO FORAL;CONT220250200004391;IGCM-2025/02/07-CT_ADECCO ASIST TECNICA MAT IGUALD;="01";ABIERTO;="07";PRÓRROGA;CT02;Contrato servicios;0,00;5574,91;
BFA;DFB;2025;009;ADECCO FORMACION SA;AZTERLANAK ETA LAN TEKNIKOAK;ESTUDIOS Y TRABAJOS TECNICOS;ADMIN20220300001100;IGCM (22) AT EN IGUALDAD AL SECTOR PUBLICO FORAL;CONT220250200007278;IGCM-2025/03/10-CT_ADECCO ASIST TECNICA MAT IGUALD;="01";ABIERTO;="07";PRÓRROGA;CT02;Contrato servicios;0,00;5574,91;
BFA;DFB;2025;009;ADECCO FORMACION SA;AZTERLANAK ETA LAN TEKNIKOAK;ESTUDIOS Y TRABAJOS TECNICOS;ADMIN20220300001100;IGCM (22) AT EN IGUALDAD AL SECTOR PUBLICO FORAL;CONT220250200011109;IGCM-2025/04/07-CT_ADECCO ASIST TECNICA MAT IGUALD;="01";ABIERTO;="07";PRÓRROGA;CT02;Contrato servicios;0,00;5574,91;
BFA;DFB;2025;009;ADECCO FORMACION SA;AZTERLANAK ETA LAN TEKNIKOAK;ESTUDIOS Y TRABAJOS TECNICOS;ADMIN20220300001100;IGCM (22) AT EN IGUALDAD AL SECTOR PUBLICO FORAL;CONT220250200020722;IGCM-2025/06/17-CT_ADECCO ASIST TECNICA MAT IGUALD;="01";ABIERTO;="07";PRÓRROGA;CT02;Contrato servicios;0,00;5574,91;
BFA;DFB;2025;009;ADECCO FORMACION SA;AZTERLANAK ETA LAN TEKNIKOAK;ESTUDIOS Y TRABAJOS TECNICOS;ADMIN20220300001100;IGCM (22) AT EN IGUALDAD AL SECTOR PUBLICO FORAL;CONT220250200020725;IGCM-2025/06/17-CT_ADECCO ASIST TECNICA MAT IGUALD;="01";ABIERTO;="07";PRÓRROGA;CT02;Contrato servicios;0,00;5574,91;
BFA;DFB;2025;009;ADECCO FORMACION SA;AZTERLANAK ETA LAN TEKNIKOAK;ESTUDIOS Y TRABAJOS TECNICOS;ADMIN20220300001100;IGCM (22) AT EN IGUALDAD AL SECTOR PUBLICO FORAL;CONT220250200022628;IGCM-2025/07/07-CT_ADECCO ASIST TECNICA MAT IGUALD;="01";ABIERTO;="07";PRÓRROGA;CT02;Contrato servicios;0,00;5574,91;
BFA;DFB;2025;009;ADECCO FORMACION SA;AZTERLANAK ETA LAN TEKNIKOAK;ESTUDIOS Y TRABAJOS TECNICOS;ADMIN20220300001100;IGCM (22) AT EN IGUALDAD AL SECTOR PUBLICO FORAL;CONT220250200028627;IGCM-2025/08/01-CT_ADECCO ASIST TECNICA MAT IGUALD;="01";ABIERTO;="07";PRÓRROGA;CT02;Contrato servicios;0,00;5574,91;
BFA;DFB;2025;009;ADECCO FORMACION SA;AZTERLANAK ETA LAN TEKNIKOAK;ESTUDIOS Y TRABAJOS TECNICOS;ADMIN20220300001100;IGCM (22) AT EN IGUALDAD AL SECTOR PUBLICO FORAL;CONT220250200030450;IGCM-2025/09/04-CT_ADECCO ASIST TECNICA MAT IGUALD;="01";ABIERTO;="07";PRÓRROGA;CT02;Contrato servicios;0,00;5574,91;
BFA;DFB;2025;009;AERO FERR NORTE SA;KANPOKO KONTRATUAK;CONTRATOS EXTERIORES;ADMIN20200300001268;SERVICIO TRANSPORTE OBJETOS DOCUMENTACIÓN VALIJA 2021-2025;CONT220200200038542;RUTA SPEIS -LOTE 2- SERVICIO DE RUTAS;="01";ABIERTO;="01";INICIAL;CT12;Servicios Centralizados;30201,60;0,00;
BFA;DFB;2025;009;AERO FERR NORTE SA;KANPOKO KONTRATUAK;CONTRATOS EXTERIORES;ADMIN20200300001268;SERVICIO TRANSPORTE OBJETOS DOCUMENTACIÓN VALIJA 2021-2025;CONT220250200003743;AERO FERR NORTE: RUTA PLANIFICADA SPEIS ENERO 2025;="01";ABIERTO;="01";INICIAL;CT12;Servicios Centralizados;0,00;2516,80;
BFA;DFB;2025;009;AERO FERR NORTE SA;KANPOKO KONTRATUAK;CONTRATOS EXTERIORES;ADMIN20200300001268;SERVICIO TRANSPORTE OBJETOS DOCUMENTACIÓN VALIJA 2021-2025;CONT220250200008520;AERO FERR NORTE: RUTA PLANIFICADA SPEIS FEBRERO 2025;="01";ABIERTO;="01";INICIAL;CT12;Servicios Centralizados;0,00;2516,80;
BFA;DFB;2025;009;AERO FERR NORTE SA;KANPOKO KONTRATUAK;CONTRATOS EXTERIORES;ADMIN20200300001268;SERVICIO TRANSPORTE OBJETOS DOCUMENTACIÓN VALIJA 2021-2025;CONT220250200011769;AERO FERR NORTE: RUTA PLANIFICADA SPEIS MARZO 2025;="01";ABIERTO;="01";INICIAL;CT12;Servicios Centralizados;0,00;2516,80;
BFA;DFB;2025;009;AERO FERR NORTE SA;KANPOKO KONTRATUAK;CONTRATOS EXTERIORES;ADMIN20200300001268;SERVICIO TRANSPORTE OBJETOS DOCUMENTACIÓN VALIJA 2021-2025;CONT220250200016332;AERO FERR NORTE: RUTA PLANIFICADA SPEIS ABRIL 2025;="01";ABIERTO;="01";INICIAL;CT12;Servicios Centralizados;0,00;2516,80;
BFA;DFB;2025;009;AERO FERR NORTE SA;KANPOKO KONTRATUAK;CONTRATOS EXTERIORES;ADMIN20200300001268;SERVICIO TRANSPORTE OBJETOS DOCUMENTACIÓN VALIJA 2021-2025;CONT220250200020875;AERO FERR NORTE: RUTA PLANIFICADA SPEIS MAYO 2025;="01";ABIERTO;="01";INICIAL;CT12;Servicios Centralizados;0,00;2516,80;
BFA;DFB;2025;009;AERO FERR NORTE SA;KANPOKO KONTRATUAK;CONTRATOS EXTERIORES;ADMIN20200300001268;SERVICIO TRANSPORTE OBJETOS DOCUMENTACIÓN VALIJA 2021-2025;CONT220250200025840;AERO FERR NORTE: RUTA PLANIFICADA SPEIS JUNIO 2025;="01";ABIERTO;="01";INICIAL;CT12;Servicios Centralizados;0,00;2516,80;
BFA;DFB;2025;009;AERO FERR NORTE SA;KANPOKO KONTRATUAK;CONTRATOS EXTERIORES;ADMIN20200300001268;SERVICIO TRANSPORTE OBJETOS DOCUMENTACIÓN VALIJA 2021-2025;CONT220250200029200;AERO FERR NORTE: RUTA PLANIFICADA DIPUTACIÓN - SPEIS JULIO 2;="01";ABIERTO;="01";INICIAL;CT12;Servicios Centralizados;0,00;2516,80;
BFA;DFB;2025;009;AERO FERR NORTE SA;KANPOKO KONTRATUAK;CONTRATOS EXTERIORES;ADMIN20200300001268;SERVICIO TRANSPORTE OBJETOS DOCUMENTACIÓN VALIJA 2021-2025;CONT220250200031885;AERO-FERR: SERVICIO DE RUTAS SPEIS AGOSTO;="01";ABIERTO;="01";INICIAL;CT12;Servicios Centralizados;0,00;2516,80;
BFA;DFB;2025;009;AERO FERR NORTE SA;KANPOKO KONTRATUAK;CONTRATOS EXTERIORES;ADMIN20200300001271;LOTE 2- SERVICIO DE RUTAS;CONT220200200038636;RUTA INTERDEPARTAMENTAL A -LOTE 2- SERVICIO DE RUTAS;="01";ABIERTO;="01";INICIAL;CT12;Servicios Centralizados;62823,20;0,00;
BFA;DFB;2025;009;AERO FERR NORTE SA;KANPOKO KONTRATUAK;CONTRATOS EXTERIORES;ADMIN20200300001271;LOTE 2- SERVICIO DE RUTAS;CONT220200200038640;RUTA INTERDEPARTAMENTAL B LOTE 2- SERVICIO DE RUTAS;="01";ABIERTO;="01";INICIAL;CT12;Servicios Centralizados;62823,20;0,00;
BFA;DFB;2025;009;AERO FERR NORTE SA;KANPOKO KONTRATUAK;CONTRATOS EXTERIORES;ADMIN20200300001271;LOTE 2- SERVICIO DE RUTAS;CONT220200200038645;RUTA CONSERJERIA - LOTE 2- SERVICIO DE RUTAS;="01";ABIERTO;="01";INICIAL;CT12;Servicios Centralizados;33275,00;0,00;
BFA;DFB;2025;009;AERO FERR NORTE SA;KANPOKO KONTRATUAK;CONTRATOS EXTERIORES;ADMIN20200300001271;LOTE 2- SERVICIO DE RUTAS;CONT220250200003518;RUTA CONSERJERIA - LOTE 2- SERVICIO DE RUTAS_ENERO 2025;="01";ABIERTO;="01";INICIAL;CT12;Servicios Centralizados;0,00;2772,92;
BFA;DFB;2025;009;AERO FERR NORTE SA;KANPOKO KONTRATUAK;CONTRATOS EXTERIORES;ADMIN20200300001271;LOTE 2- SERVICIO DE RUTAS;CONT220250200003649;RUTA INTERDEPARTAMENTAL A -LOTE 2- SERVICIO DE RUTAS_ENERO 2;="01";ABIERTO;="01";INICIAL;CT12;Servicios Centralizados;0,00;5235,27;
BFA;DFB;2025;009;AERO FERR NORTE SA;KANPOKO KONTRATUAK;CONTRATOS EXTERIORES;ADMIN20200300001271;LOTE 2- SERVICIO DE RUTAS;CONT220250200003653;RUTA INTERDEPARTAMENTAL B LOTE 2- SERVICIO DE RUTAS_ENERO 20;="01";ABIERTO;="01";INICIAL;CT12;Servicios Centralizados;0,00;5235,27;
BFA;DFB;2025;009;AERO FERR NORTE SA;KANPOKO KONTRATUAK;CONTRATOS EXTERIORES;ADMIN20200300001271;LOTE 2- SERVICIO DE RUTAS;CONT220250200007970;RUTA INTERDEPARTAMENTAL A -LOTE 2- SERVICIO DE RUTAS-FEBRERO;="01";ABIERTO;="01";INICIAL;CT12;Servicios Centralizados;0,00;5235,27;
BFA;DFB;2025;009;AERO FERR NORTE SA;KANPOKO KONTRATUAK;CONTRATOS EXTERIORES;ADMIN20200300001271;LOTE 2- SERVICIO DE RUTAS;CONT220250200007971;RUTA INTERDEPARTAMENTAL A -LOTE 2- SERVICIO DE RUTAS-FEBRERO;="01";ABIERTO;="01";INICIAL;CT12;Servicios Centralizados;0,00;5235,27;
BFA;DFB;2025;009;AERO FERR NORTE SA;KANPOKO KONTRATUAK;CONTRATOS EXTERIORES;ADMIN20200300001271;LOTE 2- SERVICIO DE RUTAS;CONT220250200007976;RUTA CONSERJERIA - LOTE 2- SERVICIO DE RUTAS- FEBRERO 2025;="01";ABIERTO;="01";INICIAL;CT12;Servicios Centralizados;0,00;2772,92;
BFA;DFB;2025;009;AERO FERR NORTE SA;KANPOKO KONTRATUAK;CONTRATOS EXTERIORES;ADMIN20200300001271;LOTE 2- SERVICIO DE RUTAS;CONT220250200011553;RUTA CONSERJERIA - LOTE 2- SERVICIO DE RUTAS-;="01";ABIERTO;="01";INICIAL;CT12;Servicios Centralizados;0,00;2772,92;
BFA;DFB;2025;009;AERO FERR NORTE SA;KANPOKO KONTRATUAK;CONTRATOS EXTERIORES;ADMIN20200300001271;LOTE 2- SERVICIO DE RUTAS;CONT220250200011555;RUTA INTERDEPARTAMENTAL A -LOTE 2- SERVICIO DE RUTAS-MARZO 2;="01";ABIERTO;="01";INICIAL;CT12;Servicios Centralizados;0,00;5235,27;
BFA;DFB;2025;009;AERO FERR NORTE SA;KANPOKO KONTRATUAK;CONTRATOS EXTERIORES;ADMIN20200300001271;LOTE 2- SERVICIO DE RUTAS;CONT220250200011556;RUTA INTERDEPARTAMENTAL B LOTE 2- SERVICIO DE RUTAS-MARZO  2;="01";ABIERTO;="01";INICIAL;CT12;Servicios Centralizados;0,00;5235,27;
BFA;DFB;2025;009;AERO FERR NORTE SA;KANPOKO KONTRATUAK;CONTRATOS EXTERIORES;ADMIN20200300001271;LOTE 2- SERVICIO DE RUTAS;CONT220250200015663;RUTA CONSERJERIA - LOTE 2- SERVICIO DE RUTAS- abril 2025;="01";ABIERTO;="01";INICIAL;CT12;Servicios Centralizados;0,00;2772,92;
BFA;DFB;2025;009;AERO FERR NORTE SA;KANPOKO KONTRATUAK;CONTRATOS EXTERIORES;ADMIN20200300001271;LOTE 2- SERVICIO DE RUTAS;CONT220250200015758;RUTA INTERDEPARTAMENTAL B LOTE 2- SERVICIO DE RUTAS (abril);="01";ABIERTO;="01";INICIAL;CT12;Servicios Centralizados;0,00;5235,27;
BFA;DFB;2025;009;AERO FERR NORTE SA;KANPOKO KONTRATUAK;CONTRATOS EXTERIORES;ADMIN20200300001271;LOTE 2- SERVICIO DE RUTAS;CONT220250200015767;RUTA INTERDEPARTAMENTAL A -LOTE 2- SERVICIO DE RUTAS-ABRIL;="01";ABIERTO;="01";INICIAL;CT12;Servicios Centralizados;0,00;5235,27;
BFA;DFB;2025;009;AERO FERR NORTE SA;KANPOKO KONTRATUAK;CONTRATOS EXTERIORES;ADMIN20200300001271;LOTE 2- SERVICIO DE RUTAS;CONT220250200020262;RUTA CONSERJERIA - LOTE 2- SERVICIO DE RUTAS-mayo 2025;="01";ABIERTO;="01";INICIAL;CT12;Servicios Centralizados;0,00;2772,92;
BFA;DFB;2025;009;AERO FERR NORTE SA;KANPOKO KONTRATUAK;CONTRATOS EXTERIORES;ADMIN20200300001271;LOTE 2- SERVICIO DE RUTAS;CONT220250200020275;RUTA INTERDEPARTAMENTAL A -LOTE 2- SERVICIO DE RUTAS-;="01";ABIERTO;="01";INICIAL;CT12;Servicios Centralizados;0,00;5235,27;
BFA;DFB;2025;009;AERO FERR NORTE SA;KANPOKO KONTRATUAK;CONTRATOS EXTERIORES;ADMIN20200300001271;LOTE 2- SERVICIO DE RUTAS;CONT220250200020281;RUTA INTERDEPARTAMENTAL B LOTE 2- SERVICIO DE RUTAS;="01";ABIERTO;="01";INICIAL;CT12;Servicios Centralizados;0,00;5235,27;
BFA;DFB;2025;009;AERO FERR NORTE SA;KANPOKO KONTRATUAK;CONTRATOS EXTERIORES;ADMIN20200300001271;LOTE 2- SERVICIO DE RUTAS;CONT220250200025844;RUTA CONSERJERIA - LOTE 2- SERVICIO DE RUTAS-junio 2025;="01";ABIERTO;="01";INICIAL;CT12;Servicios Centralizados;0,00;2772,92;
BFA;DFB;2025;009;AERO FERR NORTE SA;KANPOKO KONTRATUAK;CONTRATOS EXTERIORES;ADMIN20200300001271;LOTE 2- SERVICIO DE RUTAS;CONT220250200025848;RUTA INTERDEPARTAMENTAL A -LOTE 2- SERVICIO DE RUTAS-JUNIO 2;="01";ABIERTO;="01";INICIAL;CT12;Servicios Centralizados;0,00;5235,27;
BFA;DFB;2025;009;AERO FERR NORTE SA;KANPOKO KONTRATUAK;CONTRATOS EXTERIORES;ADMIN20200300001271;LOTE 2- SERVICIO DE RUTAS;CONT220250200025849;RUTA INTERDEPARTAMENTAL B LOTE 2- SERVICIO DE RUTAS-JUNIO 20;="01";ABIERTO;="01";INICIAL;CT12;Servicios Centralizados;0,00;5235,27;
BFA;DFB;2025;009;AERO FERR NORTE SA;KANPOKO KONTRATUAK;CONTRATOS EXTERIORES;ADMIN20200300001271;LOTE 2- SERVICIO DE RUTAS;CONT220250200029908;RUTA INTERDEPARTAMENTAL A -LOTE 2- SERVICIO DE RUTAS-JULIO 2;="01";ABIERTO;="01";INICIAL;CT12;Servicios Centralizados;0,00;5235,27;
BFA;DFB;2025;009;AERO FERR NORTE SA;KANPOKO KONTRATUAK;CONTRATOS EXTERIORES;ADMIN20200300001271;LOTE 2- SERVICIO DE RUTAS;CONT220250200029928;RUTA INTERDEPARTAMENTAL B LOTE 2- SERVICIO DE RUTAS-JULIO 20;="01";ABIERTO;="01";INICIAL;CT12;Servicios Centralizados;0,00;5235,27;
BFA;DFB;2025;009;AERO FERR NORTE SA;KANPOKO KONTRATUAK;CONTRATOS EXTERIORES;ADMIN20200300001271;LOTE 2- SERVICIO DE RUTAS;CONT220250200029929;RUTA CONSERJERIA - LOTE 2- SERVICIO DE RUTAS-JULIO 2025;="01";ABIERTO;="01";INICIAL;CT12;Servicios Centralizados;0,00;2772,92;
BFA;DFB;2025;009;AERO FERR NORTE SA;KANPOKO KONTRATUAK;CONTRATOS EXTERIORES;ADMIN20200300001271;LOTE 2- SERVICIO DE RUTAS;CONT220250200031919;RUTA CONSERJERIA - LOTE 2- SERVICIO DE RUTAS-AGOSTO 2025;="01";ABIERTO;="01";INICIAL;CT12;Servicios Centralizados;0,00;2772,92;
BFA;DFB;2025;009;AERO FERR NORTE SA;KANPOKO KONTRATUAK;CONTRATOS EXTERIORES;ADMIN20200300001271;LOTE 2- SERVICIO DE RUTAS;CONT220250200031922;RUTA INTERDEPARTAMENTAL A -LOTE 2- SERVICIO DE RUTAS-AGOSTO;="01";ABIERTO;="01";INICIAL;CT12;Servicios Centralizados;0,00;5235,27;
BFA;DFB;2025;009;AERO FERR NORTE SA;KANPOKO KONTRATUAK;CONTRATOS EXTERIORES;ADMIN20200300001271;LOTE 2- SERVICIO DE RUTAS;CONT220250200031926;RUTA INTERDEPARTAMENTAL B LOTE 2- SERVICIO DE RUTAS-AGOSTO 2;="01";ABIERTO;="01";INICIAL;CT12;Servicios Centralizados;0,00;5235,27;
BFA;DFB;2025;009;AERO FERR NORTE SA;KANPOKO KONTRATUAK;CONTRATOS EXTERIORES;ADMIN20200300001277;TRANSPORTE DE OBJETOS, DOCUMENT., VALIJA D.F.B. 2021-2025 (L;CONT220200200038309;TRANSPORTE DE OBJETOS, DOCUMENT., VALIJA D.F.B. 2021-2025 (L;="12";DERIV. ACUERDO MARCO;="01";INICIAL;CT12;Servicios Centralizados;19965,00;0,00;
BFA;DFB;2025;009;AERO FERR NORTE SA;KANPOKO KONTRATUAK;CONTRATOS EXTERIORES;ADMIN20200300001277;TRANSPORTE DE OBJETOS, DOCUMENT., VALIJA D.F.B. 2021-2025 (L;CONT220250200003437;AERO FERR NORTE. RUTA PLANIFICADA ENERO 2025;="12";DERIV. ACUERDO MARCO;="01";INICIAL;CT12;Servicios Centralizados;0,00;1663,75;
BFA;DFB;2025;009;AERO FERR NORTE SA;KANPOKO KONTRATUAK;CONTRATOS EXTERIORES;ADMIN20200300001277;TRANSPORTE DE OBJETOS, DOCUMENT., VALIJA D.F.B. 2021-2025 (L;CONT220250200007930;AERO-FERR NORTE. Ruta planificada febrero 2025;="12";DERIV. ACUERDO MARCO;="01";INICIAL;CT12;Servicios Centralizados;0,00;1663,75;
BFA;DFB;2025;009;AERO FERR NORTE SA;KANPOKO KONTRATUAK;CONTRATOS EXTERIORES;ADMIN20200300001277;TRANSPORTE DE OBJETOS, DOCUMENT., VALIJA D.F.B. 2021-2025 (L;CONT220250200011496;AERO-FERR NORTE. Ruta planificada marzo 2025;="12";DERIV. ACUERDO MARCO;="01";INICIAL;CT12;Servicios Centralizados;0,00;1663,75;
BFA;DFB;2025;009;AERO FERR NORTE SA;KANPOKO KONTRATUAK;CONTRATOS EXTERIORES;ADMIN20200300001277;TRANSPORTE DE OBJETOS, DOCUMENT., VALIJA D.F.B. 2021-2025 (L;CONT220250200015607;AERO-FERR NORTE. Ruta planificada abril 2025;="12";DERIV. ACUERDO MARCO;="01";INICIAL;CT12;Servicios Centralizados;0,00;1663,75;
BFA;DFB;2025;009;AERO FERR NORTE SA;KANPOKO KONTRATUAK;CONTRATOS EXTERIORES;ADMIN20200300001277;TRANSPORTE DE OBJETOS, DOCUMENT., VALIJA D.F.B. 2021-2025 (L;CONT220250200020360;AERO FERR NORTE. Ruta planificada Mayo 2025 LOTE 2;="12";DERIV. ACUERDO MARCO;="01";INICIAL;CT12;Servicios Centralizados;0,00;1663,75;
BFA;DFB;2025;009;AERO FERR NORTE SA;KANPOKO KONTRATUAK;CONTRATOS EXTERIORES;ADMIN20200300001277;TRANSPORTE DE OBJETOS, DOCUMENT., VALIJA D.F.B. 2021-2025 (L;CONT220250200024948;AERO FERR NORTE. Ruta planificada Junio 2025 LOTE 2;="12";DERIV. ACUERDO MARCO;="01";INICIAL;CT12;Servicios Centralizados;0,00;1663,75;
BFA;DFB;2025;009;AERO FERR NORTE SA;KANPOKO KONTRATUAK;CONTRATOS EXTERIORES;ADMIN20200300001277;TRANSPORTE DE OBJETOS, DOCUMENT., VALIJA D.F.B. 2021-2025 (L;CONT220250200029151;AERO FERR Ruta planificada. Julio 2025;="12";DERIV. ACUERDO MARCO;="01";INICIAL;CT12;Servicios Centralizados;0,00;1663,75;
BFA;DFB;2025;009;AERO FERR NORTE SA;KANPOKO KONTRATUAK;CONTRATOS EXTERIORES;ADMIN20200300001277;TRANSPORTE DE OBJETOS, DOCUMENT., VALIJA D.F.B. 2021-2025 (L;CONT220250200031486;AERO FERR. Ruta planificada. Agosto 2025;="12";DERIV. ACUERDO MARCO;="01";INICIAL;CT12;Servicios Centralizados;0,00;1663,75;
BFA;DFB;2025;009;AERO FERR NORTE SA;KANPOKO KONTRATUAK;CONTRATOS EXTERIORES;ADMIN20200300001280;SERVICIO CENTRALIZADO DE TRANSPORTE - RUTA OCAs (2021/25);CONT220200200038957;(D) SERVICIO CENTRALIZADO DE TRANSPORTE - RUTA OCAs (2021/25;="01";ABIERTO;="01";INICIAL;CT12;Servicios Centralizados;8808,80;0,00;
BFA;DFB;2025;009;AERO FERR NORTE SA;KANPOKO KONTRATUAK;CONTRATOS EXTERIORES;ADMIN20200300001280;SERVICIO CENTRALIZADO DE TRANSPORTE - RUTA OCAs (2021/25);CONT220250200006998;(OK) SERVICIO CENTRALIZADO DE TRANSPORTE - RUTA OCAs ENERO 2;="01";ABIERTO;="09";OTROS;CT12;Servicios Centralizados;0,00;734,07;
BFA;DFB;2025;009;AERO FERR NORTE SA;KANPOKO KONTRATUAK;CONTRATOS EXTERIORES;ADMIN20200300001280;SERVICIO CENTRALIZADO DE TRANSPORTE - RUTA OCAs (2021/25);CONT220250200009789;(OK) SERVICIO CENTRALIZADO DE TRANSPORTE - RUTA OCAs FEBRERO;="01";ABIERTO;="09";OTROS;CT12;Servicios Centralizados;0,00;734,07;
BFA;DFB;2025;009;AERO FERR NORTE SA;KANPOKO KONTRATUAK;CONTRATOS EXTERIORES;ADMIN20200300001280;SERVICIO CENTRALIZADO DE TRANSPORTE - RUTA OCAs (2021/25);CONT220250200013769;(OK) SERVICIO CENTRALIZADO DE TRANSPORTE - RUTA OCAs MARZO 2;="01";ABIERTO;="09";OTROS;CT12;Servicios Centralizados;0,00;734,07;
BFA;DFB;2025;009;AERO FERR NORTE SA;KANPOKO KONTRATUAK;CONTRATOS EXTERIORES;ADMIN20200300001280;SERVICIO CENTRALIZADO DE TRANSPORTE - RUTA OCAs (2021/25);CONT220250200020615;(OK) SERVICIO CENTRALIZADO DE TRANSPORTE - RUTA OCAs ABRIL 2;="01";ABIERTO;="09";OTROS;CT12;Servicios Centralizados;0,00;734,07;
BFA;DFB;2025;009;AERO FERR NORTE SA;KANPOKO KONTRATUAK;CONTRATOS EXTERIORES;ADMIN20200300001280;SERVICIO CENTRALIZADO DE TRANSPORTE - RUTA OCAs (2021/25);CONT220250200027276;(OK) SERVICIO CENTRALIZADO DE TRANSPORTE - RUTA OCAs JUNIO 2;="01";ABIERTO;="09";OTROS;CT12;Servicios Centralizados;0,00;734,07;
BFA;DFB;2025;009;AERO FERR NORTE SA;KANPOKO KONTRATUAK;CONTRATOS EXTERIORES;ADMIN20200300001280;SERVICIO CENTRALIZADO DE TRANSPORTE - RUTA OCAs (2021/25);CONT220250200029388;(OK) SERVICIO CENTRALIZADO DE TRANSPORTE - RUTA OCAs JULIO 2;="01";ABIERTO;="09";OTROS;CT12;Servicios Centralizados;0,00;734,07;
BFA;DFB;2025;009;AERO FERR NORTE SA;POSTA, TELEGRAFIKOAK,TELEXA ETA MEZULARITZA;POSTALES, TELEGRAFICAS,TELEX Y MENSAJERIA;ADMIN20240300001246;Derivado A.M Sº Mensajeería 2025-2028;CONT220250200003483;SERVICIO MENSAJERIA. Dirección;="12";DERIV. ACUERDO MARCO;="01";INICIAL;CT12;Servicios Centralizados;169,48;169,48;
BFA;DFB;2025;009;AERO FERR NORTE SA;POSTA, TELEGRAFIKOAK,TELEXA ETA MEZULARITZA;POSTALES, TELEGRAFICAS,TELEX Y MENSAJERIA;ADMIN20240300001246;Derivado A.M Sº Mensajeería 2025-2028;CONT220250200003526;SERVICIO DE MENSAJERÍA. Servicios Generales;="12";DERIV. ACUERDO MARCO;="01";INICIAL;CT12;Servicios Centralizados;28,31;28,31;
BFA;DFB;2025;009;AERO FERR NORTE SA;POSTA, TELEGRAFIKOAK,TELEXA ETA MEZULARITZA;POSTALES, TELEGRAFICAS,TELEX Y MENSAJERIA;ADMIN20240300001246;Derivado A.M Sº Mensajeería 2025-2028;CONT220250200008501;Servicio mensajería Tributos Indirectos ( Aero ferr);="12";DERIV. ACUERDO MARCO;="01";INICIAL;CT12;Servicios Centralizados;9,68;9,68;
BFA;DFB;2025;009;AERO FERR NORTE SA;POSTA, TELEGRAFIKOAK,TELEXA ETA MEZULARITZA;POSTALES, TELEGRAFICAS,TELEX Y MENSAJERIA;ADMIN20240300001246;Derivado A.M Sº Mensajeería 2025-2028;CONT220250200011543;SERVICIO DE MENSAJERÍA;="12";DERIV. ACUERDO MARCO;="01";INICIAL;CT12;Servicios Centralizados;19,36;19,36;
BFA;DFB;2025;009;AERO FERR NORTE SA;POSTA, TELEGRAFIKOAK,TELEXA ETA MEZULARITZA;POSTALES, TELEGRAFICAS,TELEX Y MENSAJERIA;ADMIN20240300001246;Derivado A.M Sº Mensajeería 2025-2028;CONT220250200012276;Servicio de mensajería Tributos Indirectos (Aero Ferr);="12";DERIV. ACUERDO MARCO;="01";INICIAL;CT12;Servicios Centralizados;11,13;11,13;
BFA;DFB;2025;009;AERO FERR NORTE SA;POSTA, TELEGRAFIKOAK,TELEXA ETA MEZULARITZA;POSTALES, TELEGRAFICAS,TELEX Y MENSAJERIA;ADMIN20240300001246;Derivado A.M Sº Mensajeería 2025-2028;CONT220250200024687;Servicio de mensajería tributos indirectos (AERO FERR);="12";DERIV. ACUERDO MARCO;="01";INICIAL;CT12;Servicios Centralizados;13,31;13,31;
BFA;DFB;2025;009;AERO FERR NORTE SA;POSTA, TELEGRAFIKOAK,TELEXA ETA MEZULARITZA;POSTALES, TELEGRAFICAS,TELEX Y MENSAJERIA;ADMIN20240300001246;Derivado A.M Sº Mensajeería 2025-2028;CONT220250200026298;Servicio de mensajería tributos indirectos (AERO FERR);="12";DERIV. ACUERDO MARCO;="01";INICIAL;CT12;Servicios Centralizados;13,31;13,31;
BFA;DFB;2025;009;AERO FERR NORTE SA;POSTA, TELEGRAFIKOAK,TELEXA ETA MEZULARITZA;POSTALES, TELEGRAFICAS,TELEX Y MENSAJERIA;ADMIN20240300001246;Derivado A.M Sº Mensajeería 2025-2028;CONT220250200029583;SERVICIO DE MENSAJERIA;="12";DERIV. ACUERDO MARCO;="01";INICIAL;CT12;Servicios Centralizados;19,36;19,36;
BFA;DFB;2025;009;AERO FERR NORTE SA;POSTA, TELEGRAFIKOAK,TELEXA ETA MEZULARITZA;POSTALES, TELEGRAFICAS,TELEX Y MENSAJERIA;ADMIN20240300001247;SERVICIO MENSAJERIA 2025-2028 ACUERDO MARCO;CONT220250200003471;SERVICIO MENSAJERIA 2025-2028 ACUERDO MARCO.ENERO 2025;="12";DERIV. ACUERDO MARCO;="01";INICIAL;CT12;Servicios Centralizados;94,38;94,38;
BFA;DFB;2025;009;AERO FERR NORTE SA;POSTA, TELEGRAFIKOAK,TELEXA ETA MEZULARITZA;POSTALES, TELEGRAFICAS,TELEX Y MENSAJERIA;ADMIN20240300001247;SERVICIO MENSAJERIA 2025-2028 ACUERDO MARCO;CONT220250200007942;SERVICIO MENSAJERIA 2025-2028 ACUERDO MARCO.FEBRERO 2025;="12";DERIV. ACUERDO MARCO;="01";INICIAL;CT12;Servicios Centralizados;52,03;52,03;
BFA;DFB;2025;009;AERO FERR NORTE SA;POSTA, TELEGRAFIKOAK,TELEXA ETA MEZULARITZA;POSTALES, TELEGRAFICAS,TELEX Y MENSAJERIA;ADMIN20240300001247;SERVICIO MENSAJERIA 2025-2028 ACUERDO MARCO;CONT220250200015651;SERVICIO MENSAJERIA 2025-2028 ACUERDO MARCO;="12";DERIV. ACUERDO MARCO;="01";INICIAL;CT12;Servicios Centralizados;357,86;357,86;
BFA;DFB;2025;009;AERO FERR NORTE SA;POSTA, TELEGRAFIKOAK,TELEXA ETA MEZULARITZA;POSTALES, TELEGRAFICAS,TELEX Y MENSAJERIA;ADMIN20240300001247;SERVICIO MENSAJERIA 2025-2028 ACUERDO MARCO;CONT220250200015822;SERVICIO MENSAJERIA 2025-2028 ACUERDO MARCO;="12";DERIV. ACUERDO MARCO;="01";INICIAL;CT12;Servicios Centralizados;181,74;181,74;
BFA;DFB;2025;009;AERO FERR NORTE SA;POSTA, TELEGRAFIKOAK,TELEXA ETA MEZULARITZA;POSTALES, TELEGRAFICAS,TELEX Y MENSAJERIA;ADMIN20240300001247;SERVICIO MENSAJERIA 2025-2028 ACUERDO MARCO;CONT220250200020397;SERVICIO MENSAJERIA 2025-2028 ACUERDO MARCO;="12";DERIV. ACUERDO MARCO;="01";INICIAL;CT12;Servicios Centralizados;187,43;187,43;
BFA;DFB;2025;009;AERO FERR NORTE SA;POSTA, TELEGRAFIKOAK,TELEXA ETA MEZULARITZA;POSTALES, TELEGRAFICAS,TELEX Y MENSAJERIA;ADMIN20240300001247;SERVICIO MENSAJERIA 2025-2028 ACUERDO MARCO;CONT220250200025127;SERVICIO MENSAJERIA 2025-2028 ACUERDO MARCO.JUNIO 2025;="12";DERIV. ACUERDO MARCO;="01";INICIAL;CT12;Servicios Centralizados;75,75;75,75;
BFA;DFB;2025;009;AERO FERR NORTE SA;POSTA, TELEGRAFIKOAK,TELEXA ETA MEZULARITZA;POSTALES, TELEGRAFICAS,TELEX Y MENSAJERIA;ADMIN20240300001247;SERVICIO MENSAJERIA 2025-2028 ACUERDO MARCO;CONT220250200025135;SERVICIO MENSAJERIA 2025-2028 ACUERDO MARCO.JUNIO 2025;="12";DERIV. ACUERDO MARCO;="01";INICIAL;CT12;Servicios Centralizados;30,25;30,25;
BFA;DFB;2025;009;AERO FERR NORTE SA;POSTA, TELEGRAFIKOAK,TELEXA ETA MEZULARITZA;POSTALES, TELEGRAFICAS,TELEX Y MENSAJERIA;ADMIN20240300001247;SERVICIO MENSAJERIA 2025-2028 ACUERDO MARCO;CONT220250200025784;SERVICIO MENSAJERIA 2025-2028 ACUERDO MARCO;="12";DERIV. ACUERDO MARCO;="01";INICIAL;CT12;Servicios Centralizados;11,23;11,23;
BFA;DFB;2025;009;AERO FERR NORTE SA;POSTA, TELEGRAFIKOAK,TELEXA ETA MEZULARITZA;POSTALES, TELEGRAFICAS,TELEX Y MENSAJERIA;ADMIN20240300001250;SERVICIOS DE MENSAJERIA;CONT220250200003998;DOK - AERO FERR NORTE SA - Enero 2025;="01";ABIERTO;="01";INICIAL;CT12;Servicios Centralizados;688,73;688,73;
BFA;DFB;2025;009;AERO FERR NORTE SA;POSTA, TELEGRAFIKOAK,TELEXA ETA MEZULARITZA;POSTALES, TELEGRAFICAS,TELEX Y MENSAJERIA;ADMIN20240300001250;SERVICIOS DE MENSAJERIA;CONT220250200008977;DOK - AERO FERR NORTE SA - Febrero 2025;="01";ABIERTO;="01";INICIAL;CT12;Servicios Centralizados;104,36;104,36;
BFA;DFB;2025;009;AERO FERR NORTE SA;POSTA, TELEGRAFIKOAK,TELEXA ETA MEZULARITZA;POSTALES, TELEGRAFICAS,TELEX Y MENSAJERIA;ADMIN20240300001250;SERVICIOS DE MENSAJERIA;CONT220250200011919;DOK - AERO FERR NORTE SA - Marzo 2025;="01";ABIERTO;="01";INICIAL;CT12;Servicios Centralizados;205,64;205,64;
BFA;DFB;2025;009;AERO FERR NORTE SA;POSTA, TELEGRAFIKOAK,TELEXA ETA MEZULARITZA;POSTALES, TELEGRAFICAS,TELEX Y MENSAJERIA;ADMIN20240300001250;SERVICIOS DE MENSAJERIA;CONT220250200012161;DOK - AERO FERR NORTE SA - Marzo 2025 (servicio puente);="01";ABIERTO;="01";INICIAL;CT12;Servicios Centralizados;10,41;10,41;
BFA;DFB;2025;009;AERO FERR NORTE SA;POSTA, TELEGRAFIKOAK,TELEXA ETA MEZULARITZA;POSTALES, TELEGRAFICAS,TELEX Y MENSAJERIA;ADMIN20240300001250;SERVICIOS DE MENSAJERIA;CONT220250200016032;DOK - AERO FERR NORTE SA - Abril 2025;="01";ABIERTO;="01";INICIAL;CT12;Servicios Centralizados;1438,29;1438,29;
BFA;DFB;2025;009;AERO FERR NORTE SA;POSTA, TELEGRAFIKOAK,TELEXA ETA MEZULARITZA;POSTALES, TELEGRAFICAS,TELEX Y MENSAJERIA;ADMIN20240300001250;SERVICIOS DE MENSAJERIA;CONT220250200021174;DOK - AERO FERR NORTE SA - Mayo 2025;="01";ABIERTO;="01";INICIAL;CT12;Servicios Centralizados;335,87;335,87;
BFA;DFB;2025;009;AERO FERR NORTE SA;POSTA, TELEGRAFIKOAK,TELEXA ETA MEZULARITZA;POSTALES, TELEGRAFICAS,TELEX Y MENSAJERIA;ADMIN20240300001250;SERVICIOS DE MENSAJERIA;CONT220250200025593;DOK - AERO FERR NORTE SA - Junio 2025;="01";ABIERTO;="01";INICIAL;CT12;Servicios Centralizados;335,23;335,23;
BFA;DFB;2025;009;AERO FERR NORTE SA;POSTA, TELEGRAFIKOAK,TELEXA ETA MEZULARITZA;POSTALES, TELEGRAFICAS,TELEX Y MENSAJERIA;ADMIN20240300001255;CONTRATO SERVICIO DE MENSAJERIA DPTO. 2025-2026-2027-2028;CONT220250200003519;CTO SERVICIO DE MENSAJERIA DPTO. - ENERO 2025;="12";DERIV. ACUERDO MARCO;="01";INICIAL;CT12;Servicios Centralizados;76,23;76,23;
BFA;DFB;2025;009;AERO FERR NORTE SA;POSTA, TELEGRAFIKOAK,TELEXA ETA MEZULARITZA;POSTALES, TELEGRAFICAS,TELEX Y MENSAJERIA;ADMIN20240300001255;CONTRATO SERVICIO DE MENSAJERIA DPTO. 2025-2026-2027-2028;CONT220250200004591;CTO SERVICIO DE MENSAJERIA DPTO.;="12";DERIV. ACUERDO MARCO;="01";INICIAL;CT12;Servicios Centralizados;120,70;120,70;
BFA;DFB;2025;009;AERO FERR NORTE SA;POSTA, TELEGRAFIKOAK,TELEXA ETA MEZULARITZA;POSTALES, TELEGRAFICAS,TELEX Y MENSAJERIA;ADMIN20240300001255;CONTRATO SERVICIO DE MENSAJERIA DPTO. 2025-2026-2027-2028;CONT220250200008218;CTO SERVICIO DE MENSAJERIA DPTO. - FEBRERO;="12";DERIV. ACUERDO MARCO;="01";INICIAL;CT12;Servicios Centralizados;154,88;154,88;
BFA;DFB;2025;009;AERO FERR NORTE SA;POSTA, TELEGRAFIKOAK,TELEXA ETA MEZULARITZA;POSTALES, TELEGRAFICAS,TELEX Y MENSAJERIA;ADMIN20240300001255;CONTRATO SERVICIO DE MENSAJERIA DPTO. 2025-2026-2027-2028;CONT220250200011545; CTO SERVICIO DE MENSAJERIA DPTO.;="12";DERIV. ACUERDO MARCO;="01";INICIAL;CT12;Servicios Centralizados;136,61;136,61;
BFA;DFB;2025;009;AERO FERR NORTE SA;POSTA, TELEGRAFIKOAK,TELEXA ETA MEZULARITZA;POSTALES, TELEGRAFICAS,TELEX Y MENSAJERIA;ADMIN20240300001255;CONTRATO SERVICIO DE MENSAJERIA DPTO. 2025-2026-2027-2028;CONT220250200011601;CONTRATO SERVICIO DE MENSAJERIA DEPARTAMENTO;="12";DERIV. ACUERDO MARCO;="01";INICIAL;CT12;Servicios Centralizados;19,36;19,36;
BFA;DFB;2025;009;AERO FERR NORTE SA;POSTA, TELEGRAFIKOAK,TELEXA ETA MEZULARITZA;POSTALES, TELEGRAFICAS,TELEX Y MENSAJERIA;ADMIN20240300001255;CONTRATO SERVICIO DE MENSAJERIA DPTO. 2025-2026-2027-2028;CONT220250200012751;SERVICIO DE MENSAJERIA DPTO. - MARZO;="12";DERIV. ACUERDO MARCO;="01";INICIAL;CT12;Servicios Centralizados;154,88;154,88;
BFA;DFB;2025;009;AERO FERR NORTE SA;POSTA, TELEGRAFIKOAK,TELEXA ETA MEZULARITZA;POSTALES, TELEGRAFICAS,TELEX Y MENSAJERIA;ADMIN20240300001255;CONTRATO SERVICIO DE MENSAJERIA DPTO. 2025-2026-2027-2028;CONT220250200013294;SERVICIO DE MENSAJERIA DPTO.;="12";DERIV. ACUERDO MARCO;="01";INICIAL;CT12;Servicios Centralizados;9,68;9,68;
BFA;DFB;2025;009;AERO FERR NORTE SA;POSTA, TELEGRAFIKOAK,TELEXA ETA MEZULARITZA;POSTALES, TELEGRAFICAS,TELEX Y MENSAJERIA;ADMIN20240300001255;CONTRATO SERVICIO DE MENSAJERIA DPTO. 2025-2026-2027-2028;CONT220250200013556;SERVICIO DE MENSAJERIA DPTO. - MARZO 2025;="12";DERIV. ACUERDO MARCO;="01";INICIAL;CT12;Servicios Centralizados;91,96;91,96;
BFA;DFB;2025;009;AERO FERR NORTE SA;POSTA, TELEGRAFIKOAK,TELEXA ETA MEZULARITZA;POSTALES, TELEGRAFICAS,TELEX Y MENSAJERIA;ADMIN20240300001255;CONTRATO SERVICIO DE MENSAJERIA DPTO. 2025-2026-2027-2028;CONT220250200015995; SERVICIO DE MENSAJERIA DPTO. - SERVICIOS PUENTE ABRIL 2025-;="12";DERIV. ACUERDO MARCO;="01";INICIAL;CT12;Servicios Centralizados;9,68;9,68;
BFA;DFB;2025;009;AERO FERR NORTE SA;POSTA, TELEGRAFIKOAK,TELEXA ETA MEZULARITZA;POSTALES, TELEGRAFICAS,TELEX Y MENSAJERIA;ADMIN20240300001255;CONTRATO SERVICIO DE MENSAJERIA DPTO. 2025-2026-2027-2028;CONT220250200016184;SERVICIO DE MENSAJERIA DPTO.- DEPORTES ABRIL;="12";DERIV. ACUERDO MARCO;="01";INICIAL;CT12;Servicios Centralizados;58,08;58,08;
BFA;DFB;2025;009;AERO FERR NORTE SA;POSTA, TELEGRAFIKOAK,TELEXA ETA MEZULARITZA;POSTALES, TELEGRAFICAS,TELEX Y MENSAJERIA;ADMIN20240300001255;CONTRATO SERVICIO DE MENSAJERIA DPTO. 2025-2026-2027-2028;CONT220250200020905;SERVICIO DE MENSAJERIA DPTO.- MAYO;="12";DERIV. ACUERDO MARCO;="01";INICIAL;CT12;Servicios Centralizados;379,06;379,06;
BFA;DFB;2025;009;AERO FERR NORTE SA;POSTA, TELEGRAFIKOAK,TELEXA ETA MEZULARITZA;POSTALES, TELEGRAFICAS,TELEX Y MENSAJERIA;ADMIN20240300001255;CONTRATO SERVICIO DE MENSAJERIA DPTO. 2025-2026-2027-2028;CONT220250200025356;SERVICIO DE MENSAJERIA DPTO. - JUNIO;="12";DERIV. ACUERDO MARCO;="01";INICIAL;CT12;Servicios Centralizados;536,10;536,10;
BFA;DFB;2025;009;AERO FERR NORTE SA;POSTA, TELEGRAFIKOAK,TELEXA ETA MEZULARITZA;POSTALES, TELEGRAFICAS,TELEX Y MENSAJERIA;ADMIN20240300001255;CONTRATO SERVICIO DE MENSAJERIA DPTO. 2025-2026-2027-2028;CONT220250200026022;SERVICIO DE MENSAJERIA - JUNIO;="12";DERIV. ACUERDO MARCO;="01";INICIAL;CT12;Servicios Centralizados;38,72;38,72;
BFA;DFB;2025;009;AERO FERR NORTE SA;POSTA, TELEGRAFIKOAK,TELEXA ETA MEZULARITZA;POSTALES, TELEGRAFICAS,TELEX Y MENSAJERIA;ADMIN20240300001255;CONTRATO SERVICIO DE MENSAJERIA DPTO. 2025-2026-2027-2028;CONT220250200029121;SERVICIO DE MENSAJERIA - JUNIO;="12";DERIV. ACUERDO MARCO;="01";INICIAL;CT12;Servicios Centralizados;241,27;241,27;
BFA;DFB;2025;009;AERO FERR NORTE SA;POSTA, TELEGRAFIKOAK,TELEXA ETA MEZULARITZA;POSTALES, TELEGRAFICAS,TELEX Y MENSAJERIA;ADMIN20240300001255;CONTRATO SERVICIO DE MENSAJERIA DPTO. 2025-2026-2027-2028;CONT220250200029177;SERVICIO DE MENSAJERIA DPTO. - JULIO;="12";DERIV. ACUERDO MARCO;="01";INICIAL;CT12;Servicios Centralizados;244,66;244,66;
BFA;DFB;2025;009;AERO FERR NORTE SA;POSTA, TELEGRAFIKOAK,TELEXA ETA MEZULARITZA;POSTALES, TELEGRAFICAS,TELEX Y MENSAJERIA;ADMIN20240300001255;CONTRATO SERVICIO DE MENSAJERIA DPTO. 2025-2026-2027-2028;CONT220250200031893;CTO SERVICIO DE MENSAJERIA - AGOSTO;="12";DERIV. ACUERDO MARCO;="01";INICIAL;CT12;Servicios Centralizados;60,80;60,80;
BFA;DFB;2025;009;AERO FERR NORTE SA;POSTA, TELEGRAFIKOAK,TELEXA ETA MEZULARITZA;POSTALES, TELEGRAFICAS,TELEX Y MENSAJERIA;ADMIN20240300001256;CONTRATO SERVICIO DE MENSAJERÍA DFB 2025-2028;CONT220250200006859;CONTRATO SERVICIO DE MENSAJERÍA DFB 2025-2028 - enero 2025;="12";DERIV. ACUERDO MARCO;="01";INICIAL;CT12;Servicios Centralizados;116,89;116,89;
BFA;DFB;2025;009;AERO FERR NORTE SA;POSTA, TELEGRAFIKOAK,TELEXA ETA MEZULARITZA;POSTALES, TELEGRAFICAS,TELEX Y MENSAJERIA;ADMIN20240300001256;CONTRATO SERVICIO DE MENSAJERÍA DFB 2025-2028;CONT220250200007040;CONTRATO SERVICIO DE MENSAJERÍA DFB P.M. ENERO 2025;="12";DERIV. ACUERDO MARCO;="01";INICIAL;CT12;Servicios Centralizados;359,85;359,85;
BFA;DFB;2025;009;AERO FERR NORTE SA;POSTA, TELEGRAFIKOAK,TELEXA ETA MEZULARITZA;POSTALES, TELEGRAFICAS,TELEX Y MENSAJERIA;ADMIN20240300001256;CONTRATO SERVICIO DE MENSAJERÍA DFB 2025-2028;CONT220250200008492;CONTRATO SERVICIO DE MENSAJERÍA-febrero 2025;="12";DERIV. ACUERDO MARCO;="01";INICIAL;CT12;Servicios Centralizados;222,52;222,52;
BFA;DFB;2025;009;AERO FERR NORTE SA;POSTA, TELEGRAFIKOAK,TELEXA ETA MEZULARITZA;POSTALES, TELEGRAFICAS,TELEX Y MENSAJERIA;ADMIN20240300001256;CONTRATO SERVICIO DE MENSAJERÍA DFB 2025-2028;CONT220250200008550;CONTRATO SERVICIO DE MENSAJERÍA DFB 2025-2028 (febrero 2025);="12";DERIV. ACUERDO MARCO;="01";INICIAL;CT12;Servicios Centralizados;612,05;612,05;
BFA;DFB;2025;009;AERO FERR NORTE SA;POSTA, TELEGRAFIKOAK,TELEXA ETA MEZULARITZA;POSTALES, TELEGRAFICAS,TELEX Y MENSAJERIA;ADMIN20240300001256;CONTRATO SERVICIO DE MENSAJERÍA DFB 2025-2028;CONT220250200010398;Barrado de la Obligación por Reintegro;="12";DERIV. ACUERDO MARCO;="01";INICIAL;CT12;Servicios Centralizados;-25,29;-25,29;
BFA;DFB;2025;009;AERO FERR NORTE SA;POSTA, TELEGRAFIKOAK,TELEXA ETA MEZULARITZA;POSTALES, TELEGRAFICAS,TELEX Y MENSAJERIA;ADMIN20240300001256;CONTRATO SERVICIO DE MENSAJERÍA DFB 2025-2028;CONT220250200011589;CONTRATO SERVICIO DE MENSAJERÍA DFB 2025-2028-MARZO 2025;="12";DERIV. ACUERDO MARCO;="01";INICIAL;CT12;Servicios Centralizados;472,57;472,57;
BFA;DFB;2025;009;AERO FERR NORTE SA;POSTA, TELEGRAFIKOAK,TELEXA ETA MEZULARITZA;POSTALES, TELEGRAFICAS,TELEX Y MENSAJERIA;ADMIN20240300001256;CONTRATO SERVICIO DE MENSAJERÍA DFB 2025-2028;CONT220250200015876;CONTRATO SERVICIO DE MENSAJERÍA DFB 2025-2028-abril 2025;="12";DERIV. ACUERDO MARCO;="01";INICIAL;CT12;Servicios Centralizados;619,28;619,28;
BFA;DFB;2025;009;AERO FERR NORTE SA;POSTA, TELEGRAFIKOAK,TELEXA ETA MEZULARITZA;POSTALES, TELEGRAFICAS,TELEX Y MENSAJERIA;ADMIN20240300001256;CONTRATO SERVICIO DE MENSAJERÍA DFB 2025-2028;CONT220250200020418;CONTRATO SERVICIO DE MENSAJERÍA DFB 2025-2028 - MAYO 2025;="12";DERIV. ACUERDO MARCO;="01";INICIAL;CT12;Servicios Centralizados;337,89;337,89;
BFA;DFB;2025;009;AERO FERR NORTE SA;POSTA, TELEGRAFIKOAK,TELEXA ETA MEZULARITZA;POSTALES, TELEGRAFICAS,TELEX Y MENSAJERIA;ADMIN20240300001256;CONTRATO SERVICIO DE MENSAJERÍA DFB 2025-2028;CONT220250200020831;CONTRATO SERVICIO DE MENSAJERÍA DFB 2025-2028-MAYO 2025;="12";DERIV. ACUERDO MARCO;="01";INICIAL;CT12;Servicios Centralizados;239,34;239,34;
BFA;DFB;2025;009;AERO FERR NORTE SA;POSTA, TELEGRAFIKOAK,TELEXA ETA MEZULARITZA;POSTALES, TELEGRAFICAS,TELEX Y MENSAJERIA;ADMIN20240300001256;CONTRATO SERVICIO DE MENSAJERÍA DFB 2025-2028;CONT220250200025853;CONTRATO SERVICIO DE MENSAJERÍA DFB 2025-2028-JUNIO 2025;="12";DERIV. ACUERDO MARCO;="01";INICIAL;CT12;Servicios Centralizados;756,43;756,43;
BFA;DFB;2025;009;AERO FERR NORTE SA;POSTA, TELEGRAFIKOAK,TELEXA ETA MEZULARITZA;POSTALES, TELEGRAFICAS,TELEX Y MENSAJERIA;ADMIN20240300001256;CONTRATO SERVICIO DE MENSAJERÍA DFB 2025-2028;CONT220250200029501; 'A ' CONTRATO SERVICIO DE MENSAJERÍA DFB 2025-2028-JULIO 20;="12";DERIV. ACUERDO MARCO;="01";INICIAL;CT12;Servicios Centralizados;426,34;426,34;
BFA;DFB;2025;009;AERO FERR NORTE SA;POSTA, TELEGRAFIKOAK,TELEXA ETA MEZULARITZA;POSTALES, TELEGRAFICAS,TELEX Y MENSAJERIA;ADMIN20240300001256;CONTRATO SERVICIO DE MENSAJERÍA DFB 2025-2028;CONT220250200029957;CONTRATO SERVICIO DE MENSAJERÍA DFB 2025-2028- julio 2025;="12";DERIV. ACUERDO MARCO;="01";INICIAL;CT12;Servicios Centralizados;1599,36;1599,36;
BFA;DFB;2025;009;AERO FERR NORTE SA;POSTA, TELEGRAFIKOAK,TELEXA ETA MEZULARITZA;POSTALES, TELEGRAFICAS,TELEX Y MENSAJERIA;ADMIN20240300001256;CONTRATO SERVICIO DE MENSAJERÍA DFB 2025-2028;CONT220250200031958; CONTRATO SERVICIO DE MENSAJERÍA DFB 2025-2028 - agosto 2025;="12";DERIV. ACUERDO MARCO;="01";INICIAL;CT12;Servicios Centralizados;58,08;58,08;
BFA;DFB;2025;009;AERO FERR NORTE SA;POSTA, TELEGRAFIKOAK,TELEXA ETA MEZULARITZA;POSTALES, TELEGRAFICAS,TELEX Y MENSAJERIA;ADMIN20240300001256;CONTRATO SERVICIO DE MENSAJERÍA DFB 2025-2028;CONT220250200032272;CONTRATO SERVICIO DE MENSAJERÍA DFB 2025-2028- agosto 2025;="12";DERIV. ACUERDO MARCO;="01";INICIAL;CT12;Servicios Centralizados;92,69;92,69;
BFA;DFB;2025;009;AERO FERR NORTE SA;POSTA, TELEGRAFIKOAK,TELEXA ETA MEZULARITZA;POSTALES, TELEGRAFICAS,TELEX Y MENSAJERIA;ADMIN20240300001258;SGCC (25/28) C.CENTRALIZADO MENSAJERIA;CONT220250200004033;SGCC-2025/02/17-CC MENSAJERIA 2025-2028;="12";DERIV. ACUERDO MARCO;="01";INICIAL;CT12;Servicios Centralizados;2560,63;2560,63;
BFA;DFB;2025;009;AERO FERR NORTE SA;POSTA, TELEGRAFIKOAK,TELEXA ETA MEZULARITZA;POSTALES, TELEGRAFICAS,TELEX Y MENSAJERIA;ADMIN20240300001258;SGCC (25/28) C.CENTRALIZADO MENSAJERIA;CONT220250200004038;SGCC-2025/02/17-CC MENSAJERIA 2025-2028;="12";DERIV. ACUERDO MARCO;="01";INICIAL;CT12;Servicios Centralizados;80,71;80,71;
BFA;DFB;2025;009;AERO FERR NORTE SA;POSTA, TELEGRAFIKOAK,TELEXA ETA MEZULARITZA;POSTALES, TELEGRAFICAS,TELEX Y MENSAJERIA;ADMIN20240300001258;SGCC (25/28) C.CENTRALIZADO MENSAJERIA;CONT220250200004710;SGCC-2025/02/24-CC MENSAJERIA 2025-2028;="12";DERIV. ACUERDO MARCO;="01";INICIAL;CT12;Servicios Centralizados;1631,75;1631,75;
BFA;DFB;2025;009;AERO FERR NORTE SA;POSTA, TELEGRAFIKOAK,TELEXA ETA MEZULARITZA;POSTALES, TELEGRAFICAS,TELEX Y MENSAJERIA;ADMIN20240300001258;SGCC (25/28) C.CENTRALIZADO MENSAJERIA;CONT220250200008352;Barrado de la Obligación por Reintegro;="12";DERIV. ACUERDO MARCO;="01";INICIAL;CT12;Servicios Centralizados;-80,71;-80,71;
BFA;DFB;2025;009;AERO FERR NORTE SA;POSTA, TELEGRAFIKOAK,TELEXA ETA MEZULARITZA;POSTALES, TELEGRAFICAS,TELEX Y MENSAJERIA;ADMIN20240300001258;SGCC (25/28) C.CENTRALIZADO MENSAJERIA;CONT220250200008354;Barrado de la Obligación por Reintegro;="12";DERIV. ACUERDO MARCO;="01";INICIAL;CT12;Servicios Centralizados;-2560,63;-2560,63;
BFA;DFB;2025;009;AERO FERR NORTE SA;POSTA, TELEGRAFIKOAK,TELEXA ETA MEZULARITZA;POSTALES, TELEGRAFICAS,TELEX Y MENSAJERIA;ADMIN20240300001258;SGCC (25/28) C.CENTRALIZADO MENSAJERIA;CONT220250200008964;SGCC-2025/03/20-CC MENSAJERIA 2025-2028;="12";DERIV. ACUERDO MARCO;="01";INICIAL;CT12;Servicios Centralizados;1540,71;1540,71;
BFA;DFB;2025;009;AERO FERR NORTE SA;POSTA, TELEGRAFIKOAK,TELEXA ETA MEZULARITZA;POSTALES, TELEGRAFICAS,TELEX Y MENSAJERIA;ADMIN20240300001258;SGCC (25/28) C.CENTRALIZADO MENSAJERIA;CONT220250200008969;SGCC-2025/03/20-CC MENSAJERIA 2025-2028;="12";DERIV. ACUERDO MARCO;="01";INICIAL;CT12;Servicios Centralizados;92,92;92,92;
BFA;DFB;2025;009;AERO FERR NORTE SA;POSTA, TELEGRAFIKOAK,TELEXA ETA MEZULARITZA;POSTALES, TELEGRAFICAS,TELEX Y MENSAJERIA;ADMIN20240300001258;SGCC (25/28) C.CENTRALIZADO MENSAJERIA;CONT220250200011886;SGCC-2025/04/16-CC MENSAJERIA 2025-2028;="12";DERIV. ACUERDO MARCO;="01";INICIAL;CT12;Servicios Centralizados;1049,22;1049,22;
BFA;DFB;2025;009;AERO FERR NORTE SA;POSTA, TELEGRAFIKOAK,TELEXA ETA MEZULARITZA;POSTALES, TELEGRAFICAS,TELEX Y MENSAJERIA;ADMIN20240300001258;SGCC (25/28) C.CENTRALIZADO MENSAJERIA;CONT220250200016479;SGCC-2025/05/22-CC MENSAJERIA 2025-2028;="12";DERIV. ACUERDO MARCO;="01";INICIAL;CT12;Servicios Centralizados;680,50;680,50;
BFA;DFB;2025;009;AERO FERR NORTE SA;POSTA, TELEGRAFIKOAK,TELEXA ETA MEZULARITZA;POSTALES, TELEGRAFICAS,TELEX Y MENSAJERIA;ADMIN20240300001258;SGCC (25/28) C.CENTRALIZADO MENSAJERIA;CONT220250200021134;SGCC-2025/06/18-CC MENSAJERIA 2025-2028;="12";DERIV. ACUERDO MARCO;="01";INICIAL;CT12;Servicios Centralizados;1058,33;1058,33;
BFA;DFB;2025;009;AERO FERR NORTE SA;POSTA, TELEGRAFIKOAK,TELEXA ETA MEZULARITZA;POSTALES, TELEGRAFICAS,TELEX Y MENSAJERIA;ADMIN20240300001258;SGCC (25/28) C.CENTRALIZADO MENSAJERIA;CONT220250200026889;SGCC-2025/07/18-CC MENSAJERIA 2025-2028;="12";DERIV. ACUERDO MARCO;="01";INICIAL;CT12;Servicios Centralizados;1523,89;1523,89;
BFA;DFB;2025;009;AERO FERR NORTE SA;POSTA, TELEGRAFIKOAK,TELEXA ETA MEZULARITZA;POSTALES, TELEGRAFICAS,TELEX Y MENSAJERIA;ADMIN20240300001258;SGCC (25/28) C.CENTRALIZADO MENSAJERIA;CONT220250200029205;SGCC-2025/08/27-CC MENSAJERIA 2025-2028;="12";DERIV. ACUERDO MARCO;="01";INICIAL;CT12;Servicios Centralizados;1329,08;1329,08;
BFA;DFB;2025;009;AERO FERR NORTE SA;POSTA, TELEGRAFIKOAK,TELEXA ETA MEZULARITZA;POSTALES, TELEGRAFICAS,TELEX Y MENSAJERIA;ADMIN20240300001258;SGCC (25/28) C.CENTRALIZADO MENSAJERIA;CONT220250200029207;SGCC-2025/08/27-CC MENSAJERIA 2025-2028;="12";DERIV. ACUERDO MARCO;="01";INICIAL;CT12;Servicios Centralizados;22,03;22,03;
BFA;DFB;2025;009;AERO FERR NORTE SA;POSTA, TELEGRAFIKOAK,TELEXA ETA MEZULARITZA;POSTALES, TELEGRAFICAS,TELEX Y MENSAJERIA;ADMIN20240300001258;SGCC (25/28) C.CENTRALIZADO MENSAJERIA;CONT220250200031628;SGCC-2025/09/17-CC MENSAJERIA 2025-2028;="12";DERIV. ACUERDO MARCO;="01";INICIAL;CT12;Servicios Centralizados;793,31;793,31;
BFA;DFB;2025;009;AERO FERR NORTE SA;POSTA, TELEGRAFIKOAK,TELEXA ETA MEZULARITZA;POSTALES, TELEGRAFICAS,TELEX Y MENSAJERIA;ADMIN20240300001262;CENTRALIZADO. MENSAJERIA 2025-2028;CONT220250200007004;(DOK) CENTRALIZADO. MENSAJERIA 2025 AERO-FERR NORTE SA;="12";DERIV. ACUERDO MARCO;="09";OTROS;CT12;Servicios Centralizados;1489,48;1489,48;
BFA;DFB;2025;009;AERO FERR NORTE SA;POSTA, TELEGRAFIKOAK,TELEXA ETA MEZULARITZA;POSTALES, TELEGRAFICAS,TELEX Y MENSAJERIA;ADMIN20240300001262;CENTRALIZADO. MENSAJERIA 2025-2028;CONT220250200009790;(DOK) CENTRALIZADO. MENSAJERIA 2025 AERO-FERR NORTE SA;="12";DERIV. ACUERDO MARCO;="01";INICIAL;CT12;Servicios Centralizados;419,33;419,33;
BFA;DFB;2025;009;AERO FERR NORTE SA;POSTA, TELEGRAFIKOAK,TELEXA ETA MEZULARITZA;POSTALES, TELEGRAFICAS,TELEX Y MENSAJERIA;ADMIN20240300001262;CENTRALIZADO. MENSAJERIA 2025-2028;CONT220250200013773;(DOK) CENTRALIZADO. MENSAJERIA 2025 AERO-FERR NORTE SA;="12";DERIV. ACUERDO MARCO;="01";INICIAL;CT12;Servicios Centralizados;717,65;717,65;
BFA;DFB;2025;009;AERO FERR NORTE SA;POSTA, TELEGRAFIKOAK,TELEXA ETA MEZULARITZA;POSTALES, TELEGRAFICAS,TELEX Y MENSAJERIA;ADMIN20240300001262;CENTRALIZADO. MENSAJERIA 2025-2028;CONT220250200020619;(DOK) CENTRALIZADO. MENSAJERIA 2025 AERO-FERR NORTE SA;="12";DERIV. ACUERDO MARCO;="01";INICIAL;CT12;Servicios Centralizados;612,26;612,26;
BFA;DFB;2025;009;AERO FERR NORTE SA;POSTA, TELEGRAFIKOAK,TELEXA ETA MEZULARITZA;POSTALES, TELEGRAFICAS,TELEX Y MENSAJERIA;ADMIN20240300001262;CENTRALIZADO. MENSAJERIA 2025-2028;CONT220250200021379;(DOK) CENTRALIZADO. MENSAJERIA 2025 AERO-FERR NORTE SA;="12";DERIV. ACUERDO MARCO;="01";INICIAL;CT12;Servicios Centralizados;450,47;450,47;
BFA;DFB;2025;009;AERO FERR NORTE SA;POSTA, TELEGRAFIKOAK,TELEXA ETA MEZULARITZA;POSTALES, TELEGRAFICAS,TELEX Y MENSAJERIA;ADMIN20240300001262;CENTRALIZADO. MENSAJERIA 2025-2028;CONT220250200027285;(DOK) CENTRALIZADO MENSAJERIA 2025 AERO-FERR NORTE SA, JUNIO;="12";DERIV. ACUERDO MARCO;="01";INICIAL;CT12;Servicios Centralizados;946,11;946,11;
BFA;DFB;2025;009;AERO FERR NORTE SA;POSTA, TELEGRAFIKOAK,TELEXA ETA MEZULARITZA;POSTALES, TELEGRAFICAS,TELEX Y MENSAJERIA;ADMIN20240300001262;CENTRALIZADO. MENSAJERIA 2025-2028;CONT220250200031458;(DOK) CENTRALIZADO. MENSAJERIA JULIO 2025;="12";DERIV. ACUERDO MARCO;="01";INICIAL;CT12;Servicios Centralizados;45,74;45,74;
BFA;DFB;2025;009;AERO FERR NORTE SA;POSTA, TELEGRAFIKOAK,TELEXA ETA MEZULARITZA;POSTALES, TELEGRAFICAS,TELEX Y MENSAJERIA;ADMIN20240300001262;CENTRALIZADO. MENSAJERIA 2025-2028;CONT220250200032583;(DOK) CENTRALIZADO. MENSAJERIA 2025 AERO-FERR NORTE SA;="12";DERIV. ACUERDO MARCO;="01";INICIAL;CT12;Servicios Centralizados;1257,25;1257,25;
BFA;DFB;2025;009;AERO FERR NORTE SA;POSTA, TELEGRAFIKOAK,TELEXA ETA MEZULARITZA;POSTALES, TELEGRAFICAS,TELEX Y MENSAJERIA;ADMIN20240300001263;SERVICIOS DE MENSAJERÍA;CONT220250200004020;AERO FERR NORTE SA. Mensajería enero;="12";DERIV. ACUERDO MARCO;="01";INICIAL;CT12;Servicios Centralizados;29,04;29,04;
BFA;DFB;2025;009;AERO FERR NORTE SA;POSTA, TELEGRAFIKOAK,TELEXA ETA MEZULARITZA;POSTALES, TELEGRAFICAS,TELEX Y MENSAJERIA;ADMIN20240300001263;SERVICIOS DE MENSAJERÍA;CONT220250200008164;DOK AERO FERR NORTE SA;="12";DERIV. ACUERDO MARCO;="01";INICIAL;CT12;Servicios Centralizados;200,01;200,01;
BFA;DFB;2025;009;AERO FERR NORTE SA;POSTA, TELEGRAFIKOAK,TELEXA ETA MEZULARITZA;POSTALES, TELEGRAFICAS,TELEX Y MENSAJERIA;ADMIN20240300001263;SERVICIOS DE MENSAJERÍA;CONT220250200008511;DOK AERO FERR NORTE SA;="12";DERIV. ACUERDO MARCO;="01";INICIAL;CT12;Servicios Centralizados;9,68;9,68;
BFA;DFB;2025;009;AERO FERR NORTE SA;POSTA, TELEGRAFIKOAK,TELEXA ETA MEZULARITZA;POSTALES, TELEGRAFICAS,TELEX Y MENSAJERIA;ADMIN20240300001263;SERVICIOS DE MENSAJERÍA;CONT220250200011870;AERO FERR NORTE SA. Mensajería marzo;="12";DERIV. ACUERDO MARCO;="01";INICIAL;CT12;Servicios Centralizados;97,21;97,21;
BFA;DFB;2025;009;AERO FERR NORTE SA;POSTA, TELEGRAFIKOAK,TELEXA ETA MEZULARITZA;POSTALES, TELEGRAFICAS,TELEX Y MENSAJERIA;ADMIN20240300001263;SERVICIOS DE MENSAJERÍA;CONT220250200012100;AERO FERR NORTE SA. Servicios mensajería;="12";DERIV. ACUERDO MARCO;="01";INICIAL;CT12;Servicios Centralizados;38,72;38,72;
BFA;DFB;2025;009;AERO FERR NORTE SA;POSTA, TELEGRAFIKOAK,TELEXA ETA MEZULARITZA;POSTALES, TELEGRAFICAS,TELEX Y MENSAJERIA;ADMIN20240300001263;SERVICIOS DE MENSAJERÍA;CONT220250200015792;DOK AERO FERR NORTE SA;="12";DERIV. ACUERDO MARCO;="01";INICIAL;CT12;Servicios Centralizados;96,80;96,80;
BFA;DFB;2025;009;AERO FERR NORTE SA;POSTA, TELEGRAFIKOAK,TELEXA ETA MEZULARITZA;POSTALES, TELEGRAFICAS,TELEX Y MENSAJERIA;ADMIN20240300001263;SERVICIOS DE MENSAJERÍA;CONT220250200020305;DOK AERO FERR NORTE SA;="12";DERIV. ACUERDO MARCO;="01";INICIAL;CT12;Servicios Centralizados;58,69;58,69;
BFA;DFB;2025;009;AERO FERR NORTE SA;POSTA, TELEGRAFIKOAK,TELEXA ETA MEZULARITZA;POSTALES, TELEGRAFICAS,TELEX Y MENSAJERIA;ADMIN20240300001263;SERVICIOS DE MENSAJERÍA;CONT220250200026003;DOK AERO FERR NORTE SA;="12";DERIV. ACUERDO MARCO;="01";INICIAL;CT12;Servicios Centralizados;55,06;55,06;
BFA;DFB;2025;009;AERO FERR NORTE SA;POSTA, TELEGRAFIKOAK,TELEXA ETA MEZULARITZA;POSTALES, TELEGRAFICAS,TELEX Y MENSAJERIA;ADMIN20240300001263;SERVICIOS DE MENSAJERÍA;CONT220250200029194;DOK AERO FERR NORTE SA;="12";DERIV. ACUERDO MARCO;="01";INICIAL;CT12;Servicios Centralizados;71,15;71,15;
BFA;DFB;2025;009;AERO FERR NORTE SA;POSTA, TELEGRAFIKOAK,TELEXA ETA MEZULARITZA;POSTALES, TELEGRAFICAS,TELEX Y MENSAJERIA;ADMIN20240300001272;SG SERVICIO MENSAJERIA 2025-2028;CONT220250200004723;SGCC-2025/02/17-CT_AERO-FERR MENSAJERIA 2025-2028;="12";DERIV. ACUERDO MARCO;="01";INICIAL;CT12;Servicios Centralizados;79,86;79,86;
BFA;DFB;2025;009;AERO FERR NORTE SA;POSTA, TELEGRAFIKOAK,TELEXA ETA MEZULARITZA;POSTALES, TELEGRAFICAS,TELEX Y MENSAJERIA;ADMIN20240300001272;SG SERVICIO MENSAJERIA 2025-2028;CONT220250200004736;SGCC-2025/02/17-CT_AERO-FERR MENSAJERIA 2025-2028;="12";DERIV. ACUERDO MARCO;="01";INICIAL;CT12;Servicios Centralizados;399,08;399,08;
BFA;DFB;2025;009;AERO FERR NORTE SA;POSTA, TELEGRAFIKOAK,TELEXA ETA MEZULARITZA;POSTALES, TELEGRAFICAS,TELEX Y MENSAJERIA;ADMIN20240300001272;SG SERVICIO MENSAJERIA 2025-2028;CONT220250200004996;SGCC-2025/02/17-CT_AERO-FERR MENSAJERIA 2025-2028;="12";DERIV. ACUERDO MARCO;="01";INICIAL;CT12;Servicios Centralizados;6,05;6,05;
BFA;DFB;2025;009;AERO FERR NORTE SA;POSTA, TELEGRAFIKOAK,TELEXA ETA MEZULARITZA;POSTALES, TELEGRAFICAS,TELEX Y MENSAJERIA;ADMIN20240300001272;SG SERVICIO MENSAJERIA 2025-2028;CONT220250200005024;SGCC-2025/02/17-CT_AERO-FERR MENSAJERIA 2025-2028;="12";DERIV. ACUERDO MARCO;="01";INICIAL;CT12;Servicios Centralizados;18,15;18,15;
BFA;DFB;2025;009;AERO FERR NORTE SA;POSTA, TELEGRAFIKOAK,TELEXA ETA MEZULARITZA;POSTALES, TELEGRAFICAS,TELEX Y MENSAJERIA;ADMIN20240300001272;SG SERVICIO MENSAJERIA 2025-2028;CONT220250200008552;SGCC-2025/03/20-CT_AERO-FERR MENSAJERIA 2025-2028;="12";DERIV. ACUERDO MARCO;="01";INICIAL;CT12;Servicios Centralizados;93,78;93,78;
BFA;DFB;2025;009;AERO FERR NORTE SA;POSTA, TELEGRAFIKOAK,TELEXA ETA MEZULARITZA;POSTALES, TELEGRAFICAS,TELEX Y MENSAJERIA;ADMIN20240300001272;SG SERVICIO MENSAJERIA 2025-2028;CONT220250200010527;SGCC-2025/04/04-CT_AERO-FERR MENSAJERIA 2025-2028;="12";DERIV. ACUERDO MARCO;="01";INICIAL;CT12;Servicios Centralizados;90,75;90,75;
BFA;DFB;2025;009;AERO FERR NORTE SA;POSTA, TELEGRAFIKOAK,TELEXA ETA MEZULARITZA;POSTALES, TELEGRAFICAS,TELEX Y MENSAJERIA;ADMIN20240300001272;SG SERVICIO MENSAJERIA 2025-2028;CONT220250200012157;SGCC-2025/04/16-CT_AERO-FERR MENSAJERIA 2025-2028;="12";DERIV. ACUERDO MARCO;="01";INICIAL;CT12;Servicios Centralizados;232,56;232,56;
BFA;DFB;2025;009;AERO FERR NORTE SA;POSTA, TELEGRAFIKOAK,TELEXA ETA MEZULARITZA;POSTALES, TELEGRAFICAS,TELEX Y MENSAJERIA;ADMIN20240300001272;SG SERVICIO MENSAJERIA 2025-2028;CONT220250200012159;SGCC-2025/04/16-CT_AERO-FERR MENSAJERIA 2025-2028;="12";DERIV. ACUERDO MARCO;="01";INICIAL;CT12;Servicios Centralizados;129,77;129,77;
BFA;DFB;2025;009;AERO FERR NORTE SA;POSTA, TELEGRAFIKOAK,TELEXA ETA MEZULARITZA;POSTALES, TELEGRAFICAS,TELEX Y MENSAJERIA;ADMIN20240300001272;SG SERVICIO MENSAJERIA 2025-2028;CONT220250200016180;SGCC-2025/05/22-CT_AERO-FERR MENSAJERIA 2025-2028;="12";DERIV. ACUERDO MARCO;="01";INICIAL;CT12;Servicios Centralizados;38,72;38,72;
BFA;DFB;2025;009;AERO FERR NORTE SA;POSTA, TELEGRAFIKOAK,TELEXA ETA MEZULARITZA;POSTALES, TELEGRAFICAS,TELEX Y MENSAJERIA;ADMIN20240300001272;SG SERVICIO MENSAJERIA 2025-2028;CONT220250200016181;SGCC-2025/05/22-CT_AERO-FERR MENSAJERIA 2025-2028;="12";DERIV. ACUERDO MARCO;="01";INICIAL;CT12;Servicios Centralizados;52,03;52,03;
BFA;DFB;2025;009;AERO FERR NORTE SA;POSTA, TELEGRAFIKOAK,TELEXA ETA MEZULARITZA;POSTALES, TELEGRAFICAS,TELEX Y MENSAJERIA;ADMIN20240300001272;SG SERVICIO MENSAJERIA 2025-2028;CONT220250200024303;SGCC-2025/06/18-CT_AERO-FERR MENSAJERIA 2025-2028;="12";DERIV. ACUERDO MARCO;="01";INICIAL;CT12;Servicios Centralizados;217,07;217,07;
BFA;DFB;2025;009;AERO FERR NORTE SA;POSTA, TELEGRAFIKOAK,TELEXA ETA MEZULARITZA;POSTALES, TELEGRAFICAS,TELEX Y MENSAJERIA;ADMIN20240300001272;SG SERVICIO MENSAJERIA 2025-2028;CONT220250200024307;SGCC-2025/06/02-CT_AERO-FERR MENSAJERIA 2025-2028;="12";DERIV. ACUERDO MARCO;="01";INICIAL;CT12;Servicios Centralizados;78,05;78,05;
BFA;DFB;2025;009;AERO FERR NORTE SA;POSTA, TELEGRAFIKOAK,TELEXA ETA MEZULARITZA;POSTALES, TELEGRAFICAS,TELEX Y MENSAJERIA;ADMIN20240300001272;SG SERVICIO MENSAJERIA 2025-2028;CONT220250200027306;SGCC-2025/07/18-CT_AERO-FERR MENSAJERIA 2025-2028;="12";DERIV. ACUERDO MARCO;="01";INICIAL;CT12;Servicios Centralizados;45,38;45,38;
BFA;DFB;2025;009;AERO FERR NORTE SA;POSTA, TELEGRAFIKOAK,TELEXA ETA MEZULARITZA;POSTALES, TELEGRAFICAS,TELEX Y MENSAJERIA;ADMIN20240300001272;SG SERVICIO MENSAJERIA 2025-2028;CONT220250200027309;SGCC-2025/07/18-CT_AERO-FERR MENSAJERIA 2025-2028;="12";DERIV. ACUERDO MARCO;="01";INICIAL;CT12;Servicios Centralizados;139,21;139,21;
BFA;DFB;2025;009;AERO FERR NORTE SA;POSTA, TELEGRAFIKOAK,TELEXA ETA MEZULARITZA;POSTALES, TELEGRAFICAS,TELEX Y MENSAJERIA;ADMIN20240300001272;SG SERVICIO MENSAJERIA 2025-2028;CONT220250200030976;SGCC-2025/08/27-CT_AERO-FERR MENSAJERIA 2025-2028;="12";DERIV. ACUERDO MARCO;="01";INICIAL;CT12;Servicios Centralizados;26,02;26,02;
BFA;DFB;2025;009;AERO FERR NORTE SA;POSTA, TELEGRAFIKOAK,TELEXA ETA MEZULARITZA;POSTALES, TELEGRAFICAS,TELEX Y MENSAJERIA;ADMIN20240300001272;SG SERVICIO MENSAJERIA 2025-2028;CONT220250200031745;SGCC-2025/09/17-CT_AERO-FERR MENSAJERIA 2025-2028;="12";DERIV. ACUERDO MARCO;="01";INICIAL;CT12;Servicios Centralizados;37,87;37,87;
BFA;DFB;2025;009;AGENCIA DE TRANSPORTES TRANSFERBI SA;KANPOKO KONTRATUAK;CONTRATOS EXTERIORES;ADMIN20200300001278;TRANSPORTE DE OBJETOS, DOCUMENT., VALIJA D.F.B. 2021-2025 (L;CONT220200200038308;TRANSPORTE DE OBJETOS, DOCUMENT., VALIJA D.F.B. 2021-2025 (L;="01";ABIERTO;="01";INICIAL;CT12;Servicios Centralizados;23380,68;0,00;
BFA;DFB;2025;009;AGENCIA DE TRANSPORTES TRANSFERBI SA;KANPOKO KONTRATUAK;CONTRATOS EXTERIORES;ADMIN20200300001278;TRANSPORTE DE OBJETOS, DOCUMENT., VALIJA D.F.B. 2021-2025 (L;CONT220250200000836;TRANSPORTE DE OBJETOS, DOCUMENT., VALIJA (LOTE 3 - VALIJA).;="01";ABIERTO;="01";INICIAL;CT12;Servicios Centralizados;0,00;1948,38;
BFA;DFB;2025;009;AGENCIA DE TRANSPORTES TRANSFERBI SA;KANPOKO KONTRATUAK;CONTRATOS EXTERIORES;ADMIN20200300001278;TRANSPORTE DE OBJETOS, DOCUMENT., VALIJA D.F.B. 2021-2025 (L;CONT220250200005347;SERVICIO VALIJAS SIAC Y REGISTROS. Febrero 2025;="01";ABIERTO;="01";INICIAL;CT12;Servicios Centralizados;0,00;1948,38;
BFA;DFB;2025;009;AGENCIA DE TRANSPORTES TRANSFERBI SA;KANPOKO KONTRATUAK;CONTRATOS EXTERIORES;ADMIN20200300001278;TRANSPORTE DE OBJETOS, DOCUMENT., VALIJA D.F.B. 2021-2025 (L;CONT220250200010192;SERVICIO VALIJAS SIAC Y REGISTROS - Marzo 2025;="01";ABIERTO;="01";INICIAL;CT12;Servicios Centralizados;0,00;1948,38;
BFA;DFB;2025;009;AGENCIA DE TRANSPORTES TRANSFERBI SA;KANPOKO KONTRATUAK;CONTRATOS EXTERIORES;ADMIN20200300001278;TRANSPORTE DE OBJETOS, DOCUMENT., VALIJA D.F.B. 2021-2025 (L;CONT220250200012627;SERVICIO VALIJAS SIAC Y REGISTROS - Abril 2025;="01";ABIERTO;="01";INICIAL;CT12;Servicios Centralizados;0,00;1948,38;
BFA;DFB;2025;009;AGENCIA DE TRANSPORTES TRANSFERBI SA;KANPOKO KONTRATUAK;CONTRATOS EXTERIORES;ADMIN20200300001278;TRANSPORTE DE OBJETOS, DOCUMENT., VALIJA D.F.B. 2021-2025 (L;CONT220250200016583;SERVICIO VALIJAS SIAC Y REGISTROS Mayo 2025;="01";ABIERTO;="01";INICIAL;CT12;Servicios Centralizados;0,00;1948,38;
BFA;DFB;2025;009;AGENCIA DE TRANSPORTES TRANSFERBI SA;KANPOKO KONTRATUAK;CONTRATOS EXTERIORES;ADMIN20200300001278;TRANSPORTE DE OBJETOS, DOCUMENT., VALIJA D.F.B. 2021-2025 (L;CONT220250200021561;VALIJAS SIAC JUNIO 2025;="01";ABIERTO;="01";INICIAL;CT12;Servicios Centralizados;0,00;1948,38;
BFA;DFB;2025;009;AGENCIA DE TRANSPORTES TRANSFERBI SA;KANPOKO KONTRATUAK;CONTRATOS EXTERIORES;ADMIN20200300001278;TRANSPORTE DE OBJETOS, DOCUMENT., VALIJA D.F.B. 2021-2025 (L;CONT220250200026570;VALIJAS SIAC JULIO 2025;="01";ABIERTO;="01";INICIAL;CT12;Servicios Centralizados;0,00;1948,38;
BFA;DFB;2025;009;AGENCIA DE TRANSPORTES TRANSFERBI SA;KANPOKO KONTRATUAK;CONTRATOS EXTERIORES;ADMIN20200300001278;TRANSPORTE DE OBJETOS, DOCUMENT., VALIJA D.F.B. 2021-2025 (L;CONT220250200029524;VALIJAS SIAC AGOSTO 2025;="01";ABIERTO;="01";INICIAL;CT12;Servicios Centralizados;0,00;1948,38;
BFA;DFB;2025;009;AGENCIA DE TRANSPORTES TRANSFERBI SA;KANPOKO KONTRATUAK;CONTRATOS EXTERIORES;ADMIN20200300001278;TRANSPORTE DE OBJETOS, DOCUMENT., VALIJA D.F.B. 2021-2025 (L;CONT220250200032758;VALIJAS SIAC SEPTIEMBRE 2025;="01";ABIERTO;="01";INICIAL;CT12;Servicios Centralizados;0,00;1948,38;
BFA;DFB;2025;009;AGINTZARI S COOP DE INICIATIVA SOCIAL;AZTERLANAK ETA LAN TEKNIKOAK;ESTUDIOS Y TRABAJOS TECNICOS;ADMIN20200300001411;IJCM (21/22) PAAB PROGR. APOYO ADOPCION BIZKAIA;CONT220200200046700;IJCM (D 21/23) PAAB PROGR. APOYO ADOPCION BIZKAIA;="01";ABIERTO;="01";INICIAL;CT02;Contrato servicios;57365,00;0,00;
BFA;DFB;2025;009;AGINTZARI S COOP DE INICIATIVA SOCIAL;AZTERLANAK ETA LAN TEKNIKOAK;ESTUDIOS Y TRABAJOS TECNICOS;ADMIN20200300001411;IJCM (21/22) PAAB PROGR. APOYO ADOPCION BIZKAIA;CONT220250200000488;IJCM (D+ 25 PRO) PAAB PROGR. APOYO ADOPCION BIZKAIA;="01";ABIERTO;="01";INICIAL;CT02;Contrato servicios;57365,00;0,00;
BFA;DFB;2025;009;AGINTZARI S COOP DE INICIATIVA SOCIAL;AZTERLANAK ETA LAN TEKNIKOAK;ESTUDIOS Y TRABAJOS TECNICOS;ADMIN20200300001411;IJCM (21/22) PAAB PROGR. APOYO ADOPCION BIZKAIA;CONT220250200000785;IJCM-2025/01/31-CT AGINTZARI PROG.  APOYO ADOPCION;="01";ABIERTO;="01";INICIAL;CT02;Contrato servicios;0,00;28682,50;
BFA;DFB;2025;009;AGINTZARI S COOP DE INICIATIVA SOCIAL;AZTERLANAK ETA LAN TEKNIKOAK;ESTUDIOS Y TRABAJOS TECNICOS;ADMIN20200300001411;IJCM (21/22) PAAB PROGR. APOYO ADOPCION BIZKAIA;CONT220250200005435;IJCM-2025/02/28-CT AGINTZARI PROG.  APOYO ADOPCION;="01";ABIERTO;="01";INICIAL;CT02;Contrato servicios;0,00;28682,50;
BFA;DFB;2025;009;AGINTZARI S COOP DE INICIATIVA SOCIAL;AZTERLANAK ETA LAN TEKNIKOAK;ESTUDIOS Y TRABAJOS TECNICOS;ADMIN20200300001411;IJCM (21/22) PAAB PROGR. APOYO ADOPCION BIZKAIA;CONT220250200009495;IJCM-2025/03/31-CT AGINTZARI PROG.  APOYO ADOPCION;="01";ABIERTO;="01";INICIAL;CT02;Contrato servicios;0,00;28682,50;
BFA;DFB;2025;009;AGINTZARI S COOP DE INICIATIVA SOCIAL;AZTERLANAK ETA LAN TEKNIKOAK;ESTUDIOS Y TRABAJOS TECNICOS;ADMIN20200300001411;IJCM (21/22) PAAB PROGR. APOYO ADOPCION BIZKAIA;CONT220250200011889;IJCM (D- 25 RASP) PAAB PROGR. APOYO ADOPCION BIZKAIA;="01";ABIERTO;="09";OTROS;CT02;Contrato servicios;-21033,83;0,00;
BFA;DFB;2025;009;AGINTZARI S COOP DE INICIATIVA SOCIAL;AZTERLANAK ETA LAN TEKNIKOAK;ESTUDIOS Y TRABAJOS TECNICOS;ADMIN20200300001411;IJCM (21/22) PAAB PROGR. APOYO ADOPCION BIZKAIA;CONT220250200012236;IJCM-2025/04/29-CT P.  APOYO ADOPCION BIZKAIA (1 M;="01";ABIERTO;="01";INICIAL;CT02;Contrato servicios;0,00;7648,67;
BFA;DFB;2025;009;AGINTZARI S COOP DE INICIATIVA SOCIAL;AZTERLANAK ETA LAN TEKNIKOAK;ESTUDIOS Y TRABAJOS TECNICOS;ADMIN20210300001129;IJCM (22/24) SEIP PROGRAMA ESPECIALIZADO EN ABUSO SEXUAL INF;CONT220250200003252;IJCM-2025/02/04-CT AGINTZARI ATENC.  PSICOL.ABUSO;="01";ABIERTO;="01";INICIAL;CT02;Contrato servicios;31322,25;31322,25;
BFA;DFB;2025;009;AGINTZARI S COOP DE INICIATIVA SOCIAL;AZTERLANAK ETA LAN TEKNIKOAK;ESTUDIOS Y TRABAJOS TECNICOS;ADMIN20210300001129;IJCM (22/24) SEIP PROGRAMA ESPECIALIZADO EN ABUSO SEXUAL INF;CONT220250200007424;IJCM-2025/03/05-CT AGINTZARI ATENC.  PSICOL.ABUSO;="01";ABIERTO;="01";INICIAL;CT02;Contrato servicios;34722,75;34722,75;
BFA;DFB;2025;009;AGINTZARI S COOP DE INICIATIVA SOCIAL;AZTERLANAK ETA LAN TEKNIKOAK;ESTUDIOS Y TRABAJOS TECNICOS;ADMIN20210300001129;IJCM (22/24) SEIP PROGRAMA ESPECIALIZADO EN ABUSO SEXUAL INF;CONT220250200011150;IJCM-2025/04/04-CT AGINTZARI ATENC.  PSICOL.ABUSO;="01";ABIERTO;="01";INICIAL;CT02;Contrato servicios;35783,25;35783,25;
BFA;DFB;2025;009;AGINTZARI S COOP DE INICIATIVA SOCIAL;AZTERLANAK ETA LAN TEKNIKOAK;ESTUDIOS Y TRABAJOS TECNICOS;ADMIN20210300001129;IJCM (22/24) SEIP PROGRAMA ESPECIALIZADO EN ABUSO SEXUAL INF;CONT220250200013155;IJCM-2025/05/05-CT AGINTZARI ATENC.  PSICOL.ABUSO;="01";ABIERTO;="01";INICIAL;CT02;Contrato servicios;25776,50;25776,50;
BFA;DFB;2025;009;AGINTZARI S COOP DE INICIATIVA SOCIAL;AZTERLANAK ETA LAN TEKNIKOAK;ESTUDIOS Y TRABAJOS TECNICOS;ADMIN20210300001129;IJCM (22/24) SEIP PROGRAMA ESPECIALIZADO EN ABUSO SEXUAL INF;CONT220250200019828;IJCM-2025/06/05-CT AGINTZARI ATENC.  PSICOL.ABUSO;="01";ABIERTO;="01";INICIAL;CT02;Contrato servicios;34257,75;34257,75;
BFA;DFB;2025;009;AGINTZARI S COOP DE INICIATIVA SOCIAL;AZTERLANAK ETA LAN TEKNIKOAK;ESTUDIOS Y TRABAJOS TECNICOS;ADMIN20210300001129;IJCM (22/24) SEIP PROGRAMA ESPECIALIZADO EN ABUSO SEXUAL INF;CONT220250200022512;IJCM-2025/07/03-CT AGINTZARI ATENC.  PSICOL.ABUSO;="01";ABIERTO;="01";INICIAL;CT02;Contrato servicios;34230,75;34230,75;
BFA;DFB;2025;009;AGINTZARI S COOP DE INICIATIVA SOCIAL;AZTERLANAK ETA LAN TEKNIKOAK;ESTUDIOS Y TRABAJOS TECNICOS;ADMIN20210300001129;IJCM (22/24) SEIP PROGRAMA ESPECIALIZADO EN ABUSO SEXUAL INF;CONT220250200027892;IJCM-2025/08/05-CT AGINTZARI ATENC.  PSICOL.ABUSO;="01";ABIERTO;="01";INICIAL;CT02;Contrato servicios;21021,75;21021,75;
BFA;DFB;2025;009;AGINTZARI S COOP DE INICIATIVA SOCIAL;AZTERLANAK ETA LAN TEKNIKOAK;ESTUDIOS Y TRABAJOS TECNICOS;ADMIN20210300001129;IJCM (22/24) SEIP PROGRAMA ESPECIALIZADO EN ABUSO SEXUAL INF;CONT220250200030134;IJCM-2025/09/02-CT AGINTZARI ATENC.  PSICOL.ABUSO;="01";ABIERTO;="01";INICIAL;CT02;Contrato servicios;8175,75;8175,75;
BFA;DFB;2025;009;AGINTZARI S COOP DE INICIATIVA SOCIAL;AZTERLANAK ETA LAN TEKNIKOAK;ESTUDIOS Y TRABAJOS TECNICOS;ADMIN20240300000889;IJCM (24/26) EPAF PROGRAMA APOYO ACOGIMIENTO FAMILIAR;CONT220240200033139;IJCM (D 24/26) EPAF PROGRAMA APOYO ACOGIMIENTO FAMILIAR;="01";ABIERTO;="01";INICIAL;CT02;Contrato servicios;1276500,00;0,00;
BFA;DFB;2025;009;AGINTZARI S COOP DE INICIATIVA SOCIAL;AZTERLANAK ETA LAN TEKNIKOAK;ESTUDIOS Y TRABAJOS TECNICOS;ADMIN20240300000889;IJCM (24/26) EPAF PROGRAMA APOYO ACOGIMIENTO FAMILIAR;CONT220250200000784;IJCM-2025/01/31-CT AGINTZARI SCOOP NOV 24/NOV 26 A;="01";ABIERTO;="01";INICIAL;CT02;Contrato servicios;0,00;106375,00;
BFA;DFB;2025;009;AGINTZARI S COOP DE INICIATIVA SOCIAL;AZTERLANAK ETA LAN TEKNIKOAK;ESTUDIOS Y TRABAJOS TECNICOS;ADMIN20240300000889;IJCM (24/26) EPAF PROGRAMA APOYO ACOGIMIENTO FAMILIAR;CONT220250200005434;IJCM-2025/02/28-CT AGINTZARI SCOOP NOV 24/NOV 26 A;="01";ABIERTO;="01";INICIAL;CT02;Contrato servicios;0,00;106375,00;
BFA;DFB;2025;009;AGINTZARI S COOP DE INICIATIVA SOCIAL;AZTERLANAK ETA LAN TEKNIKOAK;ESTUDIOS Y TRABAJOS TECNICOS;ADMIN20240300000889;IJCM (24/26) EPAF PROGRAMA APOYO ACOGIMIENTO FAMILIAR;CONT220250200009492;IJCM-2025/03/31-CT AGINTZARI SCOOP NOV 24/NOV 26 A;="01";ABIERTO;="01";INICIAL;CT02;Contrato servicios;0,00;106375,00;
BFA;DFB;2025;009;AGINTZARI S COOP DE INICIATIVA SOCIAL;AZTERLANAK ETA LAN TEKNIKOAK;ESTUDIOS Y TRABAJOS TECNICOS;ADMIN20240300000889;IJCM (24/26) EPAF PROGRAMA APOYO ACOGIMIENTO FAMILIAR;CONT220250200013137;IJCM-2025/04/30-CT AGINTZARI SCOOP NOV 24/NOV 26 A;="01";ABIERTO;="01";INICIAL;CT02;Contrato servicios;0,00;106375,00;
BFA;DFB;2025;009;AGINTZARI S COOP DE INICIATIVA SOCIAL;AZTERLANAK ETA LAN TEKNIKOAK;ESTUDIOS Y TRABAJOS TECNICOS;ADMIN20240300000889;IJCM (24/26) EPAF PROGRAMA APOYO ACOGIMIENTO FAMILIAR;CONT220250200016813;IJCM-2025/06/02-CT AGINTZARI SCOOP NOV 24/NOV 26 A;="01";ABIERTO;="01";INICIAL;CT02;Contrato servicios;0,00;106375,00;
BFA;DFB;2025;009;AGINTZARI S COOP DE INICIATIVA SOCIAL;AZTERLANAK ETA LAN TEKNIKOAK;ESTUDIOS Y TRABAJOS TECNICOS;ADMIN20240300000889;IJCM (24/26) EPAF PROGRAMA APOYO ACOGIMIENTO FAMILIAR;CONT220250200021752;IJCM-2025/06/30-CT AGINTZARI SCOOP NOV 24/NOV 26 A;="01";ABIERTO;="01";INICIAL;CT02;Contrato servicios;0,00;106375,00;
BFA;DFB;2025;009;AGINTZARI S COOP DE INICIATIVA SOCIAL;AZTERLANAK ETA LAN TEKNIKOAK;ESTUDIOS Y TRABAJOS TECNICOS;ADMIN20240300000889;IJCM (24/26) EPAF PROGRAMA APOYO ACOGIMIENTO FAMILIAR;CONT220250200027887;IJCM-2025/08/04-CT AGINTZARI SCOOP NOV 24/NOV 26 A;="01";ABIERTO;="01";INICIAL;CT02;Contrato servicios;0,00;106375,00;
BFA;DFB;2025;009;AGINTZARI S COOP DE INICIATIVA SOCIAL;AZTERLANAK ETA LAN TEKNIKOAK;ESTUDIOS Y TRABAJOS TECNICOS;ADMIN20240300000889;IJCM (24/26) EPAF PROGRAMA APOYO ACOGIMIENTO FAMILIAR;CONT220250200030131;IJCM-2025/09/01-CT AGINTZARI SCOOP NOV 24/NOV 26 A;="01";ABIERTO;="01";INICIAL;CT02;Contrato servicios;0,00;106375,00;
BFA;DFB;2025;009;AGINTZARI S COOP DE INICIATIVA SOCIAL;AZTERLANAK ETA LAN TEKNIKOAK;ESTUDIOS Y TRABAJOS TECNICOS;ADMIN20240300001327;IJCM (25/26/27) PAAB PROGRAMA APOYO A LA ADOPCION EN BIZKAIA;CONT220250200003791;IJCM (D 25/26/27) PAAB PROGRAMA APOYO A LA ADOPCION EN BIZKA;="01";ABIERTO;="01";INICIAL;CT02;Contrato servicios;383330,00;0,00;
BFA;DFB;2025;009;AGINTZARI S COOP DE INICIATIVA SOCIAL;AZTERLANAK ETA LAN TEKNIKOAK;ESTUDIOS Y TRABAJOS TECNICOS;ADMIN20240300001327;IJCM (25/26/27) PAAB PROGRAMA APOYO A LA ADOPCION EN BIZKAIA;CONT220250200013150;IJCM-2025/04/30-CT P. APOYO ADOPCION BIZKAIA (DESD;="01";ABIERTO;="01";INICIAL;CT02;Contrato servicios;0,00;28110,87;
BFA;DFB;2025;009;AGINTZARI S COOP DE INICIATIVA SOCIAL;AZTERLANAK ETA LAN TEKNIKOAK;ESTUDIOS Y TRABAJOS TECNICOS;ADMIN20240300001327;IJCM (25/26/27) PAAB PROGRAMA APOYO A LA ADOPCION EN BIZKAIA;CONT220250200013451;IJCM (D- 25/ D+ 27 REAJ) PAAB PROGRAMA APOYO A LA ADOPCION E;="01";ABIERTO;="08";REAJUSTE ANUALIDADES;CT02;Contrato servicios;-48555,13;0,00;
BFA;DFB;2025;009;AGINTZARI S COOP DE INICIATIVA SOCIAL;AZTERLANAK ETA LAN TEKNIKOAK;ESTUDIOS Y TRABAJOS TECNICOS;ADMIN20240300001327;IJCM (25/26/27) PAAB PROGRAMA APOYO A LA ADOPCION EN BIZKAIA;CONT220250200016818;IJCM-2025/06/02-CT P. APOYO ADOPCION BIZKAIA (DESD;="01";ABIERTO;="01";INICIAL;CT02;Contrato servicios;0,00;38333,00;
BFA;DFB;2025;009;AGINTZARI S COOP DE INICIATIVA SOCIAL;AZTERLANAK ETA LAN TEKNIKOAK;ESTUDIOS Y TRABAJOS TECNICOS;ADMIN20240300001327;IJCM (25/26/27) PAAB PROGRAMA APOYO A LA ADOPCION EN BIZKAIA;CONT220250200021757;IJCM-2025/06/30-CT P. APOYO ADOPCION BIZKAIA (DESD;="01";ABIERTO;="01";INICIAL;CT02;Contrato servicios;0,00;38333,00;
BFA;DFB;2025;009;AGINTZARI S COOP DE INICIATIVA SOCIAL;AZTERLANAK ETA LAN TEKNIKOAK;ESTUDIOS Y TRABAJOS TECNICOS;ADMIN20240300001327;IJCM (25/26/27) PAAB PROGRAMA APOYO A LA ADOPCION EN BIZKAIA;CONT220250200027889;IJCM-2025/08/04-CT P. APOYO ADOPCION BIZKAIA (DESD;="01";ABIERTO;="01";INICIAL;CT02;Contrato servicios;0,00;38333,00;
BFA;DFB;2025;009;AGINTZARI S COOP DE INICIATIVA SOCIAL;AZTERLANAK ETA LAN TEKNIKOAK;ESTUDIOS Y TRABAJOS TECNICOS;ADMIN20240300001327;IJCM (25/26/27) PAAB PROGRAMA APOYO A LA ADOPCION EN BIZKAIA;CONT220250200030132;IJCM-2025/09/01-CT P. APOYO ADOPCION BIZKAIA (DESD;="01";ABIERTO;="01";INICIAL;CT02;Contrato servicios;0,00;38333,00;
BFA;DFB;2025;009;AJURIAGUERRA 3 SOCIEDAD DE GESTION URBANISTICA SLP;IKERKETAK ETA AZTERLANAK ESKURATZEA;ADQUISICIONES DE INVESTIGACIONES Y ESTUDIOS;ADMIN20230300000325;Redacción del Plan de Compatibilización Gernika-Lumo-Murueta;CONT220230200019719;D - Redacción del Plan de Compatibilización Gernika-Lumo-Mur;="01";ABIERTO;="01";INICIAL;CT02;Contrato servicios;62920,00;0,00;
BFA;DFB;2025;009;AJURIAGUERRA 3 SOCIEDAD DE GESTION URBANISTICA SLP;IKERKETAK ETA AZTERLANAK ESKURATZEA;ADQUISICIONES DE INVESTIGACIONES Y ESTUDIOS;ADMIN20230300000325;Redacción del Plan de Compatibilización Gernika-Lumo-Murueta;CONT220250200008528;D/ - Redacción del Plan de Compatibilización Gernika-Lumo (r;="01";ABIERTO;="09";OTROS;CT02;Contrato servicios;-34190,00;0,00;
BFA;DFB;2025;009;AJURIAGUERRA 3 SOCIEDAD DE GESTION URBANISTICA SLP;IKERKETAK ETA AZTERLANAK ESKURATZEA;ADQUISICIONES DE INVESTIGACIONES Y ESTUDIOS;ADMIN20230300000325;Redacción del Plan de Compatibilización Gernika-Lumo-Murueta;CONT220250200025639;OK - Redacción del Plan de Compatibilización Gernika-Lumo-Mu;="01";ABIERTO;="09";OTROS;CT02;Contrato servicios;0,00;22022,00;
BFA;DFB;2025;009;AJURIAGUERRA 3 SOCIEDAD DE GESTION URBANISTICA SLP;IKERKETAK ETA AZTERLANAK ESKURATZEA;ADQUISICIONES DE INVESTIGACIONES Y ESTUDIOS;ADMIN20230300000325;Redacción del Plan de Compatibilización Gernika-Lumo-Murueta;CONT220250200025865;ADOK -Redacción Plan Compatibilización Gernika-Lumo-Murueta;="01";ABIERTO;="01";INICIAL;CT02;Contrato servicios;6708,00;6708,00;
BFA;DFB;2025;009;ALGECO CONSTRUCCIONES MODULARES SL;HIRI-ALTZARIAK ESKURATZEA;ADQUISICIONES DE MOBILIARIO URBANO;ADMIN20240300001140;SUMINISTRO DE CONTENEDEROS PARA SERVICIOS DE PLAYAS;CONT220250200019598;(DOK) SUMINISTRO CONTENEDORES PARA SERVICIOS DE PLAYAS;="05";ABIERTO SIMPLIFICADO;="09";OTROS;CT01;Contrato suministros;33356,75;33356,75;
BFA;DFB;2025;009;ALMACENES ELECTRICOS VASCONGADOS SA;BESTE ZUZKIDURA ETA ONDASUN BATZUK;OTROS SUMINISTROS Y BIENES;ADMIN20220300001852;CONTRATO MATERIAL ELÉCTRICO, ELECTRÓNICO Y ELECTRODOMÉSTICOS;CONT220250200000623;ALVASA SA, LOTE 1 MATERIAL ELÉCTRICO AÑO 2025;="01";ABIERTO;="01";INICIAL;CT11;Suministros Centralizados;2323,80;2323,80;
BFA;DFB;2025;009;ALMACENES ELECTRICOS VASCONGADOS SA;BESTE ZUZKIDURA ETA ONDASUN BATZUK;OTROS SUMINISTROS Y BIENES;ADMIN20220300001852;CONTRATO MATERIAL ELÉCTRICO, ELECTRÓNICO Y ELECTRODOMÉSTICOS;CONT220250200000927;ALVASA SA, LOTE 1 MATERIAL ELÉCTRICO AÑO 2025;="01";ABIERTO;="01";INICIAL;CT11;Suministros Centralizados;2190,60;2190,60;
BFA;DFB;2025;009;ALMACENES ELECTRICOS VASCONGADOS SA;BESTE ZUZKIDURA ETA ONDASUN BATZUK;OTROS SUMINISTROS Y BIENES;ADMIN20220300001852;CONTRATO MATERIAL ELÉCTRICO, ELECTRÓNICO Y ELECTRODOMÉSTICOS;CONT220250200003586;ALVASA SA, LOTE 1 MATERIAL ELÉCTRICO AÑO 2025;="01";ABIERTO;="01";INICIAL;CT11;Suministros Centralizados;49,89;49,89;
BFA;DFB;2025;009;ALMACENES ELECTRICOS VASCONGADOS SA;BESTE ZUZKIDURA ETA ONDASUN BATZUK;OTROS SUMINISTROS Y BIENES;ADMIN20220300001852;CONTRATO MATERIAL ELÉCTRICO, ELECTRÓNICO Y ELECTRODOMÉSTICOS;CONT220250200004850;ALVASA SA, LOTE 1 MATERIAL ELÉCTRICO AÑO 2025;="01";ABIERTO;="01";INICIAL;CT11;Suministros Centralizados;2844,06;2844,06;
BFA;DFB;2025;009;ALMACENES ELECTRICOS VASCONGADOS SA;BESTE ZUZKIDURA ETA ONDASUN BATZUK;OTROS SUMINISTROS Y BIENES;ADMIN20220300001852;CONTRATO MATERIAL ELÉCTRICO, ELECTRÓNICO Y ELECTRODOMÉSTICOS;CONT220250200006685;AELVASA SA, LOTE 1 MATERIAL ELÉCTRICO AÑO 2025;="01";ABIERTO;="01";INICIAL;CT11;Suministros Centralizados;61,82;61,82;
BFA;DFB;2025;009;ALMACENES ELECTRICOS VASCONGADOS SA;BESTE ZUZKIDURA ETA ONDASUN BATZUK;OTROS SUMINISTROS Y BIENES;ADMIN20220300001852;CONTRATO MATERIAL ELÉCTRICO, ELECTRÓNICO Y ELECTRODOMÉSTICOS;CONT220250200006851;ALVASA SA, LOTE 1 MATERIAL ELÉCTRICO AÑO 2025;="01";ABIERTO;="01";INICIAL;CT11;Suministros Centralizados;76,54;76,54;
BFA;DFB;2025;009;ALMACENES ELECTRICOS VASCONGADOS SA;BESTE ZUZKIDURA ETA ONDASUN BATZUK;OTROS SUMINISTROS Y BIENES;ADMIN20220300001852;CONTRATO MATERIAL ELÉCTRICO, ELECTRÓNICO Y ELECTRODOMÉSTICOS;CONT220250200007000;ALVASA SA, LOTE 1 MATERIAL ELÉCTRICO AÑO 2025;="01";ABIERTO;="01";INICIAL;CT11;Suministros Centralizados;2742,85;2742,85;
BFA;DFB;2025;009;ALMACENES ELECTRICOS VASCONGADOS SA;BESTE ZUZKIDURA ETA ONDASUN BATZUK;OTROS SUMINISTROS Y BIENES;ADMIN20220300001852;CONTRATO MATERIAL ELÉCTRICO, ELECTRÓNICO Y ELECTRODOMÉSTICOS;CONT220250200007377;ALVASA SA, LOTE 1 MATERIAL ELÉCTRICO AÑO 2025;="01";ABIERTO;="01";INICIAL;CT11;Suministros Centralizados;459,69;459,69;
BFA;DFB;2025;009;ALMACENES ELECTRICOS VASCONGADOS SA;BESTE ZUZKIDURA ETA ONDASUN BATZUK;OTROS SUMINISTROS Y BIENES;ADMIN20220300001852;CONTRATO MATERIAL ELÉCTRICO, ELECTRÓNICO Y ELECTRODOMÉSTICOS;CONT220250200008782;AELVASA SA, LOTE 1 MATERIAL ELÉCTRICO AÑO 2025;="01";ABIERTO;="01";INICIAL;CT11;Suministros Centralizados;1070,97;1070,97;
BFA;DFB;2025;009;ALMACENES ELECTRICOS VASCONGADOS SA;BESTE ZUZKIDURA ETA ONDASUN BATZUK;OTROS SUMINISTROS Y BIENES;ADMIN20220300001852;CONTRATO MATERIAL ELÉCTRICO, ELECTRÓNICO Y ELECTRODOMÉSTICOS;CONT220250200008787;AELVASA SA, LOTE 1 MATERIAL ELÉCTRICO AÑO 2025;="01";ABIERTO;="01";INICIAL;CT11;Suministros Centralizados;2068,45;2068,45;
BFA;DFB;2025;009;ALMACENES ELECTRICOS VASCONGADOS SA;BESTE ZUZKIDURA ETA ONDASUN BATZUK;OTROS SUMINISTROS Y BIENES;ADMIN20220300001852;CONTRATO MATERIAL ELÉCTRICO, ELECTRÓNICO Y ELECTRODOMÉSTICOS;CONT220250200008791;AELVASA SA, LOTE 1 MATERIAL ELÉCTRICO AÑO 2025;="01";ABIERTO;="01";INICIAL;CT11;Suministros Centralizados;3525,12;3525,12;
BFA;DFB;2025;009;ALMACENES ELECTRICOS VASCONGADOS SA;BESTE ZUZKIDURA ETA ONDASUN BATZUK;OTROS SUMINISTROS Y BIENES;ADMIN20220300001852;CONTRATO MATERIAL ELÉCTRICO, ELECTRÓNICO Y ELECTRODOMÉSTICOS;CONT220250200010541;ALVASA SA, LOTE 1 MATERIAL ELÉCTRICO AÑO 2025;="01";ABIERTO;="01";INICIAL;CT11;Suministros Centralizados;4817,94;4817,94;
BFA;DFB;2025;009;ALMACENES ELECTRICOS VASCONGADOS SA;BESTE ZUZKIDURA ETA ONDASUN BATZUK;OTROS SUMINISTROS Y BIENES;ADMIN20220300001852;CONTRATO MATERIAL ELÉCTRICO, ELECTRÓNICO Y ELECTRODOMÉSTICOS;CONT220250200010542;ALVASA SA, LOTE 1 MATERIAL ELÉCTRICO AÑO 2025;="01";ABIERTO;="01";INICIAL;CT11;Suministros Centralizados;1802,37;1802,37;
BFA;DFB;2025;009;ALMACENES ELECTRICOS VASCONGADOS SA;BESTE ZUZKIDURA ETA ONDASUN BATZUK;OTROS SUMINISTROS Y BIENES;ADMIN20220300001852;CONTRATO MATERIAL ELÉCTRICO, ELECTRÓNICO Y ELECTRODOMÉSTICOS;CONT220250200010546;ALVASA SA, LOTE 1 MATERIAL ELÉCTRICO AÑO 2025;="01";ABIERTO;="01";INICIAL;CT11;Suministros Centralizados;4085,88;4085,88;
BFA;DFB;2025;009;ALMACENES ELECTRICOS VASCONGADOS SA;BESTE ZUZKIDURA ETA ONDASUN BATZUK;OTROS SUMINISTROS Y BIENES;ADMIN20220300001852;CONTRATO MATERIAL ELÉCTRICO, ELECTRÓNICO Y ELECTRODOMÉSTICOS;CONT220250200012574;ALVASA SA, LOTE 1 MATERIAL ELÉCTRICO AÑO 2025;="01";ABIERTO;="01";INICIAL;CT11;Suministros Centralizados;2833,10;2833,10;
BFA;DFB;2025;009;ALMACENES ELECTRICOS VASCONGADOS SA;BESTE ZUZKIDURA ETA ONDASUN BATZUK;OTROS SUMINISTROS Y BIENES;ADMIN20220300001852;CONTRATO MATERIAL ELÉCTRICO, ELECTRÓNICO Y ELECTRODOMÉSTICOS;CONT220250200013655;ALVASA SA, LOTE 1 MATERIAL ELÉCTRICO AÑO 2025;="01";ABIERTO;="01";INICIAL;CT11;Suministros Centralizados;50,48;50,48;
BFA;DFB;2025;009;ALMACENES ELECTRICOS VASCONGADOS SA;BESTE ZUZKIDURA ETA ONDASUN BATZUK;OTROS SUMINISTROS Y BIENES;ADMIN20220300001852;CONTRATO MATERIAL ELÉCTRICO, ELECTRÓNICO Y ELECTRODOMÉSTICOS;CONT220250200014460;ALVASA SA, LOTE 1 MATERIAL ELÉCTRICO AÑO 2025;="01";ABIERTO;="01";INICIAL;CT11;Suministros Centralizados;6867,24;6867,24;
BFA;DFB;2025;009;ALMACENES ELECTRICOS VASCONGADOS SA;BESTE ZUZKIDURA ETA ONDASUN BATZUK;OTROS SUMINISTROS Y BIENES;ADMIN20220300001852;CONTRATO MATERIAL ELÉCTRICO, ELECTRÓNICO Y ELECTRODOMÉSTICOS;CONT220250200014986;AELVASA SA, LOTE 1 MATERIAL ELÉCTRICO AÑO 2025;="01";ABIERTO;="01";INICIAL;CT11;Suministros Centralizados;7931,64;7931,64;
BFA;DFB;2025;009;ALMACENES ELECTRICOS VASCONGADOS SA;BESTE ZUZKIDURA ETA ONDASUN BATZUK;OTROS SUMINISTROS Y BIENES;ADMIN20220300001852;CONTRATO MATERIAL ELÉCTRICO, ELECTRÓNICO Y ELECTRODOMÉSTICOS;CONT220250200015462;ALVASA SA, LOTE 1 MATERIAL ELÉCTRICO AÑO 2025;="01";ABIERTO;="01";INICIAL;CT11;Suministros Centralizados;157,46;157,46;
BFA;DFB;2025;009;ALMACENES ELECTRICOS VASCONGADOS SA;BESTE ZUZKIDURA ETA ONDASUN BATZUK;OTROS SUMINISTROS Y BIENES;ADMIN20220300001852;CONTRATO MATERIAL ELÉCTRICO, ELECTRÓNICO Y ELECTRODOMÉSTICOS;CONT220250200016066;ALVASA SA, LOTE 1 MATERIAL ELÉCTRICO AÑO 2025;="01";ABIERTO;="01";INICIAL;CT11;Suministros Centralizados;3205,92;3205,92;
BFA;DFB;2025;009;ALMACENES ELECTRICOS VASCONGADOS SA;BESTE ZUZKIDURA ETA ONDASUN BATZUK;OTROS SUMINISTROS Y BIENES;ADMIN20220300001852;CONTRATO MATERIAL ELÉCTRICO, ELECTRÓNICO Y ELECTRODOMÉSTICOS;CONT220250200019346;ALVASA SA, LOTE 1 MATERIAL ELÉCTRICO AÑO 2025;="01";ABIERTO;="01";INICIAL;CT11;Suministros Centralizados;3726,04;3726,04;
BFA;DFB;2025;009;ALMACENES ELECTRICOS VASCONGADOS SA;BESTE ZUZKIDURA ETA ONDASUN BATZUK;OTROS SUMINISTROS Y BIENES;ADMIN20220300001852;CONTRATO MATERIAL ELÉCTRICO, ELECTRÓNICO Y ELECTRODOMÉSTICOS;CONT220250200019795;ALVASA SA, LOTE 1 MATERIAL ELÉCTRICO AÑO 2025;="01";ABIERTO;="01";INICIAL;CT11;Suministros Centralizados;880,59;880,59;
BFA;DFB;2025;009;ALMACENES ELECTRICOS VASCONGADOS SA;BESTE ZUZKIDURA ETA ONDASUN BATZUK;OTROS SUMINISTROS Y BIENES;ADMIN20220300001852;CONTRATO MATERIAL ELÉCTRICO, ELECTRÓNICO Y ELECTRODOMÉSTICOS;CONT220250200020260;ALVASA SA, LOTE 1 MATERIAL ELÉCTRICO AÑO 2025;="01";ABIERTO;="01";INICIAL;CT11;Suministros Centralizados;122,00;122,00;
BFA;DFB;2025;009;ALMACENES ELECTRICOS VASCONGADOS SA;BESTE ZUZKIDURA ETA ONDASUN BATZUK;OTROS SUMINISTROS Y BIENES;ADMIN20220300001852;CONTRATO MATERIAL ELÉCTRICO, ELECTRÓNICO Y ELECTRODOMÉSTICOS;CONT220250200022207;ALVASA SA, LOTE 1 MATERIAL ELÉCTRICO AÑO 2025;="01";ABIERTO;="01";INICIAL;CT11;Suministros Centralizados;46,28;46,28;
BFA;DFB;2025;009;ALMACENES ELECTRICOS VASCONGADOS SA;BESTE ZUZKIDURA ETA ONDASUN BATZUK;OTROS SUMINISTROS Y BIENES;ADMIN20220300001852;CONTRATO MATERIAL ELÉCTRICO, ELECTRÓNICO Y ELECTRODOMÉSTICOS;CONT220250200023433;ALVASA SA, LOTE 1 MATERIAL ELÉCTRICO AÑO 2025;="01";ABIERTO;="01";INICIAL;CT11;Suministros Centralizados;128,73;128,73;
BFA;DFB;2025;009;ALMACENES ELECTRICOS VASCONGADOS SA;BESTE ZUZKIDURA ETA ONDASUN BATZUK;OTROS SUMINISTROS Y BIENES;ADMIN20220300001852;CONTRATO MATERIAL ELÉCTRICO, ELECTRÓNICO Y ELECTRODOMÉSTICOS;CONT220250200025025;ALVASA SA, LOTE 1 MATERIAL ELÉCTRICO AÑO 2025;="01";ABIERTO;="01";INICIAL;CT11;Suministros Centralizados;4213,69;4213,69;
BFA;DFB;2025;009;ALMACENES ELECTRICOS VASCONGADOS SA;BESTE ZUZKIDURA ETA ONDASUN BATZUK;OTROS SUMINISTROS Y BIENES;ADMIN20220300001852;CONTRATO MATERIAL ELÉCTRICO, ELECTRÓNICO Y ELECTRODOMÉSTICOS;CONT220250200025649;AELVASA SA, LOTE 1 MATERIAL ELÉCTRICO AÑO 2025;="01";ABIERTO;="01";INICIAL;CT11;Suministros Centralizados;442,62;442,62;
BFA;DFB;2025;009;ALMACENES ELECTRICOS VASCONGADOS SA;BESTE ZUZKIDURA ETA ONDASUN BATZUK;OTROS SUMINISTROS Y BIENES;ADMIN20220300001852;CONTRATO MATERIAL ELÉCTRICO, ELECTRÓNICO Y ELECTRODOMÉSTICOS;CONT220250200025952;ALVASA SA, LOTE 1 MATERIAL ELÉCTRICO AÑO 2025;="01";ABIERTO;="01";INICIAL;CT11;Suministros Centralizados;1018,53;1018,53;
BFA;DFB;2025;009;ALMACENES ELECTRICOS VASCONGADOS SA;BESTE ZUZKIDURA ETA ONDASUN BATZUK;OTROS SUMINISTROS Y BIENES;ADMIN20220300001852;CONTRATO MATERIAL ELÉCTRICO, ELECTRÓNICO Y ELECTRODOMÉSTICOS;CONT220250200026530;ALVASA SA, LOTE 1 MATERIAL ELÉCTRICO AÑO 2025;="01";ABIERTO;="01";INICIAL;CT11;Suministros Centralizados;2503,47;2503,47;
BFA;DFB;2025;009;ALMACENES ELECTRICOS VASCONGADOS SA;BESTE ZUZKIDURA ETA ONDASUN BATZUK;OTROS SUMINISTROS Y BIENES;ADMIN20220300001852;CONTRATO MATERIAL ELÉCTRICO, ELECTRÓNICO Y ELECTRODOMÉSTICOS;CONT220250200028237;ALVASA SA, LOTE 1 MATERIAL ELÉCTRICO AÑO 2025;="01";ABIERTO;="01";INICIAL;CT11;Suministros Centralizados;3762,01;3762,01;
BFA;DFB;2025;009;ALMACENES ELECTRICOS VASCONGADOS SA;BESTE ZUZKIDURA ETA ONDASUN BATZUK;OTROS SUMINISTROS Y BIENES;ADMIN20220300001852;CONTRATO MATERIAL ELÉCTRICO, ELECTRÓNICO Y ELECTRODOMÉSTICOS;CONT220250200028778;ALVASA SA, LOTE 1 MATERIAL ELÉCTRICO AÑO 2025;="01";ABIERTO;="01";INICIAL;CT11;Suministros Centralizados;2379,11;2379,11;
BFA;DFB;2025;009;ALMACENES ELECTRICOS VASCONGADOS SA;BESTE ZUZKIDURA ETA ONDASUN BATZUK;OTROS SUMINISTROS Y BIENES;ADMIN20220300001852;CONTRATO MATERIAL ELÉCTRICO, ELECTRÓNICO Y ELECTRODOMÉSTICOS;CONT220250200030155;ALVASA SA, LOTE 1 MATERIAL ELÉCTRICO AÑO 2025;="01";ABIERTO;="01";INICIAL;CT11;Suministros Centralizados;327,91;327,91;
BFA;DFB;2025;009;ALMACENES ELECTRICOS VASCONGADOS SA;BESTE ZUZKIDURA ETA ONDASUN BATZUK;OTROS SUMINISTROS Y BIENES;ADMIN20220300001852;CONTRATO MATERIAL ELÉCTRICO, ELECTRÓNICO Y ELECTRODOMÉSTICOS;CONT220250200030321;ALVASA SA, LOTE 1 MATERIAL ELÉCTRICO AÑO 2025;="01";ABIERTO;="01";INICIAL;CT11;Suministros Centralizados;557,46;557,46;
BFA;DFB;2025;009;ALMACENES ELECTRICOS VASCONGADOS SA;BESTE ZUZKIDURA ETA ONDASUN BATZUK;OTROS SUMINISTROS Y BIENES;ADMIN20220300001852;CONTRATO MATERIAL ELÉCTRICO, ELECTRÓNICO Y ELECTRODOMÉSTICOS;CONT220250200030443;ALVASA SA, LOTE 1 MATERIAL ELÉCTRICO AÑO 2025;="01";ABIERTO;="01";INICIAL;CT11;Suministros Centralizados;3756,98;3756,98;
BFA;DFB;2025;009;ALMACENES ELECTRICOS VASCONGADOS SA;BESTE ZUZKIDURA ETA ONDASUN BATZUK;OTROS SUMINISTROS Y BIENES;ADMIN20220300001852;CONTRATO MATERIAL ELÉCTRICO, ELECTRÓNICO Y ELECTRODOMÉSTICOS;CONT220250200030537;ALVASA SA, LOTE 1 MATERIAL ELÉCTRICO AÑO 2025;="01";ABIERTO;="01";INICIAL;CT11;Suministros Centralizados;1305,81;1305,81;
BFA;DFB;2025;009;ALMACENES ELECTRICOS VASCONGADOS SA;BESTE ZUZKIDURA ETA ONDASUN BATZUK;OTROS SUMINISTROS Y BIENES;ADMIN20220300001852;CONTRATO MATERIAL ELÉCTRICO, ELECTRÓNICO Y ELECTRODOMÉSTICOS;CONT220250200030880;ALVASA SA, LOTE 1 MATERIAL ELÉCTRICO AÑO 2025;="01";ABIERTO;="01";INICIAL;CT11;Suministros Centralizados;412,01;412,01;
BFA;DFB;2025;009;ALMACENES ELECTRICOS VASCONGADOS SA;BESTE ZUZKIDURA ETA ONDASUN BATZUK;OTROS SUMINISTROS Y BIENES;ADMIN20220300001852;CONTRATO MATERIAL ELÉCTRICO, ELECTRÓNICO Y ELECTRODOMÉSTICOS;CONT220250200031962;ALVASA SA, LOTE 1 MATERIAL ELÉCTRICO AÑO 2025;="01";ABIERTO;="01";INICIAL;CT11;Suministros Centralizados;6262,09;6262,09;
BFA;DFB;2025;009;ALMACENES ELECTRICOS VASCONGADOS SA;BESTE ZUZKIDURA ETA ONDASUN BATZUK;OTROS SUMINISTROS Y BIENES;ADMIN20220300001854;CENTRALIZADO_LOTE 1 MATERIAL ELÉCTRICO 2023-2024+1+1;CONT220250200004127;(DOK) CTR. LOTE 1 MATERIAL ELÉCTRICO 2025;="12";DERIV. ACUERDO MARCO;="09";OTROS;CT11;Suministros Centralizados;318,68;318,68;
BFA;DFB;2025;009;ALMACENES ELECTRICOS VASCONGADOS SA;BESTE ZUZKIDURA ETA ONDASUN BATZUK;OTROS SUMINISTROS Y BIENES;ADMIN20220300001854;CENTRALIZADO_LOTE 1 MATERIAL ELÉCTRICO 2023-2024+1+1;CONT220250200006613;(DOK) CTR. LOTE 1 MATERIAL ELÉCTRICO 2025;="12";DERIV. ACUERDO MARCO;="09";OTROS;CT11;Suministros Centralizados;109,55;109,55;
BFA;DFB;2025;009;ALMACENES ELECTRICOS VASCONGADOS SA;BESTE ZUZKIDURA ETA ONDASUN BATZUK;OTROS SUMINISTROS Y BIENES;ADMIN20220300001854;CENTRALIZADO_LOTE 1 MATERIAL ELÉCTRICO 2023-2024+1+1;CONT220250200007904;(DOK) CENTRALIZADO LOTE 1 MATERIAL ELÉCTRICO 2025;="12";DERIV. ACUERDO MARCO;="01";INICIAL;CT11;Suministros Centralizados;13,09;13,09;
BFA;DFB;2025;009;ALMACENES ELECTRICOS VASCONGADOS SA;BESTE ZUZKIDURA ETA ONDASUN BATZUK;OTROS SUMINISTROS Y BIENES;ADMIN20220300001854;CENTRALIZADO_LOTE 1 MATERIAL ELÉCTRICO 2023-2024+1+1;CONT220250200007907;(DOK) CENTRALIZADO LOTE 1 MATERIAL ELÉCTRICO 2025;="12";DERIV. ACUERDO MARCO;="09";OTROS;CT11;Suministros Centralizados;25,93;25,93;
BFA;DFB;2025;009;ALMACENES ELECTRICOS VASCONGADOS SA;BESTE ZUZKIDURA ETA ONDASUN BATZUK;OTROS SUMINISTROS Y BIENES;ADMIN20220300001854;CENTRALIZADO_LOTE 1 MATERIAL ELÉCTRICO 2023-2024+1+1;CONT220250200009791;(DOK) CENTRALIZADO LOTE 1 MATERIAL ELÉCTRICO 2025;="12";DERIV. ACUERDO MARCO;="09";OTROS;CT11;Suministros Centralizados;219,09;219,09;
BFA;DFB;2025;009;ALMACENES ELECTRICOS VASCONGADOS SA;BESTE ZUZKIDURA ETA ONDASUN BATZUK;OTROS SUMINISTROS Y BIENES;ADMIN20220300001854;CENTRALIZADO_LOTE 1 MATERIAL ELÉCTRICO 2023-2024+1+1;CONT220250200010375;(DOK) CTR. LOTE 1 MATERIAL ELÉCTRICO 2025;="12";DERIV. ACUERDO MARCO;="09";OTROS;CT11;Suministros Centralizados;436,35;436,35;
BFA;DFB;2025;009;ALMACENES ELECTRICOS VASCONGADOS SA;BESTE ZUZKIDURA ETA ONDASUN BATZUK;OTROS SUMINISTROS Y BIENES;ADMIN20220300001854;CENTRALIZADO_LOTE 1 MATERIAL ELÉCTRICO 2023-2024+1+1;CONT220250200013152;(DOK) CENTRALIZADO LOTE 1 MATERIAL ELÉCTRICO 2025;="12";DERIV. ACUERDO MARCO;="09";OTROS;CT11;Suministros Centralizados;2076,36;2076,36;
BFA;DFB;2025;009;ALMACENES ELECTRICOS VASCONGADOS SA;BESTE ZUZKIDURA ETA ONDASUN BATZUK;OTROS SUMINISTROS Y BIENES;ADMIN20220300001854;CENTRALIZADO_LOTE 1 MATERIAL ELÉCTRICO 2023-2024+1+1;CONT220250200013787;(DOK) CENTRALIZADO LOTE 1 MATERIAL ELÉCTRICO 2025;="12";DERIV. ACUERDO MARCO;="09";OTROS;CT11;Suministros Centralizados;29,15;29,15;
BFA;DFB;2025;009;ALMACENES ELECTRICOS VASCONGADOS SA;BESTE ZUZKIDURA ETA ONDASUN BATZUK;OTROS SUMINISTROS Y BIENES;ADMIN20220300001854;CENTRALIZADO_LOTE 1 MATERIAL ELÉCTRICO 2023-2024+1+1;CONT220250200015697;(DOK) CENTRALIZADO LOTE 1 MATERIAL ELÉCTRICO 2025;="12";DERIV. ACUERDO MARCO;="09";OTROS;CT11;Suministros Centralizados;463,96;463,96;
BFA;DFB;2025;009;ALMACENES ELECTRICOS VASCONGADOS SA;BESTE ZUZKIDURA ETA ONDASUN BATZUK;OTROS SUMINISTROS Y BIENES;ADMIN20220300001854;CENTRALIZADO_LOTE 1 MATERIAL ELÉCTRICO 2023-2024+1+1;CONT220250200019786;(DOK) CENTRALIZADO LOTE 1 MATERIAL ELÉCTRICO 2025;="12";DERIV. ACUERDO MARCO;="09";OTROS;CT11;Suministros Centralizados;155,76;155,76;
BFA;DFB;2025;009;ALMACENES ELECTRICOS VASCONGADOS SA;BESTE ZUZKIDURA ETA ONDASUN BATZUK;OTROS SUMINISTROS Y BIENES;ADMIN20220300001854;CENTRALIZADO_LOTE 1 MATERIAL ELÉCTRICO 2023-2024+1+1;CONT220250200021132;(DOK) CENTRALIZADO LOTE 1 MATERIAL ELÉCTRICO 2025;="12";DERIV. ACUERDO MARCO;="09";OTROS;CT11;Suministros Centralizados;7449,66;7449,66;
BFA;DFB;2025;009;ALMACENES ELECTRICOS VASCONGADOS SA;BESTE ZUZKIDURA ETA ONDASUN BATZUK;OTROS SUMINISTROS Y BIENES;ADMIN20220300001854;CENTRALIZADO_LOTE 1 MATERIAL ELÉCTRICO 2023-2024+1+1;CONT220250200024473;(DOK) CENTRALIZADO LOTE 1 MATERIAL ELÉCTRICO 2025;="12";DERIV. ACUERDO MARCO;="09";OTROS;CT11;Suministros Centralizados;42,16;42,16;
BFA;DFB;2025;009;ALMACENES ELECTRICOS VASCONGADOS SA;BESTE ZUZKIDURA ETA ONDASUN BATZUK;OTROS SUMINISTROS Y BIENES;ADMIN20220300001854;CENTRALIZADO_LOTE 1 MATERIAL ELÉCTRICO 2023-2024+1+1;CONT220250200028840;(DOK) CENTRALIZADO LOTE 1 MATERIAL ELÉCTRICO 2025;="12";DERIV. ACUERDO MARCO;="09";OTROS;CT11;Suministros Centralizados;80,25;80,25;
BFA;DFB;2025;009;ALMACENES ELECTRICOS VASCONGADOS SA;BESTE ZUZKIDURA ETA ONDASUN BATZUK;OTROS SUMINISTROS Y BIENES;ADMIN20220300001856;A.M SUMINISTRO MAT. ELÉCTRICO, ELECTRÓNICO-ELECTRODOM.2023-2;CONT220250200003059;SUMINISTRO MATERIAL ELÉCTRICO. Enero 2025;="12";DERIV. ACUERDO MARCO;="01";INICIAL;CT11;Suministros Centralizados;182,69;182,69;
BFA;DFB;2025;009;ALMACENES ELECTRICOS VASCONGADOS SA;BESTE ZUZKIDURA ETA ONDASUN BATZUK;OTROS SUMINISTROS Y BIENES;ADMIN20220300001856;A.M SUMINISTRO MAT. ELÉCTRICO, ELECTRÓNICO-ELECTRODOM.2023-2;CONT220250200004460;A.M. SUMINISTRO MATERIAL ELÉCTRICO;="12";DERIV. ACUERDO MARCO;="01";INICIAL;CT11;Suministros Centralizados;376,61;376,61;
BFA;DFB;2025;009;ALMACENES ELECTRICOS VASCONGADOS SA;BESTE ZUZKIDURA ETA ONDASUN BATZUK;OTROS SUMINISTROS Y BIENES;ADMIN20220300001856;A.M SUMINISTRO MAT. ELÉCTRICO, ELECTRÓNICO-ELECTRODOM.2023-2;CONT220250200007220;A.M. SUMINISTRO MATERIAL ELÉCTRICO 23-24 LOTE 1;="12";DERIV. ACUERDO MARCO;="01";INICIAL;CT11;Suministros Centralizados;1397,36;1397,36;
BFA;DFB;2025;009;ALMACENES ELECTRICOS VASCONGADOS SA;BESTE ZUZKIDURA ETA ONDASUN BATZUK;OTROS SUMINISTROS Y BIENES;ADMIN20220300001856;A.M SUMINISTRO MAT. ELÉCTRICO, ELECTRÓNICO-ELECTRODOM.2023-2;CONT220250200011669;A.M. SUMINISTRO MATERIAL ELÉCTRICO 23-24 LOTE 1;="12";DERIV. ACUERDO MARCO;="01";INICIAL;CT11;Suministros Centralizados;19,69;19,69;
BFA;DFB;2025;009;ALMACENES ELECTRICOS VASCONGADOS SA;BESTE ZUZKIDURA ETA ONDASUN BATZUK;OTROS SUMINISTROS Y BIENES;ADMIN20220300001856;A.M SUMINISTRO MAT. ELÉCTRICO, ELECTRÓNICO-ELECTRODOM.2023-2;CONT220250200013468;A.M. SUMINISTRO MATERIAL ELÉCTRICO 23-24 LOTE 1.;="12";DERIV. ACUERDO MARCO;="01";INICIAL;CT11;Suministros Centralizados;1108,71;1108,71;
BFA;DFB;2025;009;ALMACENES ELECTRICOS VASCONGADOS SA;BESTE ZUZKIDURA ETA ONDASUN BATZUK;OTROS SUMINISTROS Y BIENES;ADMIN20220300001856;A.M SUMINISTRO MAT. ELÉCTRICO, ELECTRÓNICO-ELECTRODOM.2023-2;CONT220250200015495;A.M. SUMINISTRO MATERIAL ELÉCTRICO 23-24 LOTE 1;="12";DERIV. ACUERDO MARCO;="01";INICIAL;CT11;Suministros Centralizados;5379,39;5379,39;
BFA;DFB;2025;009;ALMACENES ELECTRICOS VASCONGADOS SA;BESTE ZUZKIDURA ETA ONDASUN BATZUK;OTROS SUMINISTROS Y BIENES;ADMIN20220300001856;A.M SUMINISTRO MAT. ELÉCTRICO, ELECTRÓNICO-ELECTRODOM.2023-2;CONT220250200016893;A.M. SUMINISTRO MATERIAL ELÉCTRICO 23-24 LOTE 1;="12";DERIV. ACUERDO MARCO;="01";INICIAL;CT11;Suministros Centralizados;148,38;148,38;
BFA;DFB;2025;009;ALMACENES ELECTRICOS VASCONGADOS SA;BESTE ZUZKIDURA ETA ONDASUN BATZUK;OTROS SUMINISTROS Y BIENES;ADMIN20220300001856;A.M SUMINISTRO MAT. ELÉCTRICO, ELECTRÓNICO-ELECTRODOM.2023-2;CONT220250200020826;A.M. SUMINISTRO MATERIAL ELÉCTRICO  LOTE 1;="12";DERIV. ACUERDO MARCO;="01";INICIAL;CT11;Suministros Centralizados;17358,29;17358,29;
BFA;DFB;2025;009;ALMACENES ELECTRICOS VASCONGADOS SA;BESTE ZUZKIDURA ETA ONDASUN BATZUK;OTROS SUMINISTROS Y BIENES;ADMIN20220300001856;A.M SUMINISTRO MAT. ELÉCTRICO, ELECTRÓNICO-ELECTRODOM.2023-2;CONT220250200024610;A.M. SUMINISTRO MATERIAL ELÉCTRICO 23-24 LOTE 1;="12";DERIV. ACUERDO MARCO;="01";INICIAL;CT11;Suministros Centralizados;335,53;335,53;
BFA;DFB;2025;009;ALMACENES ELECTRICOS VASCONGADOS SA;BESTE ZUZKIDURA ETA ONDASUN BATZUK;OTROS SUMINISTROS Y BIENES;ADMIN20220300001856;A.M SUMINISTRO MAT. ELÉCTRICO, ELECTRÓNICO-ELECTRODOM.2023-2;CONT220250200025671;A.M. SUMINISTRO MATERIAL ELÉCTRICO  LOTE 1;="12";DERIV. ACUERDO MARCO;="01";INICIAL;CT11;Suministros Centralizados;622,76;622,76;
BFA;DFB;2025;009;ALMACENES ELECTRICOS VASCONGADOS SA;BESTE ZUZKIDURA ETA ONDASUN BATZUK;OTROS SUMINISTROS Y BIENES;ADMIN20220300001856;A.M SUMINISTRO MAT. ELÉCTRICO, ELECTRÓNICO-ELECTRODOM.2023-2;CONT220250200029679;A.M. SUMINISTRO MATERIAL ELÉCTRICO 23-24 LOTE 1;="12";DERIV. ACUERDO MARCO;="01";INICIAL;CT11;Suministros Centralizados;180,22;180,22;
BFA;DFB;2025;009;ALMACENES ELECTRICOS VASCONGADOS SA;BESTE ZUZKIDURA ETA ONDASUN BATZUK;OTROS SUMINISTROS Y BIENES;ADMIN20220300001856;A.M SUMINISTRO MAT. ELÉCTRICO, ELECTRÓNICO-ELECTRODOM.2023-2;CONT220250200031874;A.M. SUMINISTRO MATERIAL ELÉCTRICO 23-24 LOTE 1;="12";DERIV. ACUERDO MARCO;="01";INICIAL;CT11;Suministros Centralizados;231,74;231,74;
BFA;DFB;2025;009;ALMACENES ELECTRICOS VASCONGADOS SA;BESTE ZUZKIDURA ETA ONDASUN BATZUK;OTROS SUMINISTROS Y BIENES;ADMIN20220300001856;A.M SUMINISTRO MAT. ELÉCTRICO, ELECTRÓNICO-ELECTRODOM.2023-2;CONT220250200032443;SUMINISTRO MATERIAL ELÉCTRICO  LOTE 1;="12";DERIV. ACUERDO MARCO;="01";INICIAL;CT11;Suministros Centralizados;68,70;68,70;
BFA;DFB;2025;009;ALMACENES ELECTRICOS VASCONGADOS SA;BESTE ZUZKIDURA ETA ONDASUN BATZUK;OTROS SUMINISTROS Y BIENES;ADMIN20220300001857;SUM MATERIAL ELÉCTRICO ELECTRÓNICO  ELECTRODOM. 2023-2024. B;CONT220250200007465;SUMINISTRO MATERIAL ELECTRICO BIBLIOTECA;="12";DERIV. ACUERDO MARCO;="07";PRÓRROGA;CT11;Suministros Centralizados;15,83;15,83;
BFA;DFB;2025;009;ALMACENES ELECTRICOS VASCONGADOS SA;BESTE ZUZKIDURA ETA ONDASUN BATZUK;OTROS SUMINISTROS Y BIENES;ADMIN20220300001857;SUM MATERIAL ELÉCTRICO ELECTRÓNICO  ELECTRODOM. 2023-2024. B;CONT220250200020939;SUMINISTRO MATERIAL ELÉCTRICO BIBLIOTECA 2025;="12";DERIV. ACUERDO MARCO;="07";PRÓRROGA;CT11;Suministros Centralizados;3204,65;3204,65;
BFA;DFB;2025;009;ALMACENES ELECTRICOS VASCONGADOS SA;BESTE ZUZKIDURA ETA ONDASUN BATZUK;OTROS SUMINISTROS Y BIENES;ADMIN20220300001857;SUM MATERIAL ELÉCTRICO ELECTRÓNICO  ELECTRODOM. 2023-2024. B;CONT220250200025662;SUMINISTRO MATERIAL ELÉCTRICO JUNIO 2025 BIBLIOTECA;="12";DERIV. ACUERDO MARCO;="07";PRÓRROGA;CT11;Suministros Centralizados;238,84;238,84;
BFA;DFB;2025;009;ALMACENES ELECTRICOS VASCONGADOS SA;BESTE ZUZKIDURA ETA ONDASUN BATZUK;OTROS SUMINISTROS Y BIENES;ADMIN20220300001857;SUM MATERIAL ELÉCTRICO ELECTRÓNICO  ELECTRODOM. 2023-2024. B;CONT220250200030540;SUMINISTRO MATERIAL ELÉCTRICO BIBLIOTECA 2025;="12";DERIV. ACUERDO MARCO;="07";PRÓRROGA;CT11;Suministros Centralizados;218,83;218,83;
BFA;DFB;2025;009;ALMACENES ELECTRICOS VASCONGADOS SA;BESTE ZUZKIDURA ETA ONDASUN BATZUK;OTROS SUMINISTROS Y BIENES;ADMIN20220300001872;MATERIAL ELECTRICO, ELECTRONICO Y ELECTRODOMESTICOS 23-24;CONT220250200003522;SGCC-2025/01/31-CT AELVASA MATERIAL ELECTRICO L1;="12";DERIV. ACUERDO MARCO;="07";PRÓRROGA;CT11;Suministros Centralizados;153,55;153,55;
BFA;DFB;2025;009;ALMACENES ELECTRICOS VASCONGADOS SA;BESTE ZUZKIDURA ETA ONDASUN BATZUK;OTROS SUMINISTROS Y BIENES;ADMIN20220300001872;MATERIAL ELECTRICO, ELECTRONICO Y ELECTRODOMESTICOS 23-24;CONT220250200006453;SGCC-2025/02/24-CT AELVASA MATERIAL ELECTRICO L1;="12";DERIV. ACUERDO MARCO;="07";PRÓRROGA;CT11;Suministros Centralizados;2,40;2,40;
BFA;DFB;2025;009;ALMACENES ELECTRICOS VASCONGADOS SA;BESTE ZUZKIDURA ETA ONDASUN BATZUK;OTROS SUMINISTROS Y BIENES;ADMIN20220300001872;MATERIAL ELECTRICO, ELECTRONICO Y ELECTRODOMESTICOS 23-24;CONT220250200006956;SGCC-2025/02/24-CT AELVASA MATERIAL ELECTRICO L1;="12";DERIV. ACUERDO MARCO;="07";PRÓRROGA;CT11;Suministros Centralizados;30,25;30,25;
BFA;DFB;2025;009;ALMACENES ELECTRICOS VASCONGADOS SA;BESTE ZUZKIDURA ETA ONDASUN BATZUK;OTROS SUMINISTROS Y BIENES;ADMIN20220300001872;MATERIAL ELECTRICO, ELECTRONICO Y ELECTRODOMESTICOS 23-24;CONT220250200008168;SGCC-2025/03/11-CT AELVASA MATERIAL ELECTRICO L1;="12";DERIV. ACUERDO MARCO;="07";PRÓRROGA;CT11;Suministros Centralizados;62,56;62,56;
BFA;DFB;2025;009;ALMACENES ELECTRICOS VASCONGADOS SA;BESTE ZUZKIDURA ETA ONDASUN BATZUK;OTROS SUMINISTROS Y BIENES;ADMIN20220300001872;MATERIAL ELECTRICO, ELECTRONICO Y ELECTRODOMESTICOS 23-24;CONT220250200010724;SGCC-2025/04/07-CT AELVASA MATERIAL ELECTRICO L1;="12";DERIV. ACUERDO MARCO;="07";PRÓRROGA;CT11;Suministros Centralizados;11,58;11,58;
BFA;DFB;2025;009;ALMACENES ELECTRICOS VASCONGADOS SA;BESTE ZUZKIDURA ETA ONDASUN BATZUK;OTROS SUMINISTROS Y BIENES;ADMIN20220300001872;MATERIAL ELECTRICO, ELECTRONICO Y ELECTRODOMESTICOS 23-24;CONT220250200030971;SGCC-2025/08/05-CT AELVASA MATERIAL ELECTRICO L1;="12";DERIV. ACUERDO MARCO;="07";PRÓRROGA;CT11;Suministros Centralizados;39,97;39,97;
BFA;DFB;2025;009;ALMACENES ELECTRICOS VASCONGADOS SA;BESTE ZUZKIDURA ETA ONDASUN BATZUK;OTROS SUMINISTROS Y BIENES;ADMIN20220300001873;LOTE 1: MATERIAL ELECTRICO (ALMACENES ELECTRICOS VASCONGADOS;CONT220250200003153;DOK - ALMACENES ELECTRICOS VASCONGADOS SA- OBRA: 99036 IBAÑE;="12";DERIV. ACUERDO MARCO;="01";INICIAL;CT11;Suministros Centralizados;25,74;25,74;
BFA;DFB;2025;009;ALMACENES ELECTRICOS VASCONGADOS SA;BESTE ZUZKIDURA ETA ONDASUN BATZUK;OTROS SUMINISTROS Y BIENES;ADMIN20220300001873;LOTE 1: MATERIAL ELECTRICO (ALMACENES ELECTRICOS VASCONGADOS;CONT220250200005358;DOK - ALMACENES ELECTRICOS VASCONGADOS SA- OBRA: 99036 IBAÑE;="12";DERIV. ACUERDO MARCO;="01";INICIAL;CT11;Suministros Centralizados;69,76;69,76;
BFA;DFB;2025;009;ALMACENES ELECTRICOS VASCONGADOS SA;BESTE ZUZKIDURA ETA ONDASUN BATZUK;OTROS SUMINISTROS Y BIENES;ADMIN20220300001873;LOTE 1: MATERIAL ELECTRICO (ALMACENES ELECTRICOS VASCONGADOS;CONT220250200005757;DOK - ALMACENES ELECTRICOS VASCONGADOS SA- OBRA: 99042 Rekal;="12";DERIV. ACUERDO MARCO;="01";INICIAL;CT11;Suministros Centralizados;44,41;44,41;
BFA;DFB;2025;009;ALMACENES ELECTRICOS VASCONGADOS SA;BESTE ZUZKIDURA ETA ONDASUN BATZUK;OTROS SUMINISTROS Y BIENES;ADMIN20220300001873;LOTE 1: MATERIAL ELECTRICO (ALMACENES ELECTRICOS VASCONGADOS;CONT220250200007408;DOK - ALMACENES ELECTRICOS VASCONGADOS SA- OBRA: 99037 Lersu;="12";DERIV. ACUERDO MARCO;="01";INICIAL;CT11;Suministros Centralizados;52,26;52,26;
BFA;DFB;2025;009;ALMACENES ELECTRICOS VASCONGADOS SA;BESTE ZUZKIDURA ETA ONDASUN BATZUK;OTROS SUMINISTROS Y BIENES;ADMIN20220300001873;LOTE 1: MATERIAL ELECTRICO (ALMACENES ELECTRICOS VASCONGADOS;CONT220250200012163;DOK - ALMACENES ELECTRICOS VASCONGADOS SA- OBRAS: 99036 Y 99;="12";DERIV. ACUERDO MARCO;="01";INICIAL;CT11;Suministros Centralizados;265,47;265,47;
BFA;DFB;2025;009;ALMACENES ELECTRICOS VASCONGADOS SA;BESTE ZUZKIDURA ETA ONDASUN BATZUK;OTROS SUMINISTROS Y BIENES;ADMIN20220300001873;LOTE 1: MATERIAL ELECTRICO (ALMACENES ELECTRICOS VASCONGADOS;CONT220250200014044;DOK - ALMACENES ELECTRICOS VASCONGADOS SA- OBRAS: 99036 Y 99;="12";DERIV. ACUERDO MARCO;="01";INICIAL;CT11;Suministros Centralizados;17,10;17,10;
BFA;DFB;2025;009;ALMACENES ELECTRICOS VASCONGADOS SA;BESTE ZUZKIDURA ETA ONDASUN BATZUK;OTROS SUMINISTROS Y BIENES;ADMIN20220300001873;LOTE 1: MATERIAL ELECTRICO (ALMACENES ELECTRICOS VASCONGADOS;CONT220250200014662;DOK - ALMACENES ELECTRICOS VASCONGADOS SA- OBRA: 99038;="12";DERIV. ACUERDO MARCO;="01";INICIAL;CT11;Suministros Centralizados;244,17;244,17;
BFA;DFB;2025;009;ALMACENES ELECTRICOS VASCONGADOS SA;BESTE ZUZKIDURA ETA ONDASUN BATZUK;OTROS SUMINISTROS Y BIENES;ADMIN20220300001873;LOTE 1: MATERIAL ELECTRICO (ALMACENES ELECTRICOS VASCONGADOS;CONT220250200016041;DOK - ALMACENES ELECTRICOS VASCONGADOS SA- OBRAS: 99042 Y 99;="12";DERIV. ACUERDO MARCO;="01";INICIAL;CT11;Suministros Centralizados;266,88;266,88;
BFA;DFB;2025;009;ALMACENES ELECTRICOS VASCONGADOS SA;BESTE ZUZKIDURA ETA ONDASUN BATZUK;OTROS SUMINISTROS Y BIENES;ADMIN20220300001873;LOTE 1: MATERIAL ELECTRICO (ALMACENES ELECTRICOS VASCONGADOS;CONT220250200016044;DOK - ALMACENES ELECTRICOS VASCONGADOS SA- OBRA Rekalde;="12";DERIV. ACUERDO MARCO;="01";INICIAL;CT11;Suministros Centralizados;532,50;532,50;
BFA;DFB;2025;009;ALMACENES ELECTRICOS VASCONGADOS SA;BESTE ZUZKIDURA ETA ONDASUN BATZUK;OTROS SUMINISTROS Y BIENES;ADMIN20220300001873;LOTE 1: MATERIAL ELECTRICO (ALMACENES ELECTRICOS VASCONGADOS;CONT220250200018108;DOK - ALMACENES ELECTRICOS VASCONGADOS SA- OBRA Rekalde;="12";DERIV. ACUERDO MARCO;="01";INICIAL;CT11;Suministros Centralizados;53,14;53,14;
BFA;DFB;2025;009;ALMACENES ELECTRICOS VASCONGADOS SA;BESTE ZUZKIDURA ETA ONDASUN BATZUK;OTROS SUMINISTROS Y BIENES;ADMIN20220300001873;LOTE 1: MATERIAL ELECTRICO (ALMACENES ELECTRICOS VASCONGADOS;CONT220250200020576;DOK - ALMACENES ELECTRICOS VASCONGADOS -Lersundi 9 7ª y OBRA;="12";DERIV. ACUERDO MARCO;="01";INICIAL;CT11;Suministros Centralizados;10473,11;10473,11;
BFA;DFB;2025;009;ALMACENES ELECTRICOS VASCONGADOS SA;BESTE ZUZKIDURA ETA ONDASUN BATZUK;OTROS SUMINISTROS Y BIENES;ADMIN20220300001873;LOTE 1: MATERIAL ELECTRICO (ALMACENES ELECTRICOS VASCONGADOS;CONT220250200022527;DOK - ALMACENES ELECTRICOS VASCONGADOS SA- IBAÑEZ 5 Magnetot;="12";DERIV. ACUERDO MARCO;="01";INICIAL;CT11;Suministros Centralizados;367,76;367,76;
BFA;DFB;2025;009;ALMACENES ELECTRICOS VASCONGADOS SA;BESTE ZUZKIDURA ETA ONDASUN BATZUK;OTROS SUMINISTROS Y BIENES;ADMIN20220300001873;LOTE 1: MATERIAL ELECTRICO (ALMACENES ELECTRICOS VASCONGADOS;CONT220250200028222;DOK - ALMACENES ELECTRICOS VASCONGADOS SA- IBAÑEZ Pantalla L;="12";DERIV. ACUERDO MARCO;="01";INICIAL;CT11;Suministros Centralizados;378,78;378,78;
BFA;DFB;2025;009;ALMACENES ELECTRICOS VASCONGADOS SA;BESTE ZUZKIDURA ETA ONDASUN BATZUK;OTROS SUMINISTROS Y BIENES;ADMIN20220300001875;SUMIN. MATERIAL ELÉCTRICO (LOTE 1) 2023-2024 PROGRAMAS SOCIO;CONT220250200004568;SUMINISTRO MATERIAL ELÉCTRICO ALBERGUE DE LA ARBOLEDA;="12";DERIV. ACUERDO MARCO;="01";INICIAL;CT11;Suministros Centralizados;170,37;170,37;
BFA;DFB;2025;009;ALMACENES ELECTRICOS VASCONGADOS SA;BESTE ZUZKIDURA ETA ONDASUN BATZUK;OTROS SUMINISTROS Y BIENES;ADMIN20220300001875;SUMIN. MATERIAL ELÉCTRICO (LOTE 1) 2023-2024 PROGRAMAS SOCIO;CONT220250200014033;SUMINISTRO DE MATERIAL ELECTRICO ALBERGUE GORLIZ;="12";DERIV. ACUERDO MARCO;="01";INICIAL;CT11;Suministros Centralizados;96,61;96,61;
BFA;DFB;2025;009;ALMACENES ELECTRICOS VASCONGADOS SA;BESTE ZUZKIDURA ETA ONDASUN BATZUK;OTROS SUMINISTROS Y BIENES;ADMIN20220300001875;SUMIN. MATERIAL ELÉCTRICO (LOTE 1) 2023-2024 PROGRAMAS SOCIO;CONT220250200031921;SUMIN. MATERIAL ELÉCTRICO (LOTE 1) 2023-2024 PROGRAMAS SOCIO;="12";DERIV. ACUERDO MARCO;="01";INICIAL;CT11;Suministros Centralizados;43,75;43,75;
BFA;DFB;2025;009;ALMACENES ELECTRICOS VASCONGADOS SA;BESTE ZUZKIDURA ETA ONDASUN BATZUK;OTROS SUMINISTROS Y BIENES;ADMIN20220300001882;SUMINISTRO DE MATERIAL ELECTRICO (LOTE 1) ARCHIVO 2023-2024;CONT220250200005130;SUMINISTRO DE MATERIAL ELECTRICO SERVICIO PATRIMONIO CULTURA;="12";DERIV. ACUERDO MARCO;="07";PRÓRROGA;CT11;Suministros Centralizados;343,89;343,89;
BFA;DFB;2025;009;ALMACENES ELECTRICOS VASCONGADOS SA;BESTE ZUZKIDURA ETA ONDASUN BATZUK;OTROS SUMINISTROS Y BIENES;ADMIN20220300001882;SUMINISTRO DE MATERIAL ELECTRICO (LOTE 1) ARCHIVO 2023-2024;CONT220250200012201;SUMINISTRO DE MATERIAL ELECTRICO SERVICIO PATRIMONIO CULTURA;="12";DERIV. ACUERDO MARCO;="07";PRÓRROGA;CT11;Suministros Centralizados;702,01;702,01;
BFA;DFB;2025;009;ALMACENES ELECTRICOS VASCONGADOS SA;BESTE ZUZKIDURA ETA ONDASUN BATZUK;OTROS SUMINISTROS Y BIENES;ADMIN20220300001882;SUMINISTRO DE MATERIAL ELECTRICO (LOTE 1) ARCHIVO 2023-2024;CONT220250200015482;SUMINISTRO DE MATERIAL ELECTRICO SERVICIO PATRIMONIO CULTURA;="12";DERIV. ACUERDO MARCO;="07";PRÓRROGA;CT11;Suministros Centralizados;37,50;37,50;
BFA;DFB;2025;009;ALMACENES ELECTRICOS VASCONGADOS SA;BESTE ZUZKIDURA ETA ONDASUN BATZUK;OTROS SUMINISTROS Y BIENES;ADMIN20220300001882;SUMINISTRO DE MATERIAL ELECTRICO (LOTE 1) ARCHIVO 2023-2024;CONT220250200021310;SUMINISTRO DE MATERIAL ELECTRICO SERVICIO PATRIMONIO CULTURA;="12";DERIV. ACUERDO MARCO;="07";PRÓRROGA;CT11;Suministros Centralizados;4581,90;4581,90;
BFA;DFB;2025;009;ALMACENES ELECTRICOS VASCONGADOS SA;BESTE ZUZKIDURA ETA ONDASUN BATZUK;OTROS SUMINISTROS Y BIENES;ADMIN20220300001882;SUMINISTRO DE MATERIAL ELECTRICO (LOTE 1) ARCHIVO 2023-2024;CONT220250200026543;SUMINISTRO DE MATERIAL ELECTRICO SERVICIO PATRIMONIO CULTURA;="12";DERIV. ACUERDO MARCO;="07";PRÓRROGA;CT11;Suministros Centralizados;145,94;145,94;
BFA;DFB;2025;009;ALMACENES ELECTRICOS VASCONGADOS SA;BESTE ZUZKIDURA ETA ONDASUN BATZUK;OTROS SUMINISTROS Y BIENES;ADMIN20220300001882;SUMINISTRO DE MATERIAL ELECTRICO (LOTE 1) ARCHIVO 2023-2024;CONT220250200031398;SUMINISTRO DE MATERIAL ELECTRICO SERVICIO PATRIMONIO CULTURA;="12";DERIV. ACUERDO MARCO;="07";PRÓRROGA;CT11;Suministros Centralizados;592,44;592,44;
BFA;DFB;2025;009;ALMACENES ELECTRICOS VASCONGADOS SA;BESTE ZUZKIDURA ETA ONDASUN BATZUK;OTROS SUMINISTROS Y BIENES;ADMIN20220300001892;LOTE 1: MATERIAL ELÉCTRICO;CONT220250200005462;DOK ALMACENES ELECTRICOS VASCONGADOS SA;="12";DERIV. ACUERDO MARCO;="01";INICIAL;CT11;Suministros Centralizados;289,90;289,90;
BFA;DFB;2025;009;ALMACENES ELECTRICOS VASCONGADOS SA;BESTE ZUZKIDURA ETA ONDASUN BATZUK;OTROS SUMINISTROS Y BIENES;ADMIN20220300001892;LOTE 1: MATERIAL ELÉCTRICO;CONT220250200016091;DOK ALMACENES ELECTRICOS VASCONGADOS SA;="12";DERIV. ACUERDO MARCO;="01";INICIAL;CT11;Suministros Centralizados;40,32;40,32;
BFA;DFB;2025;009;ALMACENES ELECTRICOS VASCONGADOS SA;BESTE ZUZKIDURA ETA ONDASUN BATZUK;OTROS SUMINISTROS Y BIENES;ADMIN20220300001892;LOTE 1: MATERIAL ELÉCTRICO;CONT220250200019348;DOK ALMACENES ELECTRICOS VASCONGADOS SA;="12";DERIV. ACUERDO MARCO;="01";INICIAL;CT11;Suministros Centralizados;14,05;14,05;
BFA;DFB;2025;009;ALMACENES ELECTRICOS VASCONGADOS SA;BESTE ZUZKIDURA ETA ONDASUN BATZUK;OTROS SUMINISTROS Y BIENES;ADMIN20220300001892;LOTE 1: MATERIAL ELÉCTRICO;CONT220250200021748;ALMACENES ELECTRICOS VASCONGADOS SA. Mat. electrico con rete;="12";DERIV. ACUERDO MARCO;="01";INICIAL;CT11;Suministros Centralizados;1861,74;1861,74;
BFA;DFB;2025;009;ALMACENES ELECTRICOS VASCONGADOS SA;BESTE ZUZKIDURA ETA ONDASUN BATZUK;OTROS SUMINISTROS Y BIENES;ADMIN20220300001892;LOTE 1: MATERIAL ELÉCTRICO;CONT220250200026319;DOK ALMACENES ELECTRICOS VASCONGADOS SA;="12";DERIV. ACUERDO MARCO;="01";INICIAL;CT11;Suministros Centralizados;17,01;17,01;
BFA;DFB;2025;009;ALMACENES ELECTRICOS VASCONGADOS SA;BESTE ZUZKIDURA ETA ONDASUN BATZUK;OTROS SUMINISTROS Y BIENES;ADMIN20220300001892;LOTE 1: MATERIAL ELÉCTRICO;CONT220250200029196;DOK ALMACENES ELECTRICOS VASCONGADOS SA;="12";DERIV. ACUERDO MARCO;="01";INICIAL;CT11;Suministros Centralizados;42,51;42,51;
BFA;DFB;2025;009;ALMACENES ELECTRICOS VASCONGADOS SA;BESTE ZUZKIDURA ETA ONDASUN BATZUK;OTROS SUMINISTROS Y BIENES;ADMIN20220300001892;LOTE 1: MATERIAL ELÉCTRICO;CONT220250200032177;DOK ALMACENES ELECTRICOS VASCONGADOS SA;="12";DERIV. ACUERDO MARCO;="01";INICIAL;CT11;Suministros Centralizados;139,98;139,98;
BFA;DFB;2025;009;ALMACENES ELECTRICOS VASCONGADOS SA;BESTE ZUZKIDURA ETA ONDASUN BATZUK;OTROS SUMINISTROS Y BIENES;ADMIN20220300001900;SGCC (23/24) L1 MATERIAL ELECTRICO;CONT220250200004745;SGCC-2025/01/31-2023/2024 MATERIAL ELECTRICO  LOTE;="12";DERIV. ACUERDO MARCO;="01";INICIAL;CT11;Suministros Centralizados;69,45;69,45;
BFA;DFB;2025;009;ALMACENES ELECTRICOS VASCONGADOS SA;BESTE ZUZKIDURA ETA ONDASUN BATZUK;OTROS SUMINISTROS Y BIENES;ADMIN20220300001900;SGCC (23/24) L1 MATERIAL ELECTRICO;CONT220250200007253;SGCC-2025/03/11-2023/2024 MATERIAL ELECTRICO  LOTE;="12";DERIV. ACUERDO MARCO;="01";INICIAL;CT11;Suministros Centralizados;243,06;243,06;
BFA;DFB;2025;009;ALMACENES ELECTRICOS VASCONGADOS SA;BESTE ZUZKIDURA ETA ONDASUN BATZUK;OTROS SUMINISTROS Y BIENES;ADMIN20220300001900;SGCC (23/24) L1 MATERIAL ELECTRICO;CONT220250200007308;SGCC-2025/03/11-2023/2024 MATERIAL ELECTRICO  LOTE;="12";DERIV. ACUERDO MARCO;="01";INICIAL;CT11;Suministros Centralizados;82,50;82,50;
BFA;DFB;2025;009;ALMACENES ELECTRICOS VASCONGADOS SA;BESTE ZUZKIDURA ETA ONDASUN BATZUK;OTROS SUMINISTROS Y BIENES;ADMIN20220300001900;SGCC (23/24) L1 MATERIAL ELECTRICO;CONT220250200007731;SGCC-2025/03/11-2023/2024 MATERIAL ELECTRICO  LOTE;="12";DERIV. ACUERDO MARCO;="01";INICIAL;CT11;Suministros Centralizados;66,83;66,83;
BFA;DFB;2025;009;ALMACENES ELECTRICOS VASCONGADOS SA;BESTE ZUZKIDURA ETA ONDASUN BATZUK;OTROS SUMINISTROS Y BIENES;ADMIN20220300001900;SGCC (23/24) L1 MATERIAL ELECTRICO;CONT220250200011391;SGCC-2025/03/25-2023/2024 MATERIAL ELECTRICO  LOTE;="12";DERIV. ACUERDO MARCO;="01";INICIAL;CT11;Suministros Centralizados;14,30;14,30;
BFA;DFB;2025;009;ALMACENES ELECTRICOS VASCONGADOS SA;BESTE ZUZKIDURA ETA ONDASUN BATZUK;OTROS SUMINISTROS Y BIENES;ADMIN20220300001900;SGCC (23/24) L1 MATERIAL ELECTRICO;CONT220250200011809;SGCC-2025/03/25-2023/2024 MATERIAL ELECTRICO  LOTE;="12";DERIV. ACUERDO MARCO;="01";INICIAL;CT11;Suministros Centralizados;176,18;176,18;
BFA;DFB;2025;009;ALMACENES ELECTRICOS VASCONGADOS SA;BESTE ZUZKIDURA ETA ONDASUN BATZUK;OTROS SUMINISTROS Y BIENES;ADMIN20220300001900;SGCC (23/24) L1 MATERIAL ELECTRICO;CONT220250200011810;SGCC-2025/03/25-2023/2024 MATERIAL ELECTRICO  LOTE;="12";DERIV. ACUERDO MARCO;="01";INICIAL;CT11;Suministros Centralizados;14,29;14,29;
BFA;DFB;2025;009;ALMACENES ELECTRICOS VASCONGADOS SA;BESTE ZUZKIDURA ETA ONDASUN BATZUK;OTROS SUMINISTROS Y BIENES;ADMIN20220300001900;SGCC (23/24) L1 MATERIAL ELECTRICO;CONT220250200011883;SGCC-2025/04/07-2023/2024 MATERIAL ELECTRICO  LOTE;="12";DERIV. ACUERDO MARCO;="01";INICIAL;CT11;Suministros Centralizados;7,03;7,03;
BFA;DFB;2025;009;ALMACENES ELECTRICOS VASCONGADOS SA;BESTE ZUZKIDURA ETA ONDASUN BATZUK;OTROS SUMINISTROS Y BIENES;ADMIN20220300001900;SGCC (23/24) L1 MATERIAL ELECTRICO;CONT220250200016064;SGCC-2025/05/20-2023/2024 MATERIAL ELECTRICO  LOTE;="12";DERIV. ACUERDO MARCO;="01";INICIAL;CT11;Suministros Centralizados;11,41;11,41;
BFA;DFB;2025;009;ALMACENES ELECTRICOS VASCONGADOS SA;BESTE ZUZKIDURA ETA ONDASUN BATZUK;OTROS SUMINISTROS Y BIENES;ADMIN20220300001900;SGCC (23/24) L1 MATERIAL ELECTRICO;CONT220250200016065;SGCC-2025/05/20-2023/2024 MATERIAL ELECTRICO  LOTE;="12";DERIV. ACUERDO MARCO;="01";INICIAL;CT11;Suministros Centralizados;19,71;19,71;
BFA;DFB;2025;009;ALMACENES ELECTRICOS VASCONGADOS SA;BESTE ZUZKIDURA ETA ONDASUN BATZUK;OTROS SUMINISTROS Y BIENES;ADMIN20220300001900;SGCC (23/24) L1 MATERIAL ELECTRICO;CONT220250200019753;SGCC-2025/05/09-2023/2024 MATERIAL ELECTRICO  LOTE;="12";DERIV. ACUERDO MARCO;="01";INICIAL;CT11;Suministros Centralizados;108,89;108,89;
BFA;DFB;2025;009;ALMACENES ELECTRICOS VASCONGADOS SA;BESTE ZUZKIDURA ETA ONDASUN BATZUK;OTROS SUMINISTROS Y BIENES;ADMIN20220300001900;SGCC (23/24) L1 MATERIAL ELECTRICO;CONT220250200020812;SGCC-2025/06/05-2023/2024 MATERIAL ELECTRICO  LOTE;="12";DERIV. ACUERDO MARCO;="01";INICIAL;CT11;Suministros Centralizados;82,98;82,98;
BFA;DFB;2025;009;ALMACENES ELECTRICOS VASCONGADOS SA;BESTE ZUZKIDURA ETA ONDASUN BATZUK;OTROS SUMINISTROS Y BIENES;ADMIN20220300001900;SGCC (23/24) L1 MATERIAL ELECTRICO;CONT220250200021258;SGCC-2025/06/17-2023/2024 MATERIAL ELECTRICO  LOTE;="12";DERIV. ACUERDO MARCO;="01";INICIAL;CT11;Suministros Centralizados;7267,26;7267,26;
BFA;DFB;2025;009;ALMACENES ELECTRICOS VASCONGADOS SA;BESTE ZUZKIDURA ETA ONDASUN BATZUK;OTROS SUMINISTROS Y BIENES;ADMIN20220300001900;SGCC (23/24) L1 MATERIAL ELECTRICO;CONT220250200025142;SGCC-2025/07/15-2023/2024 MATERIAL ELECTRICO  LOTE;="12";DERIV. ACUERDO MARCO;="01";INICIAL;CT11;Suministros Centralizados;14,88;14,88;
BFA;DFB;2025;009;ALMACENES ELECTRICOS VASCONGADOS SA;BESTE ZUZKIDURA ETA ONDASUN BATZUK;OTROS SUMINISTROS Y BIENES;ADMIN20220300001900;SGCC (23/24) L1 MATERIAL ELECTRICO;CONT220250200026820;SGCC-2025/07/15-2023/2024 MATERIAL ELECTRICO  LOTE;="12";DERIV. ACUERDO MARCO;="01";INICIAL;CT11;Suministros Centralizados;69,77;69,77;
BFA;DFB;2025;009;ALMACENES ELECTRICOS VASCONGADOS SA;BESTE ZUZKIDURA ETA ONDASUN BATZUK;OTROS SUMINISTROS Y BIENES;ADMIN20220300001900;SGCC (23/24) L1 MATERIAL ELECTRICO;CONT220250200026822;SGCC-2025/07/02-2023/2024 MATERIAL ELECTRICO  LOTE;="12";DERIV. ACUERDO MARCO;="01";INICIAL;CT11;Suministros Centralizados;15,17;15,17;
BFA;DFB;2025;009;ALMACENES ELECTRICOS VASCONGADOS SA;BESTE ZUZKIDURA ETA ONDASUN BATZUK;OTROS SUMINISTROS Y BIENES;ADMIN20220300001900;SGCC (23/24) L1 MATERIAL ELECTRICO;CONT220250200026825;SGCC-2025/07/15-2023/2024 MATERIAL ELECTRICO  LOTE;="12";DERIV. ACUERDO MARCO;="01";INICIAL;CT11;Suministros Centralizados;83,48;83,48;
BFA;DFB;2025;009;ALMACENES ELECTRICOS VASCONGADOS SA;BESTE ZUZKIDURA ETA ONDASUN BATZUK;OTROS SUMINISTROS Y BIENES;ADMIN20220300001900;SGCC (23/24) L1 MATERIAL ELECTRICO;CONT220250200030145;SGCC-2025/09/03-2023/2024 MATERIAL ELECTRICO  LOTE;="12";DERIV. ACUERDO MARCO;="01";INICIAL;CT11;Suministros Centralizados;165,09;165,09;
BFA;DFB;2025;009;ALONSO LOPEZ MARIA SUSANA;LAGUNTZA ZERBITZUAK EGITEA;PRESTACION DE SERVICIOS ASISTENCIALES;ADMIN20240300001073;VOCS (24/26) CONCERTACION SOCIAL ATENCION TEMPRANA DAS;CONT220250200002996;MICS-2025/01-CE001-ARESTI, CENTRO PSICOLÓGICO TXUR;="AF";ACUERDO DF;="01";INICIAL;CS00;Concertación Social;13259,12;13259,12;
BFA;DFB;2025;009;ALONSO LOPEZ MARIA SUSANA;LAGUNTZA ZERBITZUAK EGITEA;PRESTACION DE SERVICIOS ASISTENCIALES;ADMIN20240300001073;VOCS (24/26) CONCERTACION SOCIAL ATENCION TEMPRANA DAS;CONT220250200006782;MICS-2025/02-CE001-ARESTI, CENTRO PSICOLÓGICO TXUR;="AF";ACUERDO DF;="01";INICIAL;CS00;Concertación Social;12655,43;12655,43;
BFA;DFB;2025;009;ALONSO LOPEZ MARIA SUSANA;LAGUNTZA ZERBITZUAK EGITEA;PRESTACION DE SERVICIOS ASISTENCIALES;ADMIN20240300001073;VOCS (24/26) CONCERTACION SOCIAL ATENCION TEMPRANA DAS;CONT220250200010274;MICS-2025/03-CE001-ARESTI, CENTRO PSICOLÓGICO TXUR;="AF";ACUERDO DF;="01";INICIAL;CS00;Concertación Social;12617,61;12617,61;
BFA;DFB;2025;009;ALONSO LOPEZ MARIA SUSANA;LAGUNTZA ZERBITZUAK EGITEA;PRESTACION DE SERVICIOS ASISTENCIALES;ADMIN20240300001073;VOCS (24/26) CONCERTACION SOCIAL ATENCION TEMPRANA DAS;CONT220250200014087;MICS-2025/04-CE001-ARESTI, CENTRO PSICOLÓGICO TXUR;="AF";ACUERDO DF;="01";INICIAL;CS00;Concertación Social;11050,72;11050,72;
BFA;DFB;2025;009;ALONSO LOPEZ MARIA SUSANA;LAGUNTZA ZERBITZUAK EGITEA;PRESTACION DE SERVICIOS ASISTENCIALES;ADMIN20240300001073;VOCS (24/26) CONCERTACION SOCIAL ATENCION TEMPRANA DAS;CONT220250200017943;MICS-2025/05-CE001-ARESTI, CENTRO PSICOLÓGICO TXUR;="AF";ACUERDO DF;="01";INICIAL;CS00;Concertación Social;13001,54;13001,54;
BFA;DFB;2025;009;ALONSO LOPEZ MARIA SUSANA;LAGUNTZA ZERBITZUAK EGITEA;PRESTACION DE SERVICIOS ASISTENCIALES;ADMIN20240300001073;VOCS (24/26) CONCERTACION SOCIAL ATENCION TEMPRANA DAS;CONT220250200022727;MICS-2025/06-CE001-ARESTI, CENTRO PSICOLÓGICO TXUR;="AF";ACUERDO DF;="01";INICIAL;CS00;Concertación Social;16494,58;16494,58;
BFA;DFB;2025;009;ALONSO LOPEZ MARIA SUSANA;LAGUNTZA ZERBITZUAK EGITEA;PRESTACION DE SERVICIOS ASISTENCIALES;ADMIN20240300001073;VOCS (24/26) CONCERTACION SOCIAL ATENCION TEMPRANA DAS;CONT220250200026850;MICS-2025/07-CE001-ARESTI, CENTRO PSICOLÓGICO TXUR;="AF";ACUERDO DF;="01";INICIAL;CS00;Concertación Social;16617,49;16617,49;
BFA;DFB;2025;009;ALSE SEGURIDAD SA;SEGURTASUNA;SEGURIDAD;ADMIN20240300000497;VIGILANCIA Y SEGURIDAD DE LOCALES Y EDIFICIOS DE LA DFB 2025;CONT220250200000590;ALSE SEGURIDAD, S.A. SERVICIO VIGILANCIA Y SEGUR D.F.B. ENER;="01";ABIERTO;="01";INICIAL;CT12;Servicios Centralizados;415283,71;415283,71;
BFA;DFB;2025;009;ALSE SEGURIDAD SA;SEGURTASUNA;SEGURIDAD;ADMIN20240300000497;VIGILANCIA Y SEGURIDAD DE LOCALES Y EDIFICIOS DE LA DFB 2025;CONT220250200005365;ALSE SEGURIDAD, S.A. SERVICIO VIGILANCIA Y SEGUR D.F.B. FEBR;="01";ABIERTO;="01";INICIAL;CT12;Servicios Centralizados;420507,50;420507,50;
BFA;DFB;2025;009;ALSE SEGURIDAD SA;SEGURTASUNA;SEGURIDAD;ADMIN20240300000497;VIGILANCIA Y SEGURIDAD DE LOCALES Y EDIFICIOS DE LA DFB 2025;CONT220250200011831;ALSE SEGURIDAD, S.A. SERVICIO VIGILANCIA Y SEGUR D.F.B. MARZ;="01";ABIERTO;="01";INICIAL;CT12;Servicios Centralizados;439664,58;439664,58;
BFA;DFB;2025;009;ALSE SEGURIDAD SA;SEGURTASUNA;SEGURIDAD;ADMIN20240300000497;VIGILANCIA Y SEGURIDAD DE LOCALES Y EDIFICIOS DE LA DFB 2025;CONT220250200014162;ALSE SEGURIDAD, S.A. SERVICIO VIGILANCIA Y SEGUR D.F.B. ABRI;="01";ABIERTO;="01";INICIAL;CT12;Servicios Centralizados;450907,23;450907,23;
BFA;DFB;2025;009;ALSE SEGURIDAD SA;SEGURTASUNA;SEGURIDAD;ADMIN20240300000497;VIGILANCIA Y SEGURIDAD DE LOCALES Y EDIFICIOS DE LA DFB 2025;CONT220250200016688;ALSE SEGURIDAD, S.A. SERVICIO VIGILANCIA Y SEGUR D.F.B. MAYO;="01";ABIERTO;="01";INICIAL;CT12;Servicios Centralizados;467982,64;467982,64;
BFA;DFB;2025;009;ALSE SEGURIDAD SA;SEGURTASUNA;SEGURIDAD;ADMIN20240300000497;VIGILANCIA Y SEGURIDAD DE LOCALES Y EDIFICIOS DE LA DFB 2025;CONT220250200024517;ALSE SEGURIDAD, S.A. SERVICIO VIGILANCIA Y SEGUR D.F.B. JUNI;="01";ABIERTO;="01";INICIAL;CT12;Servicios Centralizados;460453,96;460453,96;
BFA;DFB;2025;009;ALSE SEGURIDAD SA;SEGURTASUNA;SEGURIDAD;ADMIN20240300000497;VIGILANCIA Y SEGURIDAD DE LOCALES Y EDIFICIOS DE LA DFB 2025;CONT220250200026761;ALSE SEGURIDAD, S.A. SERVICIO VIGILANCIA Y SEGUR D.F.B. JULI;="01";ABIERTO;="01";INICIAL;CT12;Servicios Centralizados;443276,05;443276,05;
BFA;DFB;2025;009;ALSE SEGURIDAD SA;SEGURTASUNA;SEGURIDAD;ADMIN20240300000497;VIGILANCIA Y SEGURIDAD DE LOCALES Y EDIFICIOS DE LA DFB 2025;CONT220250200031182;ALSE SEGURIDAD, S.A. SERVICIO VIGILANCIA Y SEGUR D.F.B. AGOS;="01";ABIERTO;="01";INICIAL;CT12;Servicios Centralizados;443276,05;443276,05;
BFA;DFB;2025;009;ALSE TECNOLOGIA SL-RADIMER SERVICIOS ENERGETICOS SL UTE LEY;ALOKATU ERAIK. INSTALAZIO ONDASUN ETA ZERB HOBEK;MEJORA E INCORP BIENES, SERV INSTAL, OBRAS EDIF AJ;ADMIN20230300001232;MANTENIM INSTALACIONES ELECTRICAS Y DE SEGURIDAD 24/25;CONT220250200027450;SGCC-2025/06/19-CT INST ELECTR Y SEGURIDAD (OBRAS;="01";ABIERTO;="01";INICIAL;CT12;Servicios Centralizados;23789,17;23789,17;
BFA;DFB;2025;009;ALSE TECNOLOGIA SL-RADIMER SERVICIOS ENERGETICOS SL UTE LEY;ALOKATU ERAIK. INSTALAZIO ONDASUN ETA ZERB HOBEK;MEJORA E INCORP BIENES, SERV INSTAL, OBRAS EDIF AJ;ADMIN20230300001232;MANTENIM INSTALACIONES ELECTRICAS Y DE SEGURIDAD 24/25;CONT220250200027869;SGCC-2025/07/28-CT INST ELECTR Y SEGURIDAD (OBRAS;="01";ABIERTO;="01";INICIAL;CT12;Servicios Centralizados;1663,37;1663,37;
BFA;DFB;2025;009;ALSE TECNOLOGIA SL-RADIMER SERVICIOS ENERGETICOS SL UTE LEY;ERAIKINAK ETA BESTE ERAIKUNTZA BATZUK;EDIFICIOS Y OTRAS CONSTRUCCIONES;ADMIN20230300001149;MANTENIMIENTO INSTALACIONES ELÉCTRICAS Y SEGURIDAD DFB. FIJO;CONT220230200035176;MANTENIMIENTO INSTALACIONES ELÉCTRICAS Y SEGURIDAD DFB. FIJO;="01";ABIERTO;="01";INICIAL;CT12;Servicios Centralizados;2173,49;0,00;
BFA;DFB;2025;009;ALSE TECNOLOGIA SL-RADIMER SERVICIOS ENERGETICOS SL UTE LEY;ERAIKINAK ETA BESTE ERAIKUNTZA BATZUK;EDIFICIOS Y OTRAS CONSTRUCCIONES;ADMIN20230300001149;MANTENIMIENTO INSTALACIONES ELÉCTRICAS Y SEGURIDAD DFB. FIJO;CONT220250200000618;MANTENIMIENTO INSTALACIONES ELÉCTRICAS Y SEGURIDAD DFB. FIJO;="01";ABIERTO;="01";INICIAL;CT12;Servicios Centralizados;0,00;181,17;
BFA;DFB;2025;009;ALSE TECNOLOGIA SL-RADIMER SERVICIOS ENERGETICOS SL UTE LEY;ERAIKINAK ETA BESTE ERAIKUNTZA BATZUK;EDIFICIOS Y OTRAS CONSTRUCCIONES;ADMIN20230300001149;MANTENIMIENTO INSTALACIONES ELÉCTRICAS Y SEGURIDAD DFB. FIJO;CONT220250200005147;MANTENIMIENTO INSTALACIONES ELÉCTRICAS Y SEGURIDAD DFB. FIJO;="01";ABIERTO;="01";INICIAL;CT12;Servicios Centralizados;0,00;181,17;
BFA;DFB;2025;009;ALSE TECNOLOGIA SL-RADIMER SERVICIOS ENERGETICOS SL UTE LEY;ERAIKINAK ETA BESTE ERAIKUNTZA BATZUK;EDIFICIOS Y OTRAS CONSTRUCCIONES;ADMIN20230300001149;MANTENIMIENTO INSTALACIONES ELÉCTRICAS Y SEGURIDAD DFB. FIJO;CONT220250200009283;MANTENIMIENTO INSTALACIONES ELÉCTRICAS Y SEGURIDAD DFB. FIJO;="01";ABIERTO;="01";INICIAL;CT12;Servicios Centralizados;0,00;181,17;
BFA;DFB;2025;009;ALSE TECNOLOGIA SL-RADIMER SERVICIOS ENERGETICOS SL UTE LEY;ERAIKINAK ETA BESTE ERAIKUNTZA BATZUK;EDIFICIOS Y OTRAS CONSTRUCCIONES;ADMIN20230300001149;MANTENIMIENTO INSTALACIONES ELÉCTRICAS Y SEGURIDAD DFB. FIJO;CONT220250200012654;MANTENIMIENTO INSTALACIONES ELÉCTRICAS Y SEGURIDAD DFB. FIJO;="01";ABIERTO;="01";INICIAL;CT12;Servicios Centralizados;0,00;181,17;
BFA;DFB;2025;009;ALSE TECNOLOGIA SL-RADIMER SERVICIOS ENERGETICOS SL UTE LEY;ERAIKINAK ETA BESTE ERAIKUNTZA BATZUK;EDIFICIOS Y OTRAS CONSTRUCCIONES;ADMIN20230300001149;MANTENIMIENTO INSTALACIONES ELÉCTRICAS Y SEGURIDAD DFB. FIJO;CONT220250200015968;MANTENIMIENTO INSTALACIONES ELÉCTRICAS Y SEGURIDAD DFB. FIJO;="01";ABIERTO;="01";INICIAL;CT12;Servicios Centralizados;0,00;181,17;
BFA;DFB;2025;009;ALSE TECNOLOGIA SL-RADIMER SERVICIOS ENERGETICOS SL UTE LEY;ERAIKINAK ETA BESTE ERAIKUNTZA BATZUK;EDIFICIOS Y OTRAS CONSTRUCCIONES;ADMIN20230300001149;MANTENIMIENTO INSTALACIONES ELÉCTRICAS Y SEGURIDAD DFB. FIJO;CONT220250200020862;MANTENIMIENTO INSTALACIONES ELÉCTRICAS Y SEGURIDAD DFB. FIJO;="01";ABIERTO;="01";INICIAL;CT12;Servicios Centralizados;0,00;181,17;
BFA;DFB;2025;009;ALSE TECNOLOGIA SL-RADIMER SERVICIOS ENERGETICOS SL UTE LEY;ERAIKINAK ETA BESTE ERAIKUNTZA BATZUK;EDIFICIOS Y OTRAS CONSTRUCCIONES;ADMIN20230300001149;MANTENIMIENTO INSTALACIONES ELÉCTRICAS Y SEGURIDAD DFB. FIJO;CONT220250200025936;MANTENIMIENTO INSTALACIONES ELÉCTRICAS Y SEGURIDAD DFB. FIJO;="01";ABIERTO;="01";INICIAL;CT12;Servicios Centralizados;0,00;181,17;
BFA;DFB;2025;009;ALSE TECNOLOGIA SL-RADIMER SERVICIOS ENERGETICOS SL UTE LEY;ERAIKINAK ETA BESTE ERAIKUNTZA BATZUK;EDIFICIOS Y OTRAS CONSTRUCCIONES;ADMIN20230300001149;MANTENIMIENTO INSTALACIONES ELÉCTRICAS Y SEGURIDAD DFB. FIJO;CONT220250200030381;MANTENIMIENTO INSTALACIONES ELÉCTRICAS Y SEGURIDAD DFB. FIJO;="01";ABIERTO;="01";INICIAL;CT12;Servicios Centralizados;0,00;181,17;
BFA;DFB;2025;009;ALSE TECNOLOGIA SL-RADIMER SERVICIOS ENERGETICOS SL UTE LEY;ERAIKINAK ETA BESTE ERAIKUNTZA BATZUK;EDIFICIOS Y OTRAS CONSTRUCCIONES;ADMIN20230300001173;MANTENIMIENTO INST.ELECTRICIDAD Y SEGURIDAD DFB 2024/2025 P.;CONT220230200035161; 'D ' MANTENIMIENTO INST.ELECTRICIDAD Y SEGURIDAD DFB 2024/2;="01";ABIERTO;="01";INICIAL;CT12;Servicios Centralizados;746131,24;0,00;
BFA;DFB;2025;009;ALSE TECNOLOGIA SL-RADIMER SERVICIOS ENERGETICOS SL UTE LEY;ERAIKINAK ETA BESTE ERAIKUNTZA BATZUK;EDIFICIOS Y OTRAS CONSTRUCCIONES;ADMIN20230300001173;MANTENIMIENTO INST.ELECTRICIDAD Y SEGURIDAD DFB 2024/2025 P.;CONT220250200000435; 'D/ ' MODIF 6 -MANTO INST.ELECTRICIDAD, SEGURIDAD DFB 2024/;="01";ABIERTO;="02";MODIFICADO;CT12;Servicios Centralizados;-1014,37;0,00;
BFA;DFB;2025;009;ALSE TECNOLOGIA SL-RADIMER SERVICIOS ENERGETICOS SL UTE LEY;ERAIKINAK ETA BESTE ERAIKUNTZA BATZUK;EDIFICIOS Y OTRAS CONSTRUCCIONES;ADMIN20230300001173;MANTENIMIENTO INST.ELECTRICIDAD Y SEGURIDAD DFB 2024/2025 P.;CONT220250200005344;UTE RADIMER-ALSE DIPUTACION MTNTO. INSTALC.Y SEGURIDAD 2024;="01";ABIERTO;="01";INICIAL;CT12;Servicios Centralizados;0,00;62177,64;
BFA;DFB;2025;009;ALSE TECNOLOGIA SL-RADIMER SERVICIOS ENERGETICOS SL UTE LEY;ERAIKINAK ETA BESTE ERAIKUNTZA BATZUK;EDIFICIOS Y OTRAS CONSTRUCCIONES;ADMIN20230300001173;MANTENIMIENTO INST.ELECTRICIDAD Y SEGURIDAD DFB 2024/2025 P.;CONT220250200005554; 'D/CORRECCION ERROR CONTABLE ' MANT. INST.ELEC Y SEGDFB 202;="01";ABIERTO;="01";INICIAL;CT12;Servicios Centralizados;-62177,64;0,00;
BFA;DFB;2025;009;ALSE TECNOLOGIA SL-RADIMER SERVICIOS ENERGETICOS SL UTE LEY;ERAIKINAK ETA BESTE ERAIKUNTZA BATZUK;EDIFICIOS Y OTRAS CONSTRUCCIONES;ADMIN20230300001173;MANTENIMIENTO INST.ELECTRICIDAD Y SEGURIDAD DFB 2024/2025 P.;CONT220250200008778;UTE RADIMER-ALSE DIPUTACION MTNTO. INSTALC.Y SEGURIDAD 2025;="01";ABIERTO;="01";INICIAL;CT12;Servicios Centralizados;0,00;62017,64;
BFA;DFB;2025;009;ALSE TECNOLOGIA SL-RADIMER SERVICIOS ENERGETICOS SL UTE LEY;ERAIKINAK ETA BESTE ERAIKUNTZA BATZUK;EDIFICIOS Y OTRAS CONSTRUCCIONES;ADMIN20230300001173;MANTENIMIENTO INST.ELECTRICIDAD Y SEGURIDAD DFB 2024/2025 P.;CONT220250200014378;UTE RADIMER-ALSE DIPUTACION MTNTO. INSTALC.Y SEGURIDAD 2025;="01";ABIERTO;="01";INICIAL;CT12;Servicios Centralizados;0,00;62072,71;
BFA;DFB;2025;009;ALSE TECNOLOGIA SL-RADIMER SERVICIOS ENERGETICOS SL UTE LEY;ERAIKINAK ETA BESTE ERAIKUNTZA BATZUK;EDIFICIOS Y OTRAS CONSTRUCCIONES;ADMIN20230300001173;MANTENIMIENTO INST.ELECTRICIDAD Y SEGURIDAD DFB 2024/2025 P.;CONT220250200016070;UTE RADIMER-ALSE DIPUTACION MTNTO. INSTALC.Y SEGURIDAD 2025;="01";ABIERTO;="01";INICIAL;CT12;Servicios Centralizados;0,00;62072,71;
BFA;DFB;2025;009;ALSE TECNOLOGIA SL-RADIMER SERVICIOS ENERGETICOS SL UTE LEY;ERAIKINAK ETA BESTE ERAIKUNTZA BATZUK;EDIFICIOS Y OTRAS CONSTRUCCIONES;ADMIN20230300001173;MANTENIMIENTO INST.ELECTRICIDAD Y SEGURIDAD DFB 2024/2025 P.;CONT220250200021609;UTE RADIMER-ALSE DIPUTACION MTNTO. INSTALC.Y SEGURIDAD 2025;="01";ABIERTO;="01";INICIAL;CT12;Servicios Centralizados;0,00;62072,71;
BFA;DFB;2025;009;ALSE TECNOLOGIA SL-RADIMER SERVICIOS ENERGETICOS SL UTE LEY;ERAIKINAK ETA BESTE ERAIKUNTZA BATZUK;EDIFICIOS Y OTRAS CONSTRUCCIONES;ADMIN20230300001173;MANTENIMIENTO INST.ELECTRICIDAD Y SEGURIDAD DFB 2024/2025 P.;CONT220250200025385;UTE RADIMER-ALSE DIPUTACION MTNTO. INSTALC.Y SEGURIDAD 2025;="01";ABIERTO;="01";INICIAL;CT12;Servicios Centralizados;0,00;62072,71;
BFA;DFB;2025;009;ALSE TECNOLOGIA SL-RADIMER SERVICIOS ENERGETICOS SL UTE LEY;ERAIKINAK ETA BESTE ERAIKUNTZA BATZUK;EDIFICIOS Y OTRAS CONSTRUCCIONES;ADMIN20230300001173;MANTENIMIENTO INST.ELECTRICIDAD Y SEGURIDAD DFB 2024/2025 P.;CONT220250200029434;UTE RADIMER-ALSE DIPUTACION MTNTO. INSTALC.Y SEGURIDAD 2025;="01";ABIERTO;="01";INICIAL;CT12;Servicios Centralizados;0,00;62072,71;
BFA;DFB;2025;009;ALSE TECNOLOGIA SL-RADIMER SERVICIOS ENERGETICOS SL UTE LEY;ERAIKINAK ETA BESTE ERAIKUNTZA BATZUK;EDIFICIOS Y OTRAS CONSTRUCCIONES;ADMIN20230300001173;MANTENIMIENTO INST.ELECTRICIDAD Y SEGURIDAD DFB 2024/2025 P.;CONT220250200032013;UTE RADIMER-ALSE DIPUTACION MTNTO. INSTALC.Y SEGURIDAD 2025;="01";ABIERTO;="01";INICIAL;CT12;Servicios Centralizados;0,00;62072,71;
BFA;DFB;2025;009;ALSE TECNOLOGIA SL-RADIMER SERVICIOS ENERGETICOS SL UTE LEY;ERAIKINAK ETA BESTE ERAIKUNTZA BATZUK;EDIFICIOS Y OTRAS CONSTRUCCIONES;ADMIN20230300001174;MANTENIMIENTO INST.ELECTRICIDAD Y SEGURIDAD DFB 2024/2025 P.;CONT220250200000650;ALSE TEC-RADIMER MANTENIMIENTO INST.ELECTRIC Y SEG.DFB 2024/;="01";ABIERTO;="01";INICIAL;CT12;Servicios Centralizados;6131,55;6131,55;
BFA;DFB;2025;009;ALSE TECNOLOGIA SL-RADIMER SERVICIOS ENERGETICOS SL UTE LEY;ERAIKINAK ETA BESTE ERAIKUNTZA BATZUK;EDIFICIOS Y OTRAS CONSTRUCCIONES;ADMIN20230300001174;MANTENIMIENTO INST.ELECTRICIDAD Y SEGURIDAD DFB 2024/2025 P.;CONT220250200000936;ALSE TEC-RADIMER MANTENIMIENTO INST.ELECTRIC Y SEG.DFB 2024/;="01";ABIERTO;="01";INICIAL;CT12;Servicios Centralizados;1076,48;1076,48;
BFA;DFB;2025;009;ALSE TECNOLOGIA SL-RADIMER SERVICIOS ENERGETICOS SL UTE LEY;ERAIKINAK ETA BESTE ERAIKUNTZA BATZUK;EDIFICIOS Y OTRAS CONSTRUCCIONES;ADMIN20230300001174;MANTENIMIENTO INST.ELECTRICIDAD Y SEGURIDAD DFB 2024/2025 P.;CONT220250200001899;ALSE TEC-RADIMER MANTENIMIENTO INST.ELECTRIC Y SEG.DFB 2024/;="01";ABIERTO;="01";INICIAL;CT12;Servicios Centralizados;62177,64;62177,64;
BFA;DFB;2025;009;ALSE TECNOLOGIA SL-RADIMER SERVICIOS ENERGETICOS SL UTE LEY;ERAIKINAK ETA BESTE ERAIKUNTZA BATZUK;EDIFICIOS Y OTRAS CONSTRUCCIONES;ADMIN20230300001174;MANTENIMIENTO INST.ELECTRICIDAD Y SEGURIDAD DFB 2024/2025 P.;CONT220250200003994;ALSE TEC-RADIMER MANTENIMIENTO INST.ELECTRIC Y SEG.DFB 2024/;="01";ABIERTO;="01";INICIAL;CT12;Servicios Centralizados;4011,57;4011,57;
BFA;DFB;2025;009;ALSE TECNOLOGIA SL-RADIMER SERVICIOS ENERGETICOS SL UTE LEY;ERAIKINAK ETA BESTE ERAIKUNTZA BATZUK;EDIFICIOS Y OTRAS CONSTRUCCIONES;ADMIN20230300001174;MANTENIMIENTO INST.ELECTRICIDAD Y SEGURIDAD DFB 2024/2025 P.;CONT220250200006330;ALSE TEC-RADIMER MANTENIMIENTO INST.ELECTRIC Y SEG.DFB 2024/;="01";ABIERTO;="01";INICIAL;CT12;Servicios Centralizados;125,44;125,44;
BFA;DFB;2025;009;ALSE TECNOLOGIA SL-RADIMER SERVICIOS ENERGETICOS SL UTE LEY;ERAIKINAK ETA BESTE ERAIKUNTZA BATZUK;EDIFICIOS Y OTRAS CONSTRUCCIONES;ADMIN20230300001174;MANTENIMIENTO INST.ELECTRICIDAD Y SEGURIDAD DFB 2024/2025 P.;CONT220250200007095;ALSE TEC-RADIMER MANTENIMIENTO INST.ELECTRIC Y SEG.DFB 2024/;="01";ABIERTO;="01";INICIAL;CT12;Servicios Centralizados;62,71;62,71;
BFA;DFB;2025;009;ALSE TECNOLOGIA SL-RADIMER SERVICIOS ENERGETICOS SL UTE LEY;ERAIKINAK ETA BESTE ERAIKUNTZA BATZUK;EDIFICIOS Y OTRAS CONSTRUCCIONES;ADMIN20230300001174;MANTENIMIENTO INST.ELECTRICIDAD Y SEGURIDAD DFB 2024/2025 P.;CONT220250200008020; 'ALSE TEC-RADIMER MANTENIMIENTO INST.ELECTRIC Y SEG.DFB 202;="01";ABIERTO;="01";INICIAL;CT12;Servicios Centralizados;1138,38;1138,38;
BFA;DFB;2025;009;ALSE TECNOLOGIA SL-RADIMER SERVICIOS ENERGETICOS SL UTE LEY;ERAIKINAK ETA BESTE ERAIKUNTZA BATZUK;EDIFICIOS Y OTRAS CONSTRUCCIONES;ADMIN20230300001174;MANTENIMIENTO INST.ELECTRICIDAD Y SEGURIDAD DFB 2024/2025 P.;CONT220250200008412;ALSE TEC-RADIMER MANTENIMIENTO INST.ELECTRIC Y SEG.DFB 2024/;="01";ABIERTO;="01";INICIAL;CT12;Servicios Centralizados;70,71;70,71;
BFA;DFB;2025;009;ALSE TECNOLOGIA SL-RADIMER SERVICIOS ENERGETICOS SL UTE LEY;ERAIKINAK ETA BESTE ERAIKUNTZA BATZUK;EDIFICIOS Y OTRAS CONSTRUCCIONES;ADMIN20230300001174;MANTENIMIENTO INST.ELECTRICIDAD Y SEGURIDAD DFB 2024/2025 P.;CONT220250200010029;ALSE TEC-RADIMER MANTENIMIENTO INST.ELECTRIC Y SEG.DFB 2024/;="01";ABIERTO;="01";INICIAL;CT12;Servicios Centralizados;1914,50;1914,50;
BFA;DFB;2025;009;ALSE TECNOLOGIA SL-RADIMER SERVICIOS ENERGETICOS SL UTE LEY;ERAIKINAK ETA BESTE ERAIKUNTZA BATZUK;EDIFICIOS Y OTRAS CONSTRUCCIONES;ADMIN20230300001174;MANTENIMIENTO INST.ELECTRICIDAD Y SEGURIDAD DFB 2024/2025 P.;CONT220250200014458; 'ALSE TEC-RADIMER MANTENIMIENTO INST.ELECTRIC Y SEG.DFB 202;="01";ABIERTO;="01";INICIAL;CT12;Servicios Centralizados;1277,14;1277,14;
BFA;DFB;2025;009;ALSE TECNOLOGIA SL-RADIMER SERVICIOS ENERGETICOS SL UTE LEY;ERAIKINAK ETA BESTE ERAIKUNTZA BATZUK;EDIFICIOS Y OTRAS CONSTRUCCIONES;ADMIN20230300001174;MANTENIMIENTO INST.ELECTRICIDAD Y SEGURIDAD DFB 2024/2025 P.;CONT220250200015261;ALSE TEC-RADIMER MANTENIMIENTO INST.ELECTRIC Y SEG.DFB 2024/;="01";ABIERTO;="01";INICIAL;CT12;Servicios Centralizados;1617,39;1617,39;
BFA;DFB;2025;009;ALSE TECNOLOGIA SL-RADIMER SERVICIOS ENERGETICOS SL UTE LEY;ERAIKINAK ETA BESTE ERAIKUNTZA BATZUK;EDIFICIOS Y OTRAS CONSTRUCCIONES;ADMIN20230300001174;MANTENIMIENTO INST.ELECTRICIDAD Y SEGURIDAD DFB 2024/2025 P.;CONT220250200015997;ALSE TEC-RADIMER MANTENIMIENTO INST.ELECTRIC Y SEG.DFB 2024/;="01";ABIERTO;="01";INICIAL;CT12;Servicios Centralizados;502,39;502,39;
BFA;DFB;2025;009;ALSE TECNOLOGIA SL-RADIMER SERVICIOS ENERGETICOS SL UTE LEY;ERAIKINAK ETA BESTE ERAIKUNTZA BATZUK;EDIFICIOS Y OTRAS CONSTRUCCIONES;ADMIN20230300001174;MANTENIMIENTO INST.ELECTRICIDAD Y SEGURIDAD DFB 2024/2025 P.;CONT220250200016834;ALSE TEC-RADIMER MANTENIMIENTO INST.ELECTRIC Y SEG.DFB 2024/;="01";ABIERTO;="01";INICIAL;CT12;Servicios Centralizados;481,09;481,09;
BFA;DFB;2025;009;ALSE TECNOLOGIA SL-RADIMER SERVICIOS ENERGETICOS SL UTE LEY;ERAIKINAK ETA BESTE ERAIKUNTZA BATZUK;EDIFICIOS Y OTRAS CONSTRUCCIONES;ADMIN20230300001174;MANTENIMIENTO INST.ELECTRICIDAD Y SEGURIDAD DFB 2024/2025 P.;CONT220250200018120;ALSE TEC-RADIMER MANTENIMIENTO INST.ELECTRIC Y SEG.DFB 2024/;="01";ABIERTO;="01";INICIAL;CT12;Servicios Centralizados;3730,39;3730,39;
BFA;DFB;2025;009;ALSE TECNOLOGIA SL-RADIMER SERVICIOS ENERGETICOS SL UTE LEY;ERAIKINAK ETA BESTE ERAIKUNTZA BATZUK;EDIFICIOS Y OTRAS CONSTRUCCIONES;ADMIN20230300001174;MANTENIMIENTO INST.ELECTRICIDAD Y SEGURIDAD DFB 2024/2025 P.;CONT220250200019449;ALSE TEC-RADIMER MANTENIMIENTO INST.ELECTRIC Y SEG.DFB 2024/;="01";ABIERTO;="01";INICIAL;CT12;Servicios Centralizados;39,23;39,23;
BFA;DFB;2025;009;ALSE TECNOLOGIA SL-RADIMER SERVICIOS ENERGETICOS SL UTE LEY;ERAIKINAK ETA BESTE ERAIKUNTZA BATZUK;EDIFICIOS Y OTRAS CONSTRUCCIONES;ADMIN20230300001174;MANTENIMIENTO INST.ELECTRICIDAD Y SEGURIDAD DFB 2024/2025 P.;CONT220250200020010;ALSE TEC-RADIMER MANTENIMIENTO INST.ELECTRIC Y SEG.DFB 2024/;="01";ABIERTO;="01";INICIAL;CT12;Servicios Centralizados;62,73;62,73;
BFA;DFB;2025;009;ALSE TECNOLOGIA SL-RADIMER SERVICIOS ENERGETICOS SL UTE LEY;ERAIKINAK ETA BESTE ERAIKUNTZA BATZUK;EDIFICIOS Y OTRAS CONSTRUCCIONES;ADMIN20230300001174;MANTENIMIENTO INST.ELECTRICIDAD Y SEGURIDAD DFB 2024/2025 P.;CONT220250200020841;ALSE TEC-RADIMER MANTENIMIENTO INST.ELECTRIC Y SEG.DFB 2024/;="01";ABIERTO;="01";INICIAL;CT12;Servicios Centralizados;3601,84;3601,84;
BFA;DFB;2025;009;ALSE TECNOLOGIA SL-RADIMER SERVICIOS ENERGETICOS SL UTE LEY;ERAIKINAK ETA BESTE ERAIKUNTZA BATZUK;EDIFICIOS Y OTRAS CONSTRUCCIONES;ADMIN20230300001174;MANTENIMIENTO INST.ELECTRICIDAD Y SEGURIDAD DFB 2024/2025 P.;CONT220250200025027; 'ALSE TEC-RADIMER MANTENIMIENTO INST.ELECTRIC Y SEG.DFB 202;="01";ABIERTO;="01";INICIAL;CT12;Servicios Centralizados;2574,00;2574,00;
BFA;DFB;2025;009;ALSE TECNOLOGIA SL-RADIMER SERVICIOS ENERGETICOS SL UTE LEY;ERAIKINAK ETA BESTE ERAIKUNTZA BATZUK;EDIFICIOS Y OTRAS CONSTRUCCIONES;ADMIN20230300001174;MANTENIMIENTO INST.ELECTRICIDAD Y SEGURIDAD DFB 2024/2025 P.;CONT220250200026402;ALSE TEC-RADIMER MANTENIMIENTO INST.ELECTRIC Y SEG.DFB 2025;="01";ABIERTO;="01";INICIAL;CT12;Servicios Centralizados;4577,39;4577,39;
BFA;DFB;2025;009;ALSE TECNOLOGIA SL-RADIMER SERVICIOS ENERGETICOS SL UTE LEY;ERAIKINAK ETA BESTE ERAIKUNTZA BATZUK;EDIFICIOS Y OTRAS CONSTRUCCIONES;ADMIN20230300001174;MANTENIMIENTO INST.ELECTRICIDAD Y SEGURIDAD DFB 2024/2025 P.;CONT220250200026572;ALSE TEC-RADIMER MANTENIMIENTO INST.ELECTRIC Y SEG.DFB 2025;="01";ABIERTO;="01";INICIAL;CT12;Servicios Centralizados;378,18;378,18;
BFA;DFB;2025;009;ALSE TECNOLOGIA SL-RADIMER SERVICIOS ENERGETICOS SL UTE LEY;ERAIKINAK ETA BESTE ERAIKUNTZA BATZUK;EDIFICIOS Y OTRAS CONSTRUCCIONES;ADMIN20230300001174;MANTENIMIENTO INST.ELECTRICIDAD Y SEGURIDAD DFB 2024/2025 P.;CONT220250200028741;ALSE TEC-RADIMER MANTENIMIENTO INST.ELECTRIC Y SEG.DFB 2024/;="01";ABIERTO;="01";INICIAL;CT12;Servicios Centralizados;721,44;721,44;
BFA;DFB;2025;009;ALSE TECNOLOGIA SL-RADIMER SERVICIOS ENERGETICOS SL UTE LEY;ERAIKINAK ETA BESTE ERAIKUNTZA BATZUK;EDIFICIOS Y OTRAS CONSTRUCCIONES;ADMIN20230300001174;MANTENIMIENTO INST.ELECTRICIDAD Y SEGURIDAD DFB 2024/2025 P.;CONT220250200030337;ALSE TEC-RADIMER MANTENIMIENTO INST.ELECTRIC Y SEG.DFB 2024/;="01";ABIERTO;="01";INICIAL;CT12;Servicios Centralizados;6216,39;6216,39;
BFA;DFB;2025;009;ALSE TECNOLOGIA SL-RADIMER SERVICIOS ENERGETICOS SL UTE LEY;ERAIKINAK ETA BESTE ERAIKUNTZA BATZUK;EDIFICIOS Y OTRAS CONSTRUCCIONES;ADMIN20230300001174;MANTENIMIENTO INST.ELECTRICIDAD Y SEGURIDAD DFB 2024/2025 P.;CONT220250200032024;ALSE TEC-RADIMER MANTENIMIENTO INST.ELECTRIC Y SEG.DFB 2025;="01";ABIERTO;="01";INICIAL;CT12;Servicios Centralizados;7339,27;7339,27;
BFA;DFB;2025;009;ALSE TECNOLOGIA SL-RADIMER SERVICIOS ENERGETICOS SL UTE LEY;ERAIKINAK ETA BESTE ERAIKUNTZA BATZUK;EDIFICIOS Y OTRAS CONSTRUCCIONES;ADMIN20230300001174;MANTENIMIENTO INST.ELECTRICIDAD Y SEGURIDAD DFB 2024/2025 P.;CONT220250200032359;ALSE TEC-RADIMER MANTENIMIENTO INST.ELECTRIC Y SEG.DFB 2025;="01";ABIERTO;="01";INICIAL;CT12;Servicios Centralizados;7376,24;7376,24;
BFA;DFB;2025;009;ALSE TECNOLOGIA SL-RADIMER SERVICIOS ENERGETICOS SL UTE LEY;ERAIKINAK ETA BESTE ERAIKUNTZA BATZUK;EDIFICIOS Y OTRAS CONSTRUCCIONES;ADMIN20230300001175;CT CENTRALIZADO INSTALACIONES ELECTRICAS Y SEGURIDAD 24-25 (;CONT220230200035221;D  CT CENTRALIZADO INSTALACIONES ELECTRICAS Y SEGURIDAD 24-2;="01";ABIERTO;="01";INICIAL;CT12;Servicios Centralizados;342254,69;0,00;
BFA;DFB;2025;009;ALSE TECNOLOGIA SL-RADIMER SERVICIOS ENERGETICOS SL UTE LEY;ERAIKINAK ETA BESTE ERAIKUNTZA BATZUK;EDIFICIOS Y OTRAS CONSTRUCCIONES;ADMIN20230300001175;CT CENTRALIZADO INSTALACIONES ELECTRICAS Y SEGURIDAD 24-25 (;CONT220250200004459;MANTENIMIENTO INSTALACIONES ELECTRICAS Y SEGURIDAD. Enero 20;="01";ABIERTO;="01";INICIAL;CT12;Servicios Centralizados;0,00;28521,22;
BFA;DFB;2025;009;ALSE TECNOLOGIA SL-RADIMER SERVICIOS ENERGETICOS SL UTE LEY;ERAIKINAK ETA BESTE ERAIKUNTZA BATZUK;EDIFICIOS Y OTRAS CONSTRUCCIONES;ADMIN20230300001175;CT CENTRALIZADO INSTALACIONES ELECTRICAS Y SEGURIDAD 24-25 (;CONT220250200007224;CT CENTRALIZADO INSTALACIONES ELECTRICAS Y SEGURIDAD 24-25 (;="01";ABIERTO;="01";INICIAL;CT12;Servicios Centralizados;0,00;28521,22;
BFA;DFB;2025;009;ALSE TECNOLOGIA SL-RADIMER SERVICIOS ENERGETICOS SL UTE LEY;ERAIKINAK ETA BESTE ERAIKUNTZA BATZUK;EDIFICIOS Y OTRAS CONSTRUCCIONES;ADMIN20230300001175;CT CENTRALIZADO INSTALACIONES ELECTRICAS Y SEGURIDAD 24-25 (;CONT220250200009398;INSTALACIONES ELECTRICAS Y SEGURIDAD. Mtto marzo 2025 (ALSE);="01";ABIERTO;="01";INICIAL;CT12;Servicios Centralizados;0,00;28521,22;
BFA;DFB;2025;009;ALSE TECNOLOGIA SL-RADIMER SERVICIOS ENERGETICOS SL UTE LEY;ERAIKINAK ETA BESTE ERAIKUNTZA BATZUK;EDIFICIOS Y OTRAS CONSTRUCCIONES;ADMIN20230300001175;CT CENTRALIZADO INSTALACIONES ELECTRICAS Y SEGURIDAD 24-25 (;CONT220250200013452;INSTALACIONES ELECTRICAS Y SEGURIDAD ABRIL 2025;="01";ABIERTO;="01";INICIAL;CT12;Servicios Centralizados;0,00;28521,22;
BFA;DFB;2025;009;ALSE TECNOLOGIA SL-RADIMER SERVICIOS ENERGETICOS SL UTE LEY;ERAIKINAK ETA BESTE ERAIKUNTZA BATZUK;EDIFICIOS Y OTRAS CONSTRUCCIONES;ADMIN20230300001175;CT CENTRALIZADO INSTALACIONES ELECTRICAS Y SEGURIDAD 24-25 (;CONT220250200016895;INSTALACIONES ELECTRICAS Y SEGURIDAD MAYO 2025;="01";ABIERTO;="01";INICIAL;CT12;Servicios Centralizados;0,00;28521,22;
BFA;DFB;2025;009;ALSE TECNOLOGIA SL-RADIMER SERVICIOS ENERGETICOS SL UTE LEY;ERAIKINAK ETA BESTE ERAIKUNTZA BATZUK;EDIFICIOS Y OTRAS CONSTRUCCIONES;ADMIN20230300001175;CT CENTRALIZADO INSTALACIONES ELECTRICAS Y SEGURIDAD 24-25 (;CONT220250200020838; INSTALACIONES ELECTRICAS Y SEGURIDAD JUNIO (MTO PTVO);="01";ABIERTO;="01";INICIAL;CT12;Servicios Centralizados;0,00;28521,22;
BFA;DFB;2025;009;ALSE TECNOLOGIA SL-RADIMER SERVICIOS ENERGETICOS SL UTE LEY;ERAIKINAK ETA BESTE ERAIKUNTZA BATZUK;EDIFICIOS Y OTRAS CONSTRUCCIONES;ADMIN20230300001175;CT CENTRALIZADO INSTALACIONES ELECTRICAS Y SEGURIDAD 24-25 (;CONT220250200025975;INSTALACIONES ELECTRICAS Y SEGURIDAD. Julio 2025;="01";ABIERTO;="01";INICIAL;CT12;Servicios Centralizados;0,00;28521,22;
BFA;DFB;2025;009;ALSE TECNOLOGIA SL-RADIMER SERVICIOS ENERGETICOS SL UTE LEY;ERAIKINAK ETA BESTE ERAIKUNTZA BATZUK;EDIFICIOS Y OTRAS CONSTRUCCIONES;ADMIN20230300001175;CT CENTRALIZADO INSTALACIONES ELECTRICAS Y SEGURIDAD 24-25 (;CONT220250200032436;CTO CENTR INSTALAC ELECTRICAS Y SEGURIDAD. MTO PREV Agosto 2;="01";ABIERTO;="01";INICIAL;CT12;Servicios Centralizados;0,00;28521,22;
BFA;DFB;2025;009;ALSE TECNOLOGIA SL-RADIMER SERVICIOS ENERGETICOS SL UTE LEY;ERAIKINAK ETA BESTE ERAIKUNTZA BATZUK;EDIFICIOS Y OTRAS CONSTRUCCIONES;ADMIN20230300001176;CT CENTRALIZADO INSTALACIONES ELECTRICAS Y SEGURIDAD 24-25 (;CONT220250200004462;ALSE. CENTRALIZADO INST. ELECTRICAS Y SEGURIDAD 24-25 (MTO C;="01";ABIERTO;="01";INICIAL;CT12;Servicios Centralizados;25,47;25,47;
BFA;DFB;2025;009;ALSE TECNOLOGIA SL-RADIMER SERVICIOS ENERGETICOS SL UTE LEY;ERAIKINAK ETA BESTE ERAIKUNTZA BATZUK;EDIFICIOS Y OTRAS CONSTRUCCIONES;ADMIN20230300001176;CT CENTRALIZADO INSTALACIONES ELECTRICAS Y SEGURIDAD 24-25 (;CONT220250200008259;INSTALACIONES ELECTRICAS Y SEGURIDAD.(MTO CORRECTIVO).;="01";ABIERTO;="01";INICIAL;CT12;Servicios Centralizados;100,09;100,09;
BFA;DFB;2025;009;ALSE TECNOLOGIA SL-RADIMER SERVICIOS ENERGETICOS SL UTE LEY;ERAIKINAK ETA BESTE ERAIKUNTZA BATZUK;EDIFICIOS Y OTRAS CONSTRUCCIONES;ADMIN20230300001176;CT CENTRALIZADO INSTALACIONES ELECTRICAS Y SEGURIDAD 24-25 (;CONT220250200011668;ALSE.CENTRALIZADO INST. ELECTRICAS Y SEGURIDAD 24-25 (MTO CO;="01";ABIERTO;="01";INICIAL;CT12;Servicios Centralizados;2740,01;2740,01;
BFA;DFB;2025;009;ALSE TECNOLOGIA SL-RADIMER SERVICIOS ENERGETICOS SL UTE LEY;ERAIKINAK ETA BESTE ERAIKUNTZA BATZUK;EDIFICIOS Y OTRAS CONSTRUCCIONES;ADMIN20230300001176;CT CENTRALIZADO INSTALACIONES ELECTRICAS Y SEGURIDAD 24-25 (;CONT220250200013461;CT INSTALAC ELECTRICAS Y SEGURIDAD 24-25 (MTO CORRECTIVO);="01";ABIERTO;="01";INICIAL;CT12;Servicios Centralizados;159,95;159,95;
BFA;DFB;2025;009;ALSE TECNOLOGIA SL-RADIMER SERVICIOS ENERGETICOS SL UTE LEY;ERAIKINAK ETA BESTE ERAIKUNTZA BATZUK;EDIFICIOS Y OTRAS CONSTRUCCIONES;ADMIN20230300001176;CT CENTRALIZADO INSTALACIONES ELECTRICAS Y SEGURIDAD 24-25 (;CONT220250200020815; INSTALACIONES ELECTRICAS Y SEGURIDAD (MTO CORRECTIVO);="01";ABIERTO;="01";INICIAL;CT12;Servicios Centralizados;2461,08;2461,08;
BFA;DFB;2025;009;ALSE TECNOLOGIA SL-RADIMER SERVICIOS ENERGETICOS SL UTE LEY;ERAIKINAK ETA BESTE ERAIKUNTZA BATZUK;EDIFICIOS Y OTRAS CONSTRUCCIONES;ADMIN20230300001176;CT CENTRALIZADO INSTALACIONES ELECTRICAS Y SEGURIDAD 24-25 (;CONT220250200024557;INSTALACIONES ELECTRICAS Y SEGURIDAD (MTO CORRECTIVO);="01";ABIERTO;="01";INICIAL;CT12;Servicios Centralizados;181,45;181,45;
BFA;DFB;2025;009;ALSE TECNOLOGIA SL-RADIMER SERVICIOS ENERGETICOS SL UTE LEY;ERAIKINAK ETA BESTE ERAIKUNTZA BATZUK;EDIFICIOS Y OTRAS CONSTRUCCIONES;ADMIN20230300001176;CT CENTRALIZADO INSTALACIONES ELECTRICAS Y SEGURIDAD 24-25 (;CONT220250200025977;CT CENTRALIZADO INSTALACIONES ELECTRICAS Y SEGURIDAD 24-25 (;="01";ABIERTO;="01";INICIAL;CT12;Servicios Centralizados;5681,15;5681,15;
BFA;DFB;2025;009;ALSE TECNOLOGIA SL-RADIMER SERVICIOS ENERGETICOS SL UTE LEY;ERAIKINAK ETA BESTE ERAIKUNTZA BATZUK;EDIFICIOS Y OTRAS CONSTRUCCIONES;ADMIN20230300001176;CT CENTRALIZADO INSTALACIONES ELECTRICAS Y SEGURIDAD 24-25 (;CONT220250200029677;INSTALACIONES ELECTRICAS Y SEGURIDAD 24-25 (MTO CORRECTIVO);="01";ABIERTO;="01";INICIAL;CT12;Servicios Centralizados;93,32;93,32;
BFA;DFB;2025;009;ALSE TECNOLOGIA SL-RADIMER SERVICIOS ENERGETICOS SL UTE LEY;ERAIKINAK ETA BESTE ERAIKUNTZA BATZUK;EDIFICIOS Y OTRAS CONSTRUCCIONES;ADMIN20230300001176;CT CENTRALIZADO INSTALACIONES ELECTRICAS Y SEGURIDAD 24-25 (;CONT220250200031910;TRABAJOS DE ADECUACIÓN Y MODIFICACIÓN CUADROS GENERALES (MTO;="01";ABIERTO;="01";INICIAL;CT12;Servicios Centralizados;34394,20;34394,20;
BFA;DFB;2025;009;ALSE TECNOLOGIA SL-RADIMER SERVICIOS ENERGETICOS SL UTE LEY;ERAIKINAK ETA BESTE ERAIKUNTZA BATZUK;EDIFICIOS Y OTRAS CONSTRUCCIONES;ADMIN20230300001176;CT CENTRALIZADO INSTALACIONES ELECTRICAS Y SEGURIDAD 24-25 (;CONT220250200032445;CT CENTRALIZADO INSTALACIONES ELECTRICAS Y SEGURIDAD 24-25 (;="01";ABIERTO;="01";INICIAL;CT12;Servicios Centralizados;187,80;187,80;
BFA;DFB;2025;009;ALSE TECNOLOGIA SL-RADIMER SERVICIOS ENERGETICOS SL UTE LEY;ERAIKINAK ETA BESTE ERAIKUNTZA BATZUK;EDIFICIOS Y OTRAS CONSTRUCCIONES;ADMIN20230300001180;CTO. MTO. INSTALACIONES DE ELECTRICIDAD/SEGURIDAD 2024/2025:;CONT220230200035215;DISPOSICIÓN CRÉDITO CTO. MTO. INSTALAC. ELÉCTRICA/SGRIDAD 24;="01";ABIERTO;="01";INICIAL;CT12;Servicios Centralizados;294233,98;0,00;
BFA;DFB;2025;009;ALSE TECNOLOGIA SL-RADIMER SERVICIOS ENERGETICOS SL UTE LEY;ERAIKINAK ETA BESTE ERAIKUNTZA BATZUK;EDIFICIOS Y OTRAS CONSTRUCCIONES;ADMIN20230300001180;CTO. MTO. INSTALACIONES DE ELECTRICIDAD/SEGURIDAD 2024/2025:;CONT220250200003111;CTO. MTO. INSTALAC. ELÉCTRICA/SGRIDAD - ENERO 2025;="01";ABIERTO;="01";INICIAL;CT12;Servicios Centralizados;0,00;24519,48;
BFA;DFB;2025;009;ALSE TECNOLOGIA SL-RADIMER SERVICIOS ENERGETICOS SL UTE LEY;ERAIKINAK ETA BESTE ERAIKUNTZA BATZUK;EDIFICIOS Y OTRAS CONSTRUCCIONES;ADMIN20230300001180;CTO. MTO. INSTALACIONES DE ELECTRICIDAD/SEGURIDAD 2024/2025:;CONT220250200007251;CTO. MTO. INSTALAC. ELÉCTRICA/SGRIDAD - FEBRERO;="01";ABIERTO;="01";INICIAL;CT12;Servicios Centralizados;0,00;24519,48;
BFA;DFB;2025;009;ALSE TECNOLOGIA SL-RADIMER SERVICIOS ENERGETICOS SL UTE LEY;ERAIKINAK ETA BESTE ERAIKUNTZA BATZUK;EDIFICIOS Y OTRAS CONSTRUCCIONES;ADMIN20230300001180;CTO. MTO. INSTALACIONES DE ELECTRICIDAD/SEGURIDAD 2024/2025:;CONT220250200009395;CTO. MTO. INSTALAC. ELÉCTRICA/SGRIDAD 24/25 - MARZO;="01";ABIERTO;="01";INICIAL;CT12;Servicios Centralizados;0,00;24519,48;
BFA;DFB;2025;009;ALSE TECNOLOGIA SL-RADIMER SERVICIOS ENERGETICOS SL UTE LEY;ERAIKINAK ETA BESTE ERAIKUNTZA BATZUK;EDIFICIOS Y OTRAS CONSTRUCCIONES;ADMIN20230300001180;CTO. MTO. INSTALACIONES DE ELECTRICIDAD/SEGURIDAD 2024/2025:;CONT220250200013471;MTO. INSTALAC. ELÉCTRICA/SGRIDAD - ABRIL 2025;="01";ABIERTO;="01";INICIAL;CT12;Servicios Centralizados;0,00;24519,48;
BFA;DFB;2025;009;ALSE TECNOLOGIA SL-RADIMER SERVICIOS ENERGETICOS SL UTE LEY;ERAIKINAK ETA BESTE ERAIKUNTZA BATZUK;EDIFICIOS Y OTRAS CONSTRUCCIONES;ADMIN20230300001180;CTO. MTO. INSTALACIONES DE ELECTRICIDAD/SEGURIDAD 2024/2025:;CONT220250200020954; MTO. INSTALAC. ELÉCTRICA/SGRIDAD - MAYO 2025;="01";ABIERTO;="01";INICIAL;CT12;Servicios Centralizados;0,00;24519,48;
BFA;DFB;2025;009;ALSE TECNOLOGIA SL-RADIMER SERVICIOS ENERGETICOS SL UTE LEY;ERAIKINAK ETA BESTE ERAIKUNTZA BATZUK;EDIFICIOS Y OTRAS CONSTRUCCIONES;ADMIN20230300001180;CTO. MTO. INSTALACIONES DE ELECTRICIDAD/SEGURIDAD 2024/2025:;CONT220250200021385;MTO. INSTALAC. ELÉCTRICA/SGRIDAD - JUNIO 2025;="01";ABIERTO;="01";INICIAL;CT12;Servicios Centralizados;0,00;24519,48;
BFA;DFB;2025;009;ALSE TECNOLOGIA SL-RADIMER SERVICIOS ENERGETICOS SL UTE LEY;ERAIKINAK ETA BESTE ERAIKUNTZA BATZUK;EDIFICIOS Y OTRAS CONSTRUCCIONES;ADMIN20230300001180;CTO. MTO. INSTALACIONES DE ELECTRICIDAD/SEGURIDAD 2024/2025:;CONT220250200028069;MTO. INSTALAC. ELÉCTRICA/SGRIDAD - JULIO 2025;="01";ABIERTO;="01";INICIAL;CT12;Servicios Centralizados;0,00;24519,48;
BFA;DFB;2025;009;ALSE TECNOLOGIA SL-RADIMER SERVICIOS ENERGETICOS SL UTE LEY;ERAIKINAK ETA BESTE ERAIKUNTZA BATZUK;EDIFICIOS Y OTRAS CONSTRUCCIONES;ADMIN20230300001181;CTO. MTO. INSTAL. ELECTR./SEGURIDAD:MATER./SERVS PUNTUALES Y;CONT220250200003114;MATER./SERVS PUNTUALES INSTAL.ELECTR. - BIBLIOTECA FORAL;="01";ABIERTO;="01";INICIAL;CT12;Servicios Centralizados;39,23;39,23;
BFA;DFB;2025;009;ALSE TECNOLOGIA SL-RADIMER SERVICIOS ENERGETICOS SL UTE LEY;ERAIKINAK ETA BESTE ERAIKUNTZA BATZUK;EDIFICIOS Y OTRAS CONSTRUCCIONES;ADMIN20230300001181;CTO. MTO. INSTAL. ELECTR./SEGURIDAD:MATER./SERVS PUNTUALES Y;CONT220250200004480;CTO.MTO. INSTAL.ELECTR./SEGUR.:REPARACIÓN PUNTUAL ARCHIVO FO;="01";ABIERTO;="01";INICIAL;CT12;Servicios Centralizados;1706,04;1706,04;
BFA;DFB;2025;009;ALSE TECNOLOGIA SL-RADIMER SERVICIOS ENERGETICOS SL UTE LEY;ERAIKINAK ETA BESTE ERAIKUNTZA BATZUK;EDIFICIOS Y OTRAS CONSTRUCCIONES;ADMIN20230300001181;CTO. MTO. INSTAL. ELECTR./SEGURIDAD:MATER./SERVS PUNTUALES Y;CONT220250200007256;CTO.MTO. INSTAL.ELECTR./SEGUR.:REPARACION EN BIBLIOTECA FORA;="01";ABIERTO;="01";INICIAL;CT12;Servicios Centralizados;26,92;26,92;
BFA;DFB;2025;009;ALSE TECNOLOGIA SL-RADIMER SERVICIOS ENERGETICOS SL UTE LEY;ERAIKINAK ETA BESTE ERAIKUNTZA BATZUK;EDIFICIOS Y OTRAS CONSTRUCCIONES;ADMIN20230300001181;CTO. MTO. INSTAL. ELECTR./SEGURIDAD:MATER./SERVS PUNTUALES Y;CONT220250200011692;CTO MTO INST. ELECT/SGRIDAD - SERV. PUNTUALES BIBLIOTECA Y A;="01";ABIERTO;="01";INICIAL;CT12;Servicios Centralizados;3098,62;3098,62;
BFA;DFB;2025;009;ALSE TECNOLOGIA SL-RADIMER SERVICIOS ENERGETICOS SL UTE LEY;ERAIKINAK ETA BESTE ERAIKUNTZA BATZUK;EDIFICIOS Y OTRAS CONSTRUCCIONES;ADMIN20230300001181;CTO. MTO. INSTAL. ELECTR./SEGURIDAD:MATER./SERVS PUNTUALES Y;CONT220250200013474;REPARACIÓN ARCHIVO FORAL - MTO. INST. ELECT/SGRIDAD.;="01";ABIERTO;="01";INICIAL;CT12;Servicios Centralizados;2590,68;2590,68;
BFA;DFB;2025;009;ALSE TECNOLOGIA SL-RADIMER SERVICIOS ENERGETICOS SL UTE LEY;ERAIKINAK ETA BESTE ERAIKUNTZA BATZUK;EDIFICIOS Y OTRAS CONSTRUCCIONES;ADMIN20230300001181;CTO. MTO. INSTAL. ELECTR./SEGURIDAD:MATER./SERVS PUNTUALES Y;CONT220250200015580;REPARACIONES EN EL SIST. ELECT/SGRIDAD. - ALBERGUE GORLIZ Y;="01";ABIERTO;="01";INICIAL;CT12;Servicios Centralizados;168,43;168,43;
BFA;DFB;2025;009;ALSE TECNOLOGIA SL-RADIMER SERVICIOS ENERGETICOS SL UTE LEY;ERAIKINAK ETA BESTE ERAIKUNTZA BATZUK;EDIFICIOS Y OTRAS CONSTRUCCIONES;ADMIN20230300001181;CTO. MTO. INSTAL. ELECTR./SEGURIDAD:MATER./SERVS PUNTUALES Y;CONT220250200020957;REPARACIONES INST. ELECT/SGRIDAD - BIBLIOTECA Y ARCHIVO FORA;="01";ABIERTO;="01";INICIAL;CT12;Servicios Centralizados;1447,01;1447,01;
BFA;DFB;2025;009;ALSE TECNOLOGIA SL-RADIMER SERVICIOS ENERGETICOS SL UTE LEY;ERAIKINAK ETA BESTE ERAIKUNTZA BATZUK;EDIFICIOS Y OTRAS CONSTRUCCIONES;ADMIN20230300001181;CTO. MTO. INSTAL. ELECTR./SEGURIDAD:MATER./SERVS PUNTUALES Y;CONT220250200026024;MTO. INST. ELECT/SGRIDAD - REPARACION EN ARCHIVO FORAL;="01";ABIERTO;="01";INICIAL;CT12;Servicios Centralizados;39,23;39,23;
BFA;DFB;2025;009;ALSE TECNOLOGIA SL-RADIMER SERVICIOS ENERGETICOS SL UTE LEY;ERAIKINAK ETA BESTE ERAIKUNTZA BATZUK;EDIFICIOS Y OTRAS CONSTRUCCIONES;ADMIN20230300001181;CTO. MTO. INSTAL. ELECTR./SEGURIDAD:MATER./SERVS PUNTUALES Y;CONT220250200029915;REPARACIONES EN ARCHIVO Y BIBLIOTECA FORAL;="01";ABIERTO;="01";INICIAL;CT12;Servicios Centralizados;83,33;83,33;
BFA;DFB;2025;009;ALSE TECNOLOGIA SL-RADIMER SERVICIOS ENERGETICOS SL UTE LEY;ERAIKINAK ETA BESTE ERAIKUNTZA BATZUK;EDIFICIOS Y OTRAS CONSTRUCCIONES;ADMIN20230300001182;MANTENIMIENTO INSTALACIONES ELECTRICAS Y DE SEGURIDAD-preven;CONT220230200035430;D - MANTENIMIENTO INSTALACIONES ELECTRICAS Y DE SEGURIDAD-pr;="01";ABIERTO;="01";INICIAL;CT12;Servicios Centralizados;104307,05;0,00;
BFA;DFB;2025;009;ALSE TECNOLOGIA SL-RADIMER SERVICIOS ENERGETICOS SL UTE LEY;ERAIKINAK ETA BESTE ERAIKUNTZA BATZUK;EDIFICIOS Y OTRAS CONSTRUCCIONES;ADMIN20230300001182;MANTENIMIENTO INSTALACIONES ELECTRICAS Y DE SEGURIDAD-preven;CONT220250200001763;OK - MANTENIMIENTO INSTALACIONES ELECTRICAS Y DE SEGURIDAD (;="01";ABIERTO;="01";INICIAL;CT12;Servicios Centralizados;0,00;8692,30;
BFA;DFB;2025;009;ALSE TECNOLOGIA SL-RADIMER SERVICIOS ENERGETICOS SL UTE LEY;ERAIKINAK ETA BESTE ERAIKUNTZA BATZUK;EDIFICIOS Y OTRAS CONSTRUCCIONES;ADMIN20230300001182;MANTENIMIENTO INSTALACIONES ELECTRICAS Y DE SEGURIDAD-preven;CONT220250200005355;OK - MANTENIMIENTO INSTALACIONES ELECTRICAS Y DE SEGURIDAD (;="01";ABIERTO;="01";INICIAL;CT12;Servicios Centralizados;0,00;8692,30;
BFA;DFB;2025;009;ALSE TECNOLOGIA SL-RADIMER SERVICIOS ENERGETICOS SL UTE LEY;ERAIKINAK ETA BESTE ERAIKUNTZA BATZUK;EDIFICIOS Y OTRAS CONSTRUCCIONES;ADMIN20230300001182;MANTENIMIENTO INSTALACIONES ELECTRICAS Y DE SEGURIDAD-preven;CONT220250200009352;OK - MANTENIMIENTO INSTALACIONES ELECTRICAS Y DE SEGURIDAD (;="01";ABIERTO;="01";INICIAL;CT12;Servicios Centralizados;0,00;8692,30;
BFA;DFB;2025;009;ALSE TECNOLOGIA SL-RADIMER SERVICIOS ENERGETICOS SL UTE LEY;ERAIKINAK ETA BESTE ERAIKUNTZA BATZUK;EDIFICIOS Y OTRAS CONSTRUCCIONES;ADMIN20230300001182;MANTENIMIENTO INSTALACIONES ELECTRICAS Y DE SEGURIDAD-preven;CONT220250200012203;OK - MANTENIMIENTO INSTALACIONES ELECTRICAS Y DE SEGURIDAD (;="01";ABIERTO;="01";INICIAL;CT12;Servicios Centralizados;0,00;8692,30;
BFA;DFB;2025;009;ALSE TECNOLOGIA SL-RADIMER SERVICIOS ENERGETICOS SL UTE LEY;ERAIKINAK ETA BESTE ERAIKUNTZA BATZUK;EDIFICIOS Y OTRAS CONSTRUCCIONES;ADMIN20230300001182;MANTENIMIENTO INSTALACIONES ELECTRICAS Y DE SEGURIDAD-preven;CONT220250200016047;OK - MANTENIMIENTO INSTALACIONES ELECTRICAS Y DE SEGURIDAD (;="01";ABIERTO;="01";INICIAL;CT12;Servicios Centralizados;0,00;8692,30;
BFA;DFB;2025;009;ALSE TECNOLOGIA SL-RADIMER SERVICIOS ENERGETICOS SL UTE LEY;ERAIKINAK ETA BESTE ERAIKUNTZA BATZUK;EDIFICIOS Y OTRAS CONSTRUCCIONES;ADMIN20230300001182;MANTENIMIENTO INSTALACIONES ELECTRICAS Y DE SEGURIDAD-preven;CONT220250200021012;OK - MANTENIMIENTO INSTALACIONES ELECTRICAS Y DE SEGURIDAD (;="01";ABIERTO;="01";INICIAL;CT12;Servicios Centralizados;0,00;8692,30;
BFA;DFB;2025;009;ALSE TECNOLOGIA SL-RADIMER SERVICIOS ENERGETICOS SL UTE LEY;ERAIKINAK ETA BESTE ERAIKUNTZA BATZUK;EDIFICIOS Y OTRAS CONSTRUCCIONES;ADMIN20230300001182;MANTENIMIENTO INSTALACIONES ELECTRICAS Y DE SEGURIDAD-preven;CONT220250200026284;OK - MANTENIMIENTO INSTALACIONES ELECTRICAS Y DE SEGURIDAD (;="01";ABIERTO;="01";INICIAL;CT12;Servicios Centralizados;0,00;8692,30;
BFA;DFB;2025;009;ALSE TECNOLOGIA SL-RADIMER SERVICIOS ENERGETICOS SL UTE LEY;ERAIKINAK ETA BESTE ERAIKUNTZA BATZUK;EDIFICIOS Y OTRAS CONSTRUCCIONES;ADMIN20230300001183;MANTENIMIENTO INSTALACIONES ELECT. Y DE SEGURIDAD - Correcti;CONT220250200003534;DOK - ALSE TECNOLOGIA SL-RADIMER SERVICIOS ENERGETICOS SL UT;="01";ABIERTO;="01";INICIAL;CT12;Servicios Centralizados;204,12;204,12;
BFA;DFB;2025;009;ALSE TECNOLOGIA SL-RADIMER SERVICIOS ENERGETICOS SL UTE LEY;ERAIKINAK ETA BESTE ERAIKUNTZA BATZUK;EDIFICIOS Y OTRAS CONSTRUCCIONES;ADMIN20230300001183;MANTENIMIENTO INSTALACIONES ELECT. Y DE SEGURIDAD - Correcti;CONT220250200009674;DOK - ALSE TECNOLOGIA SL-RADIMER SERVICIOS ENERGETICOS SL UT;="01";ABIERTO;="01";INICIAL;CT12;Servicios Centralizados;878,10;878,10;
BFA;DFB;2025;009;ALSE TECNOLOGIA SL-RADIMER SERVICIOS ENERGETICOS SL UTE LEY;ERAIKINAK ETA BESTE ERAIKUNTZA BATZUK;EDIFICIOS Y OTRAS CONSTRUCCIONES;ADMIN20230300001183;MANTENIMIENTO INSTALACIONES ELECT. Y DE SEGURIDAD - Correcti;CONT220250200021405;DOK - ALSE TECNOLOGIA SL-RADIMER SERVICIOS ENERGETICOS SL UT;="01";ABIERTO;="01";INICIAL;CT12;Servicios Centralizados;827,08;827,08;
BFA;DFB;2025;009;ALSE TECNOLOGIA SL-RADIMER SERVICIOS ENERGETICOS SL UTE LEY;ERAIKINAK ETA BESTE ERAIKUNTZA BATZUK;EDIFICIOS Y OTRAS CONSTRUCCIONES;ADMIN20230300001190;CTRA. MANTENIMIENTO PREVENTIVO DE INST ELECTRICIDAD  Y SEGUR;CONT220230200035311;(D) CTRA. MANTENIMIENTO PREVENTIVO INST ELECTRICIDAD Y SEGUR;="01";ABIERTO;="01";INICIAL;CT12;Servicios Centralizados;184007,44;0,00;
BFA;DFB;2025;009;ALSE TECNOLOGIA SL-RADIMER SERVICIOS ENERGETICOS SL UTE LEY;ERAIKINAK ETA BESTE ERAIKUNTZA BATZUK;EDIFICIOS Y OTRAS CONSTRUCCIONES;ADMIN20230300001190;CTRA. MANTENIMIENTO PREVENTIVO DE INST ELECTRICIDAD  Y SEGUR;CONT220250200000622;(OK) CTRA. MTTO PREVENTIVO INST ELECTRICIDAD Y SEGURIDAD ENE;="01";ABIERTO;="09";OTROS;CT12;Servicios Centralizados;0,00;12222,31;
BFA;DFB;2025;009;ALSE TECNOLOGIA SL-RADIMER SERVICIOS ENERGETICOS SL UTE LEY;ERAIKINAK ETA BESTE ERAIKUNTZA BATZUK;EDIFICIOS Y OTRAS CONSTRUCCIONES;ADMIN20230300001190;CTRA. MANTENIMIENTO PREVENTIVO DE INST ELECTRICIDAD  Y SEGUR;CONT220250200006035;(OK) CTRA. MTTO PREVENTIVO INST ELECTRICIDAD Y SEGURIDAD FEB;="01";ABIERTO;="09";OTROS;CT12;Servicios Centralizados;0,00;12222,31;
BFA;DFB;2025;009;ALSE TECNOLOGIA SL-RADIMER SERVICIOS ENERGETICOS SL UTE LEY;ERAIKINAK ETA BESTE ERAIKUNTZA BATZUK;EDIFICIOS Y OTRAS CONSTRUCCIONES;ADMIN20230300001190;CTRA. MANTENIMIENTO PREVENTIVO DE INST ELECTRICIDAD  Y SEGUR;CONT220250200009300;(OK) CTRA. MTTO PREVENTIVO INST ELECTRICIDAD Y SEGURIDAD MAR;="01";ABIERTO;="09";OTROS;CT12;Servicios Centralizados;0,00;19011,35;
BFA;DFB;2025;009;ALSE TECNOLOGIA SL-RADIMER SERVICIOS ENERGETICOS SL UTE LEY;ERAIKINAK ETA BESTE ERAIKUNTZA BATZUK;EDIFICIOS Y OTRAS CONSTRUCCIONES;ADMIN20230300001190;CTRA. MANTENIMIENTO PREVENTIVO DE INST ELECTRICIDAD  Y SEGUR;CONT220250200012245;(OK) CTRA. MTTO PREVENTIVO INST ELECTRICIDAD Y SEGURIDAD ABR;="01";ABIERTO;="09";OTROS;CT12;Servicios Centralizados;0,00;15616,83;
BFA;DFB;2025;009;ALSE TECNOLOGIA SL-RADIMER SERVICIOS ENERGETICOS SL UTE LEY;ERAIKINAK ETA BESTE ERAIKUNTZA BATZUK;EDIFICIOS Y OTRAS CONSTRUCCIONES;ADMIN20230300001190;CTRA. MANTENIMIENTO PREVENTIVO DE INST ELECTRICIDAD  Y SEGUR;CONT220250200016600;(OK) CTRA. MTTO PREVENTIVO INST ELECTRICIDAD Y SEGURIDAD MAY;="01";ABIERTO;="09";OTROS;CT12;Servicios Centralizados;0,00;15616,83;
BFA;DFB;2025;009;ALSE TECNOLOGIA SL-RADIMER SERVICIOS ENERGETICOS SL UTE LEY;ERAIKINAK ETA BESTE ERAIKUNTZA BATZUK;EDIFICIOS Y OTRAS CONSTRUCCIONES;ADMIN20230300001190;CTRA. MANTENIMIENTO PREVENTIVO DE INST ELECTRICIDAD  Y SEGUR;CONT220250200020817;(OK) CTRA. MTTO PREVENTIVO INST ELECTRICIDAD Y SEGURIDAD JUN;="01";ABIERTO;="09";OTROS;CT12;Servicios Centralizados;0,00;15616,83;
BFA;DFB;2025;009;ALSE TECNOLOGIA SL-RADIMER SERVICIOS ENERGETICOS SL UTE LEY;ERAIKINAK ETA BESTE ERAIKUNTZA BATZUK;EDIFICIOS Y OTRAS CONSTRUCCIONES;ADMIN20230300001190;CTRA. MANTENIMIENTO PREVENTIVO DE INST ELECTRICIDAD  Y SEGUR;CONT220250200026244;(OK) CTRA. MTTO PREVENTIVO INST ELECTRICIDAD Y SEGURIDAD JUL;="01";ABIERTO;="09";OTROS;CT12;Servicios Centralizados;0,00;15616,83;
BFA;DFB;2025;009;ALSE TECNOLOGIA SL-RADIMER SERVICIOS ENERGETICOS SL UTE LEY;ERAIKINAK ETA BESTE ERAIKUNTZA BATZUK;EDIFICIOS Y OTRAS CONSTRUCCIONES;ADMIN20230300001190;CTRA. MANTENIMIENTO PREVENTIVO DE INST ELECTRICIDAD  Y SEGUR;CONT220250200029306;(OK) CTRA. MTTO PREVENTIVO INST ELECTRICIDAD Y SEGURIDAD AGO;="01";ABIERTO;="09";OTROS;CT12;Servicios Centralizados;0,00;15616,83;
BFA;DFB;2025;009;ALSE TECNOLOGIA SL-RADIMER SERVICIOS ENERGETICOS SL UTE LEY;ERAIKINAK ETA BESTE ERAIKUNTZA BATZUK;EDIFICIOS Y OTRAS CONSTRUCCIONES;ADMIN20230300001191;CTRA. MANTENIMIENTO CORRECTIVO DE INST ELECTRICIDAD  Y SEGUR;CONT220250200014243;(DOK) ALSE CAMBIO UCA AVERIADA CTT. MANT. CRRCTVO INST ELEC;="01";ABIERTO;="01";INICIAL;CT12;Servicios Centralizados;1003,68;1003,68;
BFA;DFB;2025;009;ALSE TECNOLOGIA SL-RADIMER SERVICIOS ENERGETICOS SL UTE LEY;ERAIKINAK ETA BESTE ERAIKUNTZA BATZUK;EDIFICIOS Y OTRAS CONSTRUCCIONES;ADMIN20230300001191;CTRA. MANTENIMIENTO CORRECTIVO DE INST ELECTRICIDAD  Y SEGUR;CONT220250200016482;(DOK) CTRA. MANTENIMIENTO CORRECTIVO INST ELEC Y SEG. 2025;="01";ABIERTO;="09";OTROS;CT12;Servicios Centralizados;274,73;274,73;
BFA;DFB;2025;009;ALSE TECNOLOGIA SL-RADIMER SERVICIOS ENERGETICOS SL UTE LEY;ERAIKINAK ETA BESTE ERAIKUNTZA BATZUK;EDIFICIOS Y OTRAS CONSTRUCCIONES;ADMIN20230300001191;CTRA. MANTENIMIENTO CORRECTIVO DE INST ELECTRICIDAD  Y SEGUR;CONT220250200020613;(DOK) CTRA. MANTENIMIENTO CORRECTIVO INST ELEC Y SEG. 2025;="01";ABIERTO;="09";OTROS;CT12;Servicios Centralizados;70,70;70,70;
BFA;DFB;2025;009;ALSE TECNOLOGIA SL-RADIMER SERVICIOS ENERGETICOS SL UTE LEY;ERAIKINAK ETA BESTE ERAIKUNTZA BATZUK;EDIFICIOS Y OTRAS CONSTRUCCIONES;ADMIN20230300001191;CTRA. MANTENIMIENTO CORRECTIVO DE INST ELECTRICIDAD  Y SEGUR;CONT220250200028835;(DOK) CTRA. MANTENIMIENTO CORRECTIVO INST ELEC Y SEG. 2025;="01";ABIERTO;="09";OTROS;CT12;Servicios Centralizados;35,23;35,23;
BFA;DFB;2025;009;ALSE TECNOLOGIA SL-RADIMER SERVICIOS ENERGETICOS SL UTE LEY;ERAIKINAK ETA BESTE ERAIKUNTZA BATZUK;EDIFICIOS Y OTRAS CONSTRUCCIONES;ADMIN20230300001205;MANTENIMIENTO INST.CLIMATIZACION Y CALEFACCION DFB 2024-2025;CONT220230200036991; 'D 'ANTICIPADO CLIMATIZACION Y CALEFACCION DFB 2024-2025. P;="01";ABIERTO;="01";INICIAL;CT12;Servicios Centralizados;286706,18;0,00;
BFA;DFB;2025;009;ALSE TECNOLOGIA SL-RADIMER SERVICIOS ENERGETICOS SL UTE LEY;ERAIKINAK ETA BESTE ERAIKUNTZA BATZUK;EDIFICIOS Y OTRAS CONSTRUCCIONES;ADMIN20230300001205;MANTENIMIENTO INST.CLIMATIZACION Y CALEFACCION DFB 2024-2025;CONT220250200000054; 'D/ 'CORRECCION ERROR CLIMATIZACION Y CALEFACCION DFB 2024-;="01";ABIERTO;="01";INICIAL;CT12;Servicios Centralizados;-286706,18;0,00;
BFA;DFB;2025;009;ALSE TECNOLOGIA SL-RADIMER SERVICIOS ENERGETICOS SL UTE LEY;ERAIKINAK ETA BESTE ERAIKUNTZA BATZUK;EDIFICIOS Y OTRAS CONSTRUCCIONES;ADMIN20230300001209;MANTENIMIENTO INSTALACIONES ELÉCTRICAS Y DE SEGURIDAD;CONT220230200035279;D -MANTENIMIENTO INSTALACIONES ELÉCTRICAS Y DE SEGURIDAD;="01";ABIERTO;="01";INICIAL;CT12;Servicios Centralizados;34793,58;0,00;
BFA;DFB;2025;009;ALSE TECNOLOGIA SL-RADIMER SERVICIOS ENERGETICOS SL UTE LEY;ERAIKINAK ETA BESTE ERAIKUNTZA BATZUK;EDIFICIOS Y OTRAS CONSTRUCCIONES;ADMIN20230300001209;MANTENIMIENTO INSTALACIONES ELÉCTRICAS Y DE SEGURIDAD;CONT220250200002653;ALSE TECNOLOGIA SL. Mantenimiento Enero;="01";ABIERTO;="01";INICIAL;CT12;Servicios Centralizados;0,00;2899,41;
BFA;DFB;2025;009;ALSE TECNOLOGIA SL-RADIMER SERVICIOS ENERGETICOS SL UTE LEY;ERAIKINAK ETA BESTE ERAIKUNTZA BATZUK;EDIFICIOS Y OTRAS CONSTRUCCIONES;ADMIN20230300001209;MANTENIMIENTO INSTALACIONES ELÉCTRICAS Y DE SEGURIDAD;CONT220250200005458;OK ALSE TECNOLOGIA SL-RADIMER SERVICIOS ENERGETICO;="01";ABIERTO;="01";INICIAL;CT12;Servicios Centralizados;0,00;2899,41;
BFA;DFB;2025;009;ALSE TECNOLOGIA SL-RADIMER SERVICIOS ENERGETICOS SL UTE LEY;ERAIKINAK ETA BESTE ERAIKUNTZA BATZUK;EDIFICIOS Y OTRAS CONSTRUCCIONES;ADMIN20230300001209;MANTENIMIENTO INSTALACIONES ELÉCTRICAS Y DE SEGURIDAD;CONT220250200009396;OK ALSE TECNOLOGIA SL-RADIMER SERVICIOS ENERGETICO;="01";ABIERTO;="01";INICIAL;CT12;Servicios Centralizados;0,00;2899,41;
BFA;DFB;2025;009;ALSE TECNOLOGIA SL-RADIMER SERVICIOS ENERGETICOS SL UTE LEY;ERAIKINAK ETA BESTE ERAIKUNTZA BATZUK;EDIFICIOS Y OTRAS CONSTRUCCIONES;ADMIN20230300001209;MANTENIMIENTO INSTALACIONES ELÉCTRICAS Y DE SEGURIDAD;CONT220250200012295;ALSE TECNOLOGIA SL-RADIMER SERVICIOS ENERGETICO. Mantenimien;="01";ABIERTO;="01";INICIAL;CT12;Servicios Centralizados;0,00;2899,41;
BFA;DFB;2025;009;ALSE TECNOLOGIA SL-RADIMER SERVICIOS ENERGETICOS SL UTE LEY;ERAIKINAK ETA BESTE ERAIKUNTZA BATZUK;EDIFICIOS Y OTRAS CONSTRUCCIONES;ADMIN20230300001209;MANTENIMIENTO INSTALACIONES ELÉCTRICAS Y DE SEGURIDAD;CONT220250200016702;OK ALSE TECNOLOGIA SL-RADIMER SERVICIOS ENERGETICO;="01";ABIERTO;="01";INICIAL;CT12;Servicios Centralizados;0,00;2899,41;
BFA;DFB;2025;009;ALSE TECNOLOGIA SL-RADIMER SERVICIOS ENERGETICOS SL UTE LEY;ERAIKINAK ETA BESTE ERAIKUNTZA BATZUK;EDIFICIOS Y OTRAS CONSTRUCCIONES;ADMIN20230300001209;MANTENIMIENTO INSTALACIONES ELÉCTRICAS Y DE SEGURIDAD;CONT220250200021047;OK ALSE TECNOLOGIA SL-RADIMER SERVICIOS ENERGETICO;="01";ABIERTO;="01";INICIAL;CT12;Servicios Centralizados;0,00;2899,41;
BFA;DFB;2025;009;ALSE TECNOLOGIA SL-RADIMER SERVICIOS ENERGETICOS SL UTE LEY;ERAIKINAK ETA BESTE ERAIKUNTZA BATZUK;EDIFICIOS Y OTRAS CONSTRUCCIONES;ADMIN20230300001209;MANTENIMIENTO INSTALACIONES ELÉCTRICAS Y DE SEGURIDAD;CONT220250200026029;OK ALSE TECNOLOGIA SL-RADIMER SERVICIOS ENERGETICO;="01";ABIERTO;="01";INICIAL;CT12;Servicios Centralizados;0,00;2899,41;
BFA;DFB;2025;009;ALSE TECNOLOGIA SL-RADIMER SERVICIOS ENERGETICOS SL UTE LEY;ERAIKINAK ETA BESTE ERAIKUNTZA BATZUK;EDIFICIOS Y OTRAS CONSTRUCCIONES;ADMIN20230300001209;MANTENIMIENTO INSTALACIONES ELÉCTRICAS Y DE SEGURIDAD;CONT220250200029116;OK ALSE TECNOLOGIA SL-RADIMER SERVICIOS ENERGETICO;="01";ABIERTO;="01";INICIAL;CT12;Servicios Centralizados;0,00;2899,41;
BFA;DFB;2025;009;ALSE TECNOLOGIA SL-RADIMER SERVICIOS ENERGETICOS SL UTE LEY;ERAIKINAK ETA BESTE ERAIKUNTZA BATZUK;EDIFICIOS Y OTRAS CONSTRUCCIONES;ADMIN20230300001210;MANTENIMIENTO INSTALACIONES ELÉCTRICAS Y DE SEGURIDAD(PU);CONT220250200021817;ALSE TECNOLOGIA SL-RADIMER SERVICIOS ENERGETIC. Reparación;="01";ABIERTO;="01";INICIAL;CT12;Servicios Centralizados;51,76;51,76;
BFA;DFB;2025;009;ALSE TECNOLOGIA SL-RADIMER SERVICIOS ENERGETICOS SL UTE LEY;ERAIKINAK ETA BESTE ERAIKUNTZA BATZUK;EDIFICIOS Y OTRAS CONSTRUCCIONES;ADMIN20230300001210;MANTENIMIENTO INSTALACIONES ELÉCTRICAS Y DE SEGURIDAD(PU);CONT220250200026808;DOK ALSE TECNOLOGIA SL-RADIMER SERVICIOS ENERGETIC;="01";ABIERTO;="01";INICIAL;CT12;Servicios Centralizados;305,19;305,19;
BFA;DFB;2025;009;ALSE TECNOLOGIA SL-RADIMER SERVICIOS ENERGETICOS SL UTE LEY;ERAIKINAK ETA BESTE ERAIKUNTZA BATZUK;EDIFICIOS Y OTRAS CONSTRUCCIONES;ADMIN20230300001210;MANTENIMIENTO INSTALACIONES ELÉCTRICAS Y DE SEGURIDAD(PU);CONT220250200031631;DOK ALSE TECNOLOGIA SL-RADIMER SERVICIOS ENERGETIC;="01";ABIERTO;="01";INICIAL;CT12;Servicios Centralizados;51,76;51,76;
BFA;DFB;2025;009;ALSE TECNOLOGIA SL-RADIMER SERVICIOS ENERGETICOS SL UTE LEY;ERAIKINAK ETA BESTE ERAIKUNTZA BATZUK;EDIFICIOS Y OTRAS CONSTRUCCIONES;ADMIN20230300001231;MANTENIM INSTALACIONES ELECTRICAS Y DE SEGURIDAD 24/25;CONT220230200035983;SGCC (D 24/25) MANT INSTALAC ELECTRICAS Y DE SEGURIDAD FIJO;="01";ABIERTO;="01";INICIAL;CT12;Servicios Centralizados;29498,38;0,00;
BFA;DFB;2025;009;ALSE TECNOLOGIA SL-RADIMER SERVICIOS ENERGETICOS SL UTE LEY;ERAIKINAK ETA BESTE ERAIKUNTZA BATZUK;EDIFICIOS Y OTRAS CONSTRUCCIONES;ADMIN20230300001231;MANTENIM INSTALACIONES ELECTRICAS Y DE SEGURIDAD 24/25;CONT220250200003509;SGCC-2025/01/31-CT INST ELECTR Y SEGURIDAD (FIJO);="01";ABIERTO;="01";INICIAL;CT12;Servicios Centralizados;0,00;2458,18;
BFA;DFB;2025;009;ALSE TECNOLOGIA SL-RADIMER SERVICIOS ENERGETICOS SL UTE LEY;ERAIKINAK ETA BESTE ERAIKUNTZA BATZUK;EDIFICIOS Y OTRAS CONSTRUCCIONES;ADMIN20230300001231;MANTENIM INSTALACIONES ELECTRICAS Y DE SEGURIDAD 24/25;CONT220250200008134;SGCC-2025/02/26-CT INST ELECTR Y SEGURIDAD (FIJO);="01";ABIERTO;="01";INICIAL;CT12;Servicios Centralizados;0,00;2458,18;
BFA;DFB;2025;009;ALSE TECNOLOGIA SL-RADIMER SERVICIOS ENERGETICOS SL UTE LEY;ERAIKINAK ETA BESTE ERAIKUNTZA BATZUK;EDIFICIOS Y OTRAS CONSTRUCCIONES;ADMIN20230300001231;MANTENIM INSTALACIONES ELECTRICAS Y DE SEGURIDAD 24/25;CONT220250200010014;SGCC-2025/03/25-CT INST ELECTR Y SEGURIDAD (FIJO);="01";ABIERTO;="01";INICIAL;CT12;Servicios Centralizados;0,00;2458,18;
BFA;DFB;2025;009;ALSE TECNOLOGIA SL-RADIMER SERVICIOS ENERGETICOS SL UTE LEY;ERAIKINAK ETA BESTE ERAIKUNTZA BATZUK;EDIFICIOS Y OTRAS CONSTRUCCIONES;ADMIN20230300001231;MANTENIM INSTALACIONES ELECTRICAS Y DE SEGURIDAD 24/25;CONT220250200013159;SGCC-2025/04/29-CT INST ELECTR Y SEGURIDAD (FIJO);="01";ABIERTO;="01";INICIAL;CT12;Servicios Centralizados;0,00;2458,18;
BFA;DFB;2025;009;ALSE TECNOLOGIA SL-RADIMER SERVICIOS ENERGETICOS SL UTE LEY;ERAIKINAK ETA BESTE ERAIKUNTZA BATZUK;EDIFICIOS Y OTRAS CONSTRUCCIONES;ADMIN20230300001231;MANTENIM INSTALACIONES ELECTRICAS Y DE SEGURIDAD 24/25;CONT220250200016174;SGCC-2025/05/26-CT INST ELECTR Y SEGURIDAD (FIJO);="01";ABIERTO;="01";INICIAL;CT12;Servicios Centralizados;0,00;2458,18;
BFA;DFB;2025;009;ALSE TECNOLOGIA SL-RADIMER SERVICIOS ENERGETICOS SL UTE LEY;ERAIKINAK ETA BESTE ERAIKUNTZA BATZUK;EDIFICIOS Y OTRAS CONSTRUCCIONES;ADMIN20230300001231;MANTENIM INSTALACIONES ELECTRICAS Y DE SEGURIDAD 24/25;CONT220250200024279;SGCC-2025/06/23-CT INST ELECTR Y SEGURIDAD (FIJO);="01";ABIERTO;="01";INICIAL;CT12;Servicios Centralizados;0,00;2458,18;
BFA;DFB;2025;009;ALSE TECNOLOGIA SL-RADIMER SERVICIOS ENERGETICOS SL UTE LEY;ERAIKINAK ETA BESTE ERAIKUNTZA BATZUK;EDIFICIOS Y OTRAS CONSTRUCCIONES;ADMIN20230300001231;MANTENIM INSTALACIONES ELECTRICAS Y DE SEGURIDAD 24/25;CONT220250200026888;SGCC-2025/07/17-CT INST ELECTR Y SEGURIDAD (FIJO);="01";ABIERTO;="01";INICIAL;CT12;Servicios Centralizados;0,00;2458,18;
BFA;DFB;2025;009;ALSE TECNOLOGIA SL-RADIMER SERVICIOS ENERGETICOS SL UTE LEY;ERAIKINAK ETA BESTE ERAIKUNTZA BATZUK;EDIFICIOS Y OTRAS CONSTRUCCIONES;ADMIN20230300001231;MANTENIM INSTALACIONES ELECTRICAS Y DE SEGURIDAD 24/25;CONT220250200030882;SGCC-2025/08/25-CT INST ELECTR Y SEGURIDAD (FIJO);="01";ABIERTO;="01";INICIAL;CT12;Servicios Centralizados;0,00;2458,18;
BFA;DFB;2025;009;ALSE TECNOLOGIA SL-RADIMER SERVICIOS ENERGETICOS SL UTE LEY;ERAIKINAK ETA BESTE ERAIKUNTZA BATZUK;EDIFICIOS Y OTRAS CONSTRUCCIONES;ADMIN20230300001232;MANTENIM INSTALACIONES ELECTRICAS Y DE SEGURIDAD 24/25;CONT220250200027844;SGCC-2025/07/15-CT INST ELECTR Y SEGURIDAD (VAR) A;="01";ABIERTO;="01";INICIAL;CT12;Servicios Centralizados;289,63;289,63;
BFA;DFB;2025;009;ALSE TECNOLOGIA SL-RADIMER SERVICIOS ENERGETICOS SL UTE LEY;ERAIKINAK ETA BESTE ERAIKUNTZA BATZUK;EDIFICIOS Y OTRAS CONSTRUCCIONES;ADMIN20230300001283;SGCC (24/25) MANTEN INST ELECTR Y SEGURIDAD (FIJO);CONT220230200035637;SGCC (D 24/25) MANTEN INST ELECTR Y SEGURIDAD (FIJO);="01";ABIERTO;="01";INICIAL;CT12;Servicios Centralizados;106901,33;0,00;
BFA;DFB;2025;009;ALSE TECNOLOGIA SL-RADIMER SERVICIOS ENERGETICOS SL UTE LEY;ERAIKINAK ETA BESTE ERAIKUNTZA BATZUK;EDIFICIOS Y OTRAS CONSTRUCCIONES;ADMIN20230300001283;SGCC (24/25) MANTEN INST ELECTR Y SEGURIDAD (FIJO);CONT220250200004412;SGCC-2025/01/31-CT (FIJO) MANTEN INSTALACIONES ELE;="01";ABIERTO;="01";INICIAL;CT12;Servicios Centralizados;0,00;8908,49;
BFA;DFB;2025;009;ALSE TECNOLOGIA SL-RADIMER SERVICIOS ENERGETICOS SL UTE LEY;ERAIKINAK ETA BESTE ERAIKUNTZA BATZUK;EDIFICIOS Y OTRAS CONSTRUCCIONES;ADMIN20230300001283;SGCC (24/25) MANTEN INST ELECTR Y SEGURIDAD (FIJO);CONT220250200007275;SGCC-2025/02/26-CT (FIJO) MANTEN INSTALACIONES ELE;="01";ABIERTO;="01";INICIAL;CT12;Servicios Centralizados;0,00;8908,49;
BFA;DFB;2025;009;ALSE TECNOLOGIA SL-RADIMER SERVICIOS ENERGETICOS SL UTE LEY;ERAIKINAK ETA BESTE ERAIKUNTZA BATZUK;EDIFICIOS Y OTRAS CONSTRUCCIONES;ADMIN20230300001283;SGCC (24/25) MANTEN INST ELECTR Y SEGURIDAD (FIJO);CONT220250200011396;SGCC-2025/03/25-CT (FIJO) MANTEN INSTALACIONES ELE;="01";ABIERTO;="01";INICIAL;CT12;Servicios Centralizados;0,00;8908,49;
BFA;DFB;2025;009;ALSE TECNOLOGIA SL-RADIMER SERVICIOS ENERGETICOS SL UTE LEY;ERAIKINAK ETA BESTE ERAIKUNTZA BATZUK;EDIFICIOS Y OTRAS CONSTRUCCIONES;ADMIN20230300001283;SGCC (24/25) MANTEN INST ELECTR Y SEGURIDAD (FIJO);CONT220250200012287;SGCC-2025/04/29-CT (FIJO) MANTEN INSTALACIONES ELE;="01";ABIERTO;="01";INICIAL;CT12;Servicios Centralizados;0,00;8908,49;
BFA;DFB;2025;009;ALSE TECNOLOGIA SL-RADIMER SERVICIOS ENERGETICOS SL UTE LEY;ERAIKINAK ETA BESTE ERAIKUNTZA BATZUK;EDIFICIOS Y OTRAS CONSTRUCCIONES;ADMIN20230300001283;SGCC (24/25) MANTEN INST ELECTR Y SEGURIDAD (FIJO);CONT220250200016057;SGCC-2025/05/26-CT (FIJO) MANTEN INSTALACIONES ELE;="01";ABIERTO;="01";INICIAL;CT12;Servicios Centralizados;0,00;8908,49;
BFA;DFB;2025;009;ALSE TECNOLOGIA SL-RADIMER SERVICIOS ENERGETICOS SL UTE LEY;ERAIKINAK ETA BESTE ERAIKUNTZA BATZUK;EDIFICIOS Y OTRAS CONSTRUCCIONES;ADMIN20230300001283;SGCC (24/25) MANTEN INST ELECTR Y SEGURIDAD (FIJO);CONT220250200021260;SGCC-2025/06/23-CT (FIJO) MANTEN INSTALACIONES ELE;="01";ABIERTO;="01";INICIAL;CT12;Servicios Centralizados;0,00;8908,49;
BFA;DFB;2025;009;ALSE TECNOLOGIA SL-RADIMER SERVICIOS ENERGETICOS SL UTE LEY;ERAIKINAK ETA BESTE ERAIKUNTZA BATZUK;EDIFICIOS Y OTRAS CONSTRUCCIONES;ADMIN20230300001283;SGCC (24/25) MANTEN INST ELECTR Y SEGURIDAD (FIJO);CONT220250200026807;SGCC-2025/07/17-CT (FIJO) MANTEN INSTALACIONES ELE;="01";ABIERTO;="01";INICIAL;CT12;Servicios Centralizados;0,00;8908,49;
BFA;DFB;2025;009;ALSE TECNOLOGIA SL-RADIMER SERVICIOS ENERGETICOS SL UTE LEY;ERAIKINAK ETA BESTE ERAIKUNTZA BATZUK;EDIFICIOS Y OTRAS CONSTRUCCIONES;ADMIN20230300001283;SGCC (24/25) MANTEN INST ELECTR Y SEGURIDAD (FIJO);CONT220250200029075;SGCC-2025/08/25-CT (FIJO) MANTEN INSTALACIONES ELE;="01";ABIERTO;="01";INICIAL;CT12;Servicios Centralizados;0,00;8908,49;
BFA;DFB;2025;009;ALSE TECNOLOGIA SL-RADIMER SERVICIOS ENERGETICOS SL UTE LEY;ERAIKINAK ETA BESTE ERAIKUNTZA BATZUK;EDIFICIOS Y OTRAS CONSTRUCCIONES;ADMIN20230300001284;SGCC (24/25) MANTEN INST ELECTR Y SEGURIDAD (VBLE: mat y ser;CONT220250200008266;SGCC-2025/03/19-CT (VARIABLE) MANTEN INSTALACIONES;="01";ABIERTO;="01";INICIAL;CT12;Servicios Centralizados;88,85;88,85;
BFA;DFB;2025;009;ALSE TECNOLOGIA SL-RADIMER SERVICIOS ENERGETICOS SL UTE LEY;ERAIKINAK ETA BESTE ERAIKUNTZA BATZUK;EDIFICIOS Y OTRAS CONSTRUCCIONES;ADMIN20230300001284;SGCC (24/25) MANTEN INST ELECTR Y SEGURIDAD (VBLE: mat y ser;CONT220250200008733;SGCC-2025/03/19-CT (VARIABLE) MANTEN INSTALACIONES;="01";ABIERTO;="01";INICIAL;CT12;Servicios Centralizados;44,10;44,10;
BFA;DFB;2025;009;ALSE TECNOLOGIA SL-RADIMER SERVICIOS ENERGETICOS SL UTE LEY;ERAIKINAK ETA BESTE ERAIKUNTZA BATZUK;EDIFICIOS Y OTRAS CONSTRUCCIONES;ADMIN20230300001284;SGCC (24/25) MANTEN INST ELECTR Y SEGURIDAD (VBLE: mat y ser;CONT220250200012516;SGCC-2025/04/29-CT (VARIABLE) MANTEN INSTALACIONES;="01";ABIERTO;="01";INICIAL;CT12;Servicios Centralizados;204,67;204,67;
BFA;DFB;2025;009;ALSE TECNOLOGIA SL-RADIMER SERVICIOS ENERGETICOS SL UTE LEY;ERAIKINAK ETA BESTE ERAIKUNTZA BATZUK;EDIFICIOS Y OTRAS CONSTRUCCIONES;ADMIN20230300001284;SGCC (24/25) MANTEN INST ELECTR Y SEGURIDAD (VBLE: mat y ser;CONT220250200012519;SGCC-2025/04/29-CT (VARIABLE) MANTEN INSTALACIONES;="01";ABIERTO;="01";INICIAL;CT12;Servicios Centralizados;130,63;130,63;
BFA;DFB;2025;009;ALSE TECNOLOGIA SL-RADIMER SERVICIOS ENERGETICOS SL UTE LEY;ERAIKINAK ETA BESTE ERAIKUNTZA BATZUK;EDIFICIOS Y OTRAS CONSTRUCCIONES;ADMIN20230300001284;SGCC (24/25) MANTEN INST ELECTR Y SEGURIDAD (VBLE: mat y ser;CONT220250200014215;SGCC-2025/05/09-CT (VARIABLE) MANTEN INSTALACIONES;="01";ABIERTO;="01";INICIAL;CT12;Servicios Centralizados;55,99;55,99;
BFA;DFB;2025;009;ALSE TECNOLOGIA SL-RADIMER SERVICIOS ENERGETICOS SL UTE LEY;ERAIKINAK ETA BESTE ERAIKUNTZA BATZUK;EDIFICIOS Y OTRAS CONSTRUCCIONES;ADMIN20230300001284;SGCC (24/25) MANTEN INST ELECTR Y SEGURIDAD (VBLE: mat y ser;CONT220250200014216;SGCC-2025/05/09-CT (VARIABLE) MANTEN INSTALACIONES;="01";ABIERTO;="01";INICIAL;CT12;Servicios Centralizados;39,23;39,23;
BFA;DFB;2025;009;ALSE TECNOLOGIA SL-RADIMER SERVICIOS ENERGETICOS SL UTE LEY;ERAIKINAK ETA BESTE ERAIKUNTZA BATZUK;EDIFICIOS Y OTRAS CONSTRUCCIONES;ADMIN20230300001284;SGCC (24/25) MANTEN INST ELECTR Y SEGURIDAD (VBLE: mat y ser;CONT220250200014304;SGCC-2025/05/09-CT (VARIABLE) MANTEN INSTALACIONES;="01";ABIERTO;="01";INICIAL;CT12;Servicios Centralizados;44,10;44,10;
BFA;DFB;2025;009;ALSE TECNOLOGIA SL-RADIMER SERVICIOS ENERGETICOS SL UTE LEY;ERAIKINAK ETA BESTE ERAIKUNTZA BATZUK;EDIFICIOS Y OTRAS CONSTRUCCIONES;ADMIN20230300001284;SGCC (24/25) MANTEN INST ELECTR Y SEGURIDAD (VBLE: mat y ser;CONT220250200019808;SGCC-2025/05/30-CT (VARIABLE) MANTEN INSTALACIONES;="01";ABIERTO;="01";INICIAL;CT12;Servicios Centralizados;47,14;47,14;
BFA;DFB;2025;009;ALSE TECNOLOGIA SL-RADIMER SERVICIOS ENERGETICOS SL UTE LEY;ERAIKINAK ETA BESTE ERAIKUNTZA BATZUK;EDIFICIOS Y OTRAS CONSTRUCCIONES;ADMIN20230300001284;SGCC (24/25) MANTEN INST ELECTR Y SEGURIDAD (VBLE: mat y ser;CONT220250200019885;SGCC-2025/05/30-CT (VARIABLE) MANTEN INSTALACIONES;="01";ABIERTO;="01";INICIAL;CT12;Servicios Centralizados;188,55;188,55;
BFA;DFB;2025;009;ALSE TECNOLOGIA SL-RADIMER SERVICIOS ENERGETICOS SL UTE LEY;ERAIKINAK ETA BESTE ERAIKUNTZA BATZUK;EDIFICIOS Y OTRAS CONSTRUCCIONES;ADMIN20230300001284;SGCC (24/25) MANTEN INST ELECTR Y SEGURIDAD (VBLE: mat y ser;CONT220250200026812;SGCC-2025/07/07-CT (VARIABLE) MANTEN INSTALACIONES;="01";ABIERTO;="01";INICIAL;CT12;Servicios Centralizados;55,99;55,99;
BFA;DFB;2025;009;ALSE TECNOLOGIA SL-RADIMER SERVICIOS ENERGETICOS SL UTE LEY;ERAIKINAK ETA BESTE ERAIKUNTZA BATZUK;EDIFICIOS Y OTRAS CONSTRUCCIONES;ADMIN20230300001284;SGCC (24/25) MANTEN INST ELECTR Y SEGURIDAD (VBLE: mat y ser;CONT220250200026818;SGCC-2025/07/28-CT (VARIABLE) MANTEN INSTALACIONES;="01";ABIERTO;="01";INICIAL;CT12;Servicios Centralizados;62,73;62,73;
BFA;DFB;2025;009;ALSE TECNOLOGIA SL-RADIMER SERVICIOS ENERGETICOS SL UTE LEY;ERAIKINAK ETA BESTE ERAIKUNTZA BATZUK;EDIFICIOS Y OTRAS CONSTRUCCIONES;ADMIN20230300001284;SGCC (24/25) MANTEN INST ELECTR Y SEGURIDAD (VBLE: mat y ser;CONT220250200028538;SGCC-2025/07/30-CT (VARIABLE) MANTEN INSTALACIONES;="01";ABIERTO;="01";INICIAL;CT12;Servicios Centralizados;1240,27;1240,27;
BFA;DFB;2025;009;ALSE TECNOLOGIA SL-RADIMER SERVICIOS ENERGETICOS SL UTE LEY;ERAIKINAK ETA BESTE ERAIKUNTZA BATZUK;EDIFICIOS Y OTRAS CONSTRUCCIONES;ADMIN20230300001284;SGCC (24/25) MANTEN INST ELECTR Y SEGURIDAD (VBLE: mat y ser;CONT220250200028542;SGCC-2025/07/30-CT (VARIABLE) MANTEN INSTALACIONES;="01";ABIERTO;="01";INICIAL;CT12;Servicios Centralizados;334,54;334,54;
BFA;DFB;2025;009;ALSE TECNOLOGIA SL-RADIMER SERVICIOS ENERGETICOS SL UTE LEY;ONDASUN ETA ZERB HOBEKUNTZA ETA HASTEA ADMINISTRAZ;MEJORA E INCORP DE BIENES Y SERV EDIFICIOS ADMINIS;ADMIN20230300001174;MANTENIMIENTO INST.ELECTRICIDAD Y SEGURIDAD DFB 2024/2025 P.;CONT220250200004092;ALSE DIP-RADIMER MNTO INST.ELECTRICIDAD Y SEGURIDAD DFB 2025;="01";ABIERTO;="01";INICIAL;CT12;Servicios Centralizados;3390,26;3390,26;
BFA;DFB;2025;009;ALSE TECNOLOGIA SL-RADIMER SERVICIOS ENERGETICOS SL UTE LEY;ONDASUN ETA ZERB HOBEKUNTZA ETA HASTEA ADMINISTRAZ;MEJORA E INCORP DE BIENES Y SERV EDIFICIOS ADMINIS;ADMIN20230300001174;MANTENIMIENTO INST.ELECTRICIDAD Y SEGURIDAD DFB 2024/2025 P.;CONT220250200008023;ALSE DIP-RADIMER MNTO INST.ELECTRICIDAD Y SEGURIDAD DFB 2025;="01";ABIERTO;="01";INICIAL;CT12;Servicios Centralizados;21475,19;21475,19;
BFA;DFB;2025;009;ALSE TECNOLOGIA SL-RADIMER SERVICIOS ENERGETICOS SL UTE LEY;ONDASUN ETA ZERB HOBEKUNTZA ETA HASTEA ADMINISTRAZ;MEJORA E INCORP DE BIENES Y SERV EDIFICIOS ADMINIS;ADMIN20230300001174;MANTENIMIENTO INST.ELECTRICIDAD Y SEGURIDAD DFB 2024/2025 P.;CONT220250200014457;ALSE DIP-RADIMER MNTO INST.ELECTRICIDAD Y SEGURIDAD DFB 2025;="01";ABIERTO;="01";INICIAL;CT12;Servicios Centralizados;7287,36;7287,36;
BFA;DFB;2025;009;ALSE TECNOLOGIA SL-RADIMER SERVICIOS ENERGETICOS SL UTE LEY;ONDASUN ETA ZERB HOBEKUNTZA ETA HASTEA ADMINISTRAZ;MEJORA E INCORP DE BIENES Y SERV EDIFICIOS ADMINIS;ADMIN20230300001174;MANTENIMIENTO INST.ELECTRICIDAD Y SEGURIDAD DFB 2024/2025 P.;CONT220250200015886;ALSE DIP-RADIMER MNTO INST.ELECTRICIDAD Y SEGURIDAD DFB 2025;="01";ABIERTO;="01";INICIAL;CT12;Servicios Centralizados;17633,06;17633,06;
BFA;DFB;2025;009;ALSE TECNOLOGIA SL-RADIMER SERVICIOS ENERGETICOS SL UTE LEY;ONDASUN ETA ZERB HOBEKUNTZA ETA HASTEA ADMINISTRAZ;MEJORA E INCORP DE BIENES Y SERV EDIFICIOS ADMINIS;ADMIN20230300001174;MANTENIMIENTO INST.ELECTRICIDAD Y SEGURIDAD DFB 2024/2025 P.;CONT220250200019779;ALSE DIP-RADIMER MNTO INST.ELECTRICIDAD Y SEGURIDAD DFB 2025;="01";ABIERTO;="01";INICIAL;CT12;Servicios Centralizados;3835,37;3835,37;
BFA;DFB;2025;009;ALSE TECNOLOGIA SL-RADIMER SERVICIOS ENERGETICOS SL UTE LEY;ONDASUN ETA ZERB HOBEKUNTZA ETA HASTEA ADMINISTRAZ;MEJORA E INCORP DE BIENES Y SERV EDIFICIOS ADMINIS;ADMIN20230300001174;MANTENIMIENTO INST.ELECTRICIDAD Y SEGURIDAD DFB 2024/2025 P.;CONT220250200025030;ALSE DIP-RADIMER MNTO INST.ELECTRICIDAD Y SEGURIDAD DFB 2025;="01";ABIERTO;="01";INICIAL;CT12;Servicios Centralizados;63058,12;63058,12;
BFA;DFB;2025;009;ALSE TECNOLOGIA SL-RADIMER SERVICIOS ENERGETICOS SL UTE LEY;ONDASUN ETA ZERB HOBEKUNTZA ETA HASTEA ADMINISTRAZ;MEJORA E INCORP DE BIENES Y SERV EDIFICIOS ADMINIS;ADMIN20230300001174;MANTENIMIENTO INST.ELECTRICIDAD Y SEGURIDAD DFB 2024/2025 P.;CONT220250200032370;ALSE DIP-RADIMER MNTO INST.ELECTRICIDAD Y SEGURIDAD DFB 2025;="01";ABIERTO;="01";INICIAL;CT12;Servicios Centralizados;11663,69;11663,69;
BFA;DFB;2025;009;ALSE TECNOLOGIA SL-RADIMER SERVICIOS ENERGETICOS SL UTE LEY;ONDASUN ETA ZERB HOBEKUNTZA ETA HASTEA ADMINISTRAZ;MEJORA E INCORP DE BIENES Y SERV EDIFICIOS ADMINIS;ADMIN20230300001176;CT CENTRALIZADO INSTALACIONES ELECTRICAS Y SEGURIDAD 24-25 (;CONT220250200025674;INSTALAC ELECTR-SEGDAD 24-25 (Trabajos en proyectos- Cap 6);="01";ABIERTO;="01";INICIAL;CT12;Servicios Centralizados;12102,90;12102,90;
BFA;DFB;2025;009;ALSE TECNOLOGIA SL-RADIMER SERVICIOS ENERGETICOS SL UTE LEY;ONDASUN ETA ZERB HOBEKUNTZA ETA HASTEA ADMINISTRAZ;MEJORA E INCORP DE BIENES Y SERV EDIFICIOS ADMINIS;ADMIN20230300001176;CT CENTRALIZADO INSTALACIONES ELECTRICAS Y SEGURIDAD 24-25 (;CONT220250200032453;CT CENTRALIZADO INSTALACIONES ELECTRICAS-SEGURIDAD 24-25 (OB;="01";ABIERTO;="01";INICIAL;CT12;Servicios Centralizados;3931,73;3931,73;
BFA;DFB;2025;009;ALSE TECNOLOGIA SL-RADIMER SERVICIOS ENERGETICOS SL UTE LEY;ONDASUN ETA ZERB HOBEKUNTZA ETA HASTEA ADMINISTRAZ;MEJORA E INCORP DE BIENES Y SERV EDIFICIOS ADMINIS;ADMIN20230300001212;MANTENIMIENTO INSTALACIONES ELÉCTRICAS Y DE SEGURIDAD (REFOR;CONT220250200009996;DOK ALSE TECNOLOGIA SL-RADIMER SERVICIOS ENERGETIC;="01";ABIERTO;="01";INICIAL;CT12;Servicios Centralizados;4675,19;4675,19;
BFA;DFB;2025;009;ALTIA CONSULTORES SA;AZTERLANAK ETA LAN TEKNIKOAK;ESTUDIOS Y TRABAJOS TECNICOS;ADMIN20200300001761;AS.JURIDICO Y MEDIDAS TECNICAS PROTECCION DE DATOS;CONT220210200001222;ALTIA CONSULTORES SA;="01";ABIERTO;="01";INICIAL;CT02;Contrato servicios;9680,00;0,00;
BFA;DFB;2025;009;ALTIA CONSULTORES SA;AZTERLANAK ETA LAN TEKNIKOAK;ESTUDIOS Y TRABAJOS TECNICOS;ADMIN20200300001761;AS.JURIDICO Y MEDIDAS TECNICAS PROTECCION DE DATOS;CONT220250200003822;ALTIA CONSULTORES SA;="01";ABIERTO;="01";INICIAL;CT02;Contrato servicios;0,00;9680,00;
BFA;DFB;2025;009;ALTUNA Y URIA SA;ERAIKINAK ETA BESTE ERAIKUNTZA BATZUK;EDIFICIOS Y OTRAS CONSTRUCCIONES;ADMIN20240300001232;OBRAS DE REHABILITACIÓN DE CUBIERTAS DEL INMUEBLE GRANDES MO;CONT220250200010166;OBRAS REHABI. CUBIERTAS GRANDES MOLINOS VASCOS;="01";ABIERTO;="01";INICIAL;CT00;Contrato obras;800000,00;0,00;
BFA;DFB;2025;009;ALTUNA Y URIA SA;ONDASUN ETA ZERB HOBEKUNTZA ETA HASTEA ADMINISTRAZ;MEJORA E INCORP DE BIENES Y SERV EDIFICIOS ADMINIS;ADMIN20240300000645;REFORMA Y AMPLIACIÓN DEL CENTRO DE GESTIÓN DE LA MOVILIDAD (;CONT220240200025575;D - REFORMA Y AMPLIACIÓN DEL CENTRO DE GESTIÓN DE LA MOVILID;="01";ABIERTO;="01";INICIAL;CT00;Contrato obras;1800000,00;0,00;
BFA;DFB;2025;009;ALTUNA Y URIA SA;ONDASUN ETA ZERB HOBEKUNTZA ETA HASTEA ADMINISTRAZ;MEJORA E INCORP DE BIENES Y SERV EDIFICIOS ADMINIS;ADMIN20240300000645;REFORMA Y AMPLIACIÓN DEL CENTRO DE GESTIÓN DE LA MOVILIDAD (;CONT220250200008577;OK - REFORMA Y AMPLIACIÓN DEL CENTRO DE GESTIÓN DE LA MOVILI;="01";ABIERTO;="01";INICIAL;CT00;Contrato obras;0,00;50023,26;
BFA;DFB;2025;009;ALTUNA Y URIA SA;ONDASUN ETA ZERB HOBEKUNTZA ETA HASTEA ADMINISTRAZ;MEJORA E INCORP DE BIENES Y SERV EDIFICIOS ADMINIS;ADMIN20240300000645;REFORMA Y AMPLIACIÓN DEL CENTRO DE GESTIÓN DE LA MOVILIDAD (;CONT220250200009658;OK - REFORMA Y AMPLIACIÓN DEL CENTRO DE GESTIÓN DE LA MOVILI;="01";ABIERTO;="01";INICIAL;CT00;Contrato obras;0,00;57319,38;
BFA;DFB;2025;009;ALTUNA Y URIA SA;ONDASUN ETA ZERB HOBEKUNTZA ETA HASTEA ADMINISTRAZ;MEJORA E INCORP DE BIENES Y SERV EDIFICIOS ADMINIS;ADMIN20240300000645;REFORMA Y AMPLIACIÓN DEL CENTRO DE GESTIÓN DE LA MOVILIDAD (;CONT220250200014390;OK - REFORMA Y AMPLIACIÓN DEL CENTRO DE GESTIÓN DE LA MOVILI;="01";ABIERTO;="01";INICIAL;CT00;Contrato obras;0,00;60144,61;
BFA;DFB;2025;009;ALTUNA Y URIA SA;ONDASUN ETA ZERB HOBEKUNTZA ETA HASTEA ADMINISTRAZ;MEJORA E INCORP DE BIENES Y SERV EDIFICIOS ADMINIS;ADMIN20240300000645;REFORMA Y AMPLIACIÓN DEL CENTRO DE GESTIÓN DE LA MOVILIDAD (;CONT220250200019721;OK - REFORMA Y AMPLIACIÓN DEL CENTRO DE GESTIÓN DE LA MOVILI;="01";ABIERTO;="01";INICIAL;CT00;Contrato obras;0,00;42717,60;
BFA;DFB;2025;009;ALTUNA Y URIA SA;ONDASUN ETA ZERB HOBEKUNTZA ETA HASTEA ADMINISTRAZ;MEJORA E INCORP DE BIENES Y SERV EDIFICIOS ADMINIS;ADMIN20240300000645;REFORMA Y AMPLIACIÓN DEL CENTRO DE GESTIÓN DE LA MOVILIDAD (;CONT220250200024904;OK - REFORMA Y AMPLIACIÓN DEL CENTRO DE GESTIÓN DE LA MOVILI;="01";ABIERTO;="01";INICIAL;CT00;Contrato obras;0,00;141396,37;
BFA;DFB;2025;009;ALTUNA Y URIA SA;ONDASUN ETA ZERB HOBEKUNTZA ETA HASTEA ADMINISTRAZ;MEJORA E INCORP DE BIENES Y SERV EDIFICIOS ADMINIS;ADMIN20240300000645;REFORMA Y AMPLIACIÓN DEL CENTRO DE GESTIÓN DE LA MOVILIDAD (;CONT220250200028788;OK - REFORMA Y AMPLIACIÓN DEL CENTRO DE GESTIÓN DE LA MOVILI;="01";ABIERTO;="01";INICIAL;CT00;Contrato obras;0,00;102173,77;
BFA;DFB;2025;009;ALTUNA Y URIA SA;ONDASUN ETA ZERB HOBEKUNTZA ETA HASTEA ADMINISTRAZ;MEJORA E INCORP DE BIENES Y SERV EDIFICIOS ADMINIS;ADMIN20240300000645;REFORMA Y AMPLIACIÓN DEL CENTRO DE GESTIÓN DE LA MOVILIDAD (;CONT220250200030483;OK - REFORMA Y AMPLIACIÓN DEL CENTRO DE GESTIÓN DE LA MOVILI;="01";ABIERTO;="01";INICIAL;CT00;Contrato obras;0,00;67933,39;
BFA;DFB;2025;009;ALTZOAN GABINETEA SL;LAGUNTZA ZERBITZUAK EGITEA;PRESTACION DE SERVICIOS ASISTENCIALES;ADMIN20240300001073;VOCS (24/26) CONCERTACION SOCIAL ATENCION TEMPRANA DAS;CONT220250200003010;MICS-2025/01-CE001-ALTZOAN GABINETEA;="AF";ACUERDO DF;="01";INICIAL;CS00;Concertación Social;13174,88;13174,88;
BFA;DFB;2025;009;ALTZOAN GABINETEA SL;LAGUNTZA ZERBITZUAK EGITEA;PRESTACION DE SERVICIOS ASISTENCIALES;ADMIN20240300001073;VOCS (24/26) CONCERTACION SOCIAL ATENCION TEMPRANA DAS;CONT220250200006327;MICS-2025/02-CE001-ALTZOAN GABINETEA;="AF";ACUERDO DF;="01";INICIAL;CS00;Concertación Social;13058,00;13058,00;
BFA;DFB;2025;009;ALTZOAN GABINETEA SL;LAGUNTZA ZERBITZUAK EGITEA;PRESTACION DE SERVICIOS ASISTENCIALES;ADMIN20240300001073;VOCS (24/26) CONCERTACION SOCIAL ATENCION TEMPRANA DAS;CONT220250200011482;MICS-2025/03-CE001-ALTZOAN GABINETEA;="AF";ACUERDO DF;="01";INICIAL;CS00;Concertación Social;13786,64;13786,64;
BFA;DFB;2025;009;ALTZOAN GABINETEA SL;LAGUNTZA ZERBITZUAK EGITEA;PRESTACION DE SERVICIOS ASISTENCIALES;ADMIN20240300001073;VOCS (24/26) CONCERTACION SOCIAL ATENCION TEMPRANA DAS;CONT220250200013321;MICS-2025/04-CE001-ALTZOAN GABINETEA;="AF";ACUERDO DF;="01";INICIAL;CS00;Concertación Social;11986,11;11986,11;
BFA;DFB;2025;009;ALTZOAN GABINETEA SL;LAGUNTZA ZERBITZUAK EGITEA;PRESTACION DE SERVICIOS ASISTENCIALES;ADMIN20240300001073;VOCS (24/26) CONCERTACION SOCIAL ATENCION TEMPRANA DAS;CONT220250200017395;MICS-2025/05-CE001-ALTZOAN GABINETEA;="AF";ACUERDO DF;="01";INICIAL;CS00;Concertación Social;12957,86;12957,86;
BFA;DFB;2025;009;ALTZOAN GABINETEA SL;LAGUNTZA ZERBITZUAK EGITEA;PRESTACION DE SERVICIOS ASISTENCIALES;ADMIN20240300001073;VOCS (24/26) CONCERTACION SOCIAL ATENCION TEMPRANA DAS;CONT220250200023055;MICS-2025/06-CE001-ALTZOAN GABINETEA;="AF";ACUERDO DF;="01";INICIAL;CS00;Concertación Social;16492,88;16492,88;
BFA;DFB;2025;009;ALTZOAN GABINETEA SL;LAGUNTZA ZERBITZUAK EGITEA;PRESTACION DE SERVICIOS ASISTENCIALES;ADMIN20240300001073;VOCS (24/26) CONCERTACION SOCIAL ATENCION TEMPRANA DAS;CONT220250200028521;MICS-2025/07-CE001-ALTZOAN GABINETEA;="AF";ACUERDO DF;="01";INICIAL;CS00;Concertación Social;18292,39;18292,39;
BFA;DFB;2025;009;ALTZOAN GABINETEA SL;LAGUNTZA ZERBITZUAK EGITEA;PRESTACION DE SERVICIOS ASISTENCIALES;ADMIN20240300001073;VOCS (24/26) CONCERTACION SOCIAL ATENCION TEMPRANA DAS;CONT220250200030545;MICS-2025/08-CE001-ALTZOAN GABINETEA;="AF";ACUERDO DF;="01";INICIAL;CS00;Concertación Social;5989,74;5989,74;
BFA;DFB;2025;009;AMBILUR SERVICIOS AMBIENTALES SL;KANPOKO BESTE LAN BATZUK;OTROS TRABAJOS EXTERIORES;ADMIN20230300001542;CT SERV CONTROL, PREVENCIÓN Y TRATAMIENTO PLAGAS;CONT220240200041282;D+  CT SERV CONTROL, PREVENCIÓN Y TRATAMIENTO PLAGAS (Prórro;="01";ABIERTO;="07";PRÓRROGA;CT02;Contrato servicios;6348,82;0,00;
BFA;DFB;2025;009;AMBILUR SERVICIOS AMBIENTALES SL;KANPOKO BESTE LAN BATZUK;OTROS TRABAJOS EXTERIORES;ADMIN20230300001542;CT SERV CONTROL, PREVENCIÓN Y TRATAMIENTO PLAGAS;CONT220250200003032;OK AMBILUR SERVICIOS AMBIENTALES SL;="01";ABIERTO;="01";INICIAL;CT02;Contrato servicios;0,00;529,07;
BFA;DFB;2025;009;AMBILUR SERVICIOS AMBIENTALES SL;KANPOKO BESTE LAN BATZUK;OTROS TRABAJOS EXTERIORES;ADMIN20230300001542;CT SERV CONTROL, PREVENCIÓN Y TRATAMIENTO PLAGAS;CONT220250200004473;OK AMBILUR SERVICIOS AMBIENTALES SL;="01";ABIERTO;="01";INICIAL;CT02;Contrato servicios;0,00;529,07;
BFA;DFB;2025;009;AMBILUR SERVICIOS AMBIENTALES SL;KANPOKO BESTE LAN BATZUK;OTROS TRABAJOS EXTERIORES;ADMIN20230300001542;CT SERV CONTROL, PREVENCIÓN Y TRATAMIENTO PLAGAS;CONT220250200008875;OK AMBILUR SERVICIOS AMBIENTALES SL;="01";ABIERTO;="01";INICIAL;CT02;Contrato servicios;0,00;529,07;
BFA;DFB;2025;009;AMBILUR SERVICIOS AMBIENTALES SL;KANPOKO BESTE LAN BATZUK;OTROS TRABAJOS EXTERIORES;ADMIN20230300001542;CT SERV CONTROL, PREVENCIÓN Y TRATAMIENTO PLAGAS;CONT220250200012562;OK AMBILUR SERVICIOS AMBIENTALES SL;="01";ABIERTO;="01";INICIAL;CT02;Contrato servicios;0,00;529,07;
BFA;DFB;2025;009;AMBILUR SERVICIOS AMBIENTALES SL;KANPOKO BESTE LAN BATZUK;OTROS TRABAJOS EXTERIORES;ADMIN20230300001542;CT SERV CONTROL, PREVENCIÓN Y TRATAMIENTO PLAGAS;CONT220250200024322;AMBILUR SERVICIOS AMBIENTALES SL. Desinsectacion mayo y juni;="01";ABIERTO;="01";INICIAL;CT02;Contrato servicios;0,00;1058,14;
BFA;DFB;2025;009;AMBILUR SERVICIOS AMBIENTALES SL;KANPOKO BESTE LAN BATZUK;OTROS TRABAJOS EXTERIORES;ADMIN20230300001542;CT SERV CONTROL, PREVENCIÓN Y TRATAMIENTO PLAGAS;CONT220250200026050;OK AMBILUR SERVICIOS AMBIENTALES SL;="01";ABIERTO;="01";INICIAL;CT02;Contrato servicios;0,00;529,07;
BFA;DFB;2025;009;AMBILUR SERVICIOS AMBIENTALES SL;KANPOKO BESTE LAN BATZUK;OTROS TRABAJOS EXTERIORES;ADMIN20230300001542;CT SERV CONTROL, PREVENCIÓN Y TRATAMIENTO PLAGAS;CONT220250200029165;OK AMBILUR SERVICIOS AMBIENTALES SL;="01";ABIERTO;="01";INICIAL;CT02;Contrato servicios;0,00;529,07;
BFA;DFB;2025;009;AMPUERO GRUPO INDUSTRIAL 10 SA;KONTRAPRES GABEKO ERAK LANAK ONDASUN ETA ZERB HOB;MEJORA E INCORP BIENES Y SERV OBRAS ENTID S/CONTRA;ADMIN20220300001729;ACUERDO MARCO OBRAS AISLAMIENTO ACÚSTICO EDIFICIOS RESIDENCI;CONT220250200007099;D -RDO MARCO  AISLA ACÚSTICO EDIFIC RESIDENCI CT 5 (Modifica;="12";DERIV. ACUERDO MARCO;="02";MODIFICADO;CT00;Contrato obras;2978,25;0,00;
BFA;DFB;2025;009;AMPUERO GRUPO INDUSTRIAL 10 SA;KONTRAPRES GABEKO ERAK LANAK ONDASUN ETA ZERB HOB;MEJORA E INCORP BIENES Y SERV OBRAS ENTID S/CONTRA;ADMIN20240300001067;DERIVADOS DEL ACUERDO MARCO OBRAS AISLAMIENTO ACÚSTICO EDIFI;CONT220240200046167;D - DERIVADO 11 ACUERDO MARCO  AISLAMIENTO ACÚSTICO  AMPUERO;="12";DERIV. ACUERDO MARCO;="01";INICIAL;CT00;Contrato obras;8433,91;0,00;
BFA;DFB;2025;009;AMPUERO GRUPO INDUSTRIAL 10 SA;KONTRAPRES GABEKO ERAK LANAK ONDASUN ETA ZERB HOB;MEJORA E INCORP BIENES Y SERV OBRAS ENTID S/CONTRA;ADMIN20240300001067;DERIVADOS DEL ACUERDO MARCO OBRAS AISLAMIENTO ACÚSTICO EDIFI;CONT220250200026450;OK - DERIVADO 11 ACUERDO MARCO  AISLAMIENTO ACÚSTICO  AMPUER;="12";DERIV. ACUERDO MARCO;="01";INICIAL;CT00;Contrato obras;0,00;8433,91;
BFA;DFB;2025;009;ANAI-ARTEAN SL;LAGUNTZA ZERBITZUAK EGITEA;PRESTACION DE SERVICIOS ASISTENCIALES;ADMIN20210300001134;TECO (21/23) CONCERT.RESID. PERS. MAYORES ORDINARIAS;CONT220250200000721;TECS-2025/01-CE001-RESIDENCIA ANAI-ARTEAN;="AF";ACUERDO DF;="01";INICIAL;CS00;Concertación Social;24867,68;24867,68;
BFA;DFB;2025;009;ANAI-ARTEAN SL;LAGUNTZA ZERBITZUAK EGITEA;PRESTACION DE SERVICIOS ASISTENCIALES;ADMIN20210300001134;TECO (21/23) CONCERT.RESID. PERS. MAYORES ORDINARIAS;CONT220250200006030;TECS-2025/02-CE001-RESIDENCIA ANAI-ARTEAN;="AF";ACUERDO DF;="01";INICIAL;CS00;Concertación Social;19825,38;19825,38;
BFA;DFB;2025;009;ANAI-ARTEAN SL;LAGUNTZA ZERBITZUAK EGITEA;PRESTACION DE SERVICIOS ASISTENCIALES;ADMIN20210300001134;TECO (21/23) CONCERT.RESID. PERS. MAYORES ORDINARIAS;CONT220250200009805;TECS-2025/03-CE001-RESIDENCIA ANAI-ARTEAN;="AF";ACUERDO DF;="01";INICIAL;CS00;Concertación Social;24523,89;24523,89;
BFA;DFB;2025;009;ANAI-ARTEAN SL;LAGUNTZA ZERBITZUAK EGITEA;PRESTACION DE SERVICIOS ASISTENCIALES;ADMIN20210300001134;TECO (21/23) CONCERT.RESID. PERS. MAYORES ORDINARIAS;CONT220250200012761;TECS-2025/04-CE001-RESIDENCIA ANAI-ARTEAN;="AF";ACUERDO DF;="01";INICIAL;CS00;Concertación Social;25555,26;25555,26;
BFA;DFB;2025;009;ANAI-ARTEAN SL;LAGUNTZA ZERBITZUAK EGITEA;PRESTACION DE SERVICIOS ASISTENCIALES;ADMIN20210300001134;TECO (21/23) CONCERT.RESID. PERS. MAYORES ORDINARIAS;CONT220250200017294;TECS-2025/05-CE001-RESIDENCIA ANAI-ARTEAN;="AF";ACUERDO DF;="01";INICIAL;CS00;Concertación Social;24867,68;24867,68;
BFA;DFB;2025;009;ANAI-ARTEAN SL;LAGUNTZA ZERBITZUAK EGITEA;PRESTACION DE SERVICIOS ASISTENCIALES;ADMIN20210300001134;TECO (21/23) CONCERT.RESID. PERS. MAYORES ORDINARIAS;CONT220250200021989;TECS-2025/06-CE001-RESIDENCIA ANAI-ARTEAN;="AF";ACUERDO DF;="01";INICIAL;CS00;Concertación Social;24065,50;24065,50;
BFA;DFB;2025;009;ANAI-ARTEAN SL;LAGUNTZA ZERBITZUAK EGITEA;PRESTACION DE SERVICIOS ASISTENCIALES;ADMIN20210300001134;TECO (21/23) CONCERT.RESID. PERS. MAYORES ORDINARIAS;CONT220250200027658;TECS-2025/07-CE001-RESIDENCIA ANAI-ARTEAN;="AF";ACUERDO DF;="01";INICIAL;CS00;Concertación Social;24867,68;24867,68;
BFA;DFB;2025;009;ANAI-ARTEAN SL;LAGUNTZA ZERBITZUAK EGITEA;PRESTACION DE SERVICIOS ASISTENCIALES;ADMIN20210300001134;TECO (21/23) CONCERT.RESID. PERS. MAYORES ORDINARIAS;CONT220250200029437;TECS-2025/08-CE001-RESIDENCIA ANAI-ARTEAN;="AF";ACUERDO DF;="01";INICIAL;CS00;Concertación Social;24867,68;24867,68;
BFA;DFB;2025;009;ANAI-CANTERO SL;LAGUNTZA ZERBITZUAK EGITEA;PRESTACION DE SERVICIOS ASISTENCIALES;ADMIN20210300001134;TECO (21/23) CONCERT.RESID. PERS. MAYORES ORDINARIAS;CONT220250200000723;TECS-2025/01-CE001-RESIDENCIA ANAI-CANTERO;="AF";ACUERDO DF;="01";INICIAL;CS00;Concertación Social;33004,11;33004,11;
BFA;DFB;2025;009;ANAI-CANTERO SL;LAGUNTZA ZERBITZUAK EGITEA;PRESTACION DE SERVICIOS ASISTENCIALES;ADMIN20210300001134;TECO (21/23) CONCERT.RESID. PERS. MAYORES ORDINARIAS;CONT220250200000726;TECS-2025/01-CE002-RESIDENCIA ANAI-CANTERO II;="AF";ACUERDO DF;="01";INICIAL;CS00;Concertación Social;81593,49;81593,49;
BFA;DFB;2025;009;ANAI-CANTERO SL;LAGUNTZA ZERBITZUAK EGITEA;PRESTACION DE SERVICIOS ASISTENCIALES;ADMIN20210300001134;TECO (21/23) CONCERT.RESID. PERS. MAYORES ORDINARIAS;CONT220250200000729;TECS-2025/01-CE003-RESIDENCIA ANAI-CANTERO III;="AF";ACUERDO DF;="01";INICIAL;CS00;Concertación Social;31055,95;31055,95;
BFA;DFB;2025;009;ANAI-CANTERO SL;LAGUNTZA ZERBITZUAK EGITEA;PRESTACION DE SERVICIOS ASISTENCIALES;ADMIN20210300001134;TECO (21/23) CONCERT.RESID. PERS. MAYORES ORDINARIAS;CONT220250200006860;TECS-2025/02-CE002-RESIDENCIA ANAI-CANTERO II;="AF";ACUERDO DF;="01";INICIAL;CS00;Concertación Social;77238,78;77238,78;
BFA;DFB;2025;009;ANAI-CANTERO SL;LAGUNTZA ZERBITZUAK EGITEA;PRESTACION DE SERVICIOS ASISTENCIALES;ADMIN20210300001134;TECO (21/23) CONCERT.RESID. PERS. MAYORES ORDINARIAS;CONT220250200007020;TECS-2025/02-CE001-RESIDENCIA ANAI-CANTERO;="AF";ACUERDO DF;="01";INICIAL;CS00;Concertación Social;28191,01;28191,01;
BFA;DFB;2025;009;ANAI-CANTERO SL;LAGUNTZA ZERBITZUAK EGITEA;PRESTACION DE SERVICIOS ASISTENCIALES;ADMIN20210300001134;TECO (21/23) CONCERT.RESID. PERS. MAYORES ORDINARIAS;CONT220250200007021;TECS-2025/02-CE003-RESIDENCIA ANAI-CANTERO III;="AF";ACUERDO DF;="01";INICIAL;CS00;Concertación Social;28878,60;28878,60;
BFA;DFB;2025;009;ANAI-CANTERO SL;LAGUNTZA ZERBITZUAK EGITEA;PRESTACION DE SERVICIOS ASISTENCIALES;ADMIN20210300001134;TECO (21/23) CONCERT.RESID. PERS. MAYORES ORDINARIAS;CONT220250200010946;TECS-2025/03-CE001-RESIDENCIA ANAI-CANTERO;="AF";ACUERDO DF;="01";INICIAL;CS00;Concertación Social;30712,16;30712,16;
BFA;DFB;2025;009;ANAI-CANTERO SL;LAGUNTZA ZERBITZUAK EGITEA;PRESTACION DE SERVICIOS ASISTENCIALES;ADMIN20210300001134;TECO (21/23) CONCERT.RESID. PERS. MAYORES ORDINARIAS;CONT220250200010954;TECS-2025/03-CE002-RESIDENCIA ANAI-CANTERO II;="AF";ACUERDO DF;="01";INICIAL;CS00;Concertación Social;85260,61;85260,61;
BFA;DFB;2025;009;ANAI-CANTERO SL;LAGUNTZA ZERBITZUAK EGITEA;PRESTACION DE SERVICIOS ASISTENCIALES;ADMIN20210300001134;TECO (21/23) CONCERT.RESID. PERS. MAYORES ORDINARIAS;CONT220250200011153;TECS-2025/03-CE003-RESIDENCIA ANAI-CANTERO III;="AF";ACUERDO DF;="01";INICIAL;CS00;Concertación Social;33462,50;33462,50;
BFA;DFB;2025;009;ANAI-CANTERO SL;LAGUNTZA ZERBITZUAK EGITEA;PRESTACION DE SERVICIOS ASISTENCIALES;ADMIN20210300001134;TECO (21/23) CONCERT.RESID. PERS. MAYORES ORDINARIAS;CONT220250200012770;TECS-2025/04-CE002-RESIDENCIA ANAI-CANTERO II;="AF";ACUERDO DF;="01";INICIAL;CS00;Concertación Social;82510,27;82510,27;
BFA;DFB;2025;009;ANAI-CANTERO SL;LAGUNTZA ZERBITZUAK EGITEA;PRESTACION DE SERVICIOS ASISTENCIALES;ADMIN20210300001134;TECO (21/23) CONCERT.RESID. PERS. MAYORES ORDINARIAS;CONT220250200012775;TECS-2025/04-CE001-RESIDENCIA ANAI-CANTERO;="AF";ACUERDO DF;="01";INICIAL;CS00;Concertación Social;24982,28;24982,28;
BFA;DFB;2025;009;ANAI-CANTERO SL;LAGUNTZA ZERBITZUAK EGITEA;PRESTACION DE SERVICIOS ASISTENCIALES;ADMIN20210300001134;TECO (21/23) CONCERT.RESID. PERS. MAYORES ORDINARIAS;CONT220250200012783;TECS-2025/04-CE003-RESIDENCIA ANAI-CANTERO III;="AF";ACUERDO DF;="01";INICIAL;CS00;Concertación Social;30941,35;30941,35;
BFA;DFB;2025;009;ANAI-CANTERO SL;LAGUNTZA ZERBITZUAK EGITEA;PRESTACION DE SERVICIOS ASISTENCIALES;ADMIN20210300001134;TECO (21/23) CONCERT.RESID. PERS. MAYORES ORDINARIAS;CONT220250200017306;TECS-2025/05-CE001-RESIDENCIA ANAI-CANTERO;="AF";ACUERDO DF;="01";INICIAL;CS00;Concertación Social;26815,84;26815,84;
BFA;DFB;2025;009;ANAI-CANTERO SL;LAGUNTZA ZERBITZUAK EGITEA;PRESTACION DE SERVICIOS ASISTENCIALES;ADMIN20210300001134;TECO (21/23) CONCERT.RESID. PERS. MAYORES ORDINARIAS;CONT220250200017310;TECS-2025/05-CE002-RESIDENCIA ANAI-CANTERO II;="AF";ACUERDO DF;="01";INICIAL;CS00;Concertación Social;85260,61;85260,61;
BFA;DFB;2025;009;ANAI-CANTERO SL;LAGUNTZA ZERBITZUAK EGITEA;PRESTACION DE SERVICIOS ASISTENCIALES;ADMIN20210300001134;TECO (21/23) CONCERT.RESID. PERS. MAYORES ORDINARIAS;CONT220250200017312;TECS-2025/05-CE003-RESIDENCIA ANAI-CANTERO III;="AF";ACUERDO DF;="01";INICIAL;CS00;Concertación Social;33118,71;33118,71;
BFA;DFB;2025;009;ANAI-CANTERO SL;LAGUNTZA ZERBITZUAK EGITEA;PRESTACION DE SERVICIOS ASISTENCIALES;ADMIN20210300001134;TECO (21/23) CONCERT.RESID. PERS. MAYORES ORDINARIAS;CONT220250200022002;TECS-2025/06-CE001-RESIDENCIA ANAI-CANTERO;="AF";ACUERDO DF;="01";INICIAL;CS00;Concertación Social;27503,42;27503,42;
BFA;DFB;2025;009;ANAI-CANTERO SL;LAGUNTZA ZERBITZUAK EGITEA;PRESTACION DE SERVICIOS ASISTENCIALES;ADMIN20210300001134;TECO (21/23) CONCERT.RESID. PERS. MAYORES ORDINARIAS;CONT220250200022009;TECS-2025/06-CE002-RESIDENCIA ANAI-CANTERO II;="AF";ACUERDO DF;="01";INICIAL;CS00;Concertación Social;79874,53;79874,53;
BFA;DFB;2025;009;ANAI-CANTERO SL;LAGUNTZA ZERBITZUAK EGITEA;PRESTACION DE SERVICIOS ASISTENCIALES;ADMIN20210300001134;TECO (21/23) CONCERT.RESID. PERS. MAYORES ORDINARIAS;CONT220250200022018;TECS-2025/06-CE003-RESIDENCIA ANAI-CANTERO III;="AF";ACUERDO DF;="01";INICIAL;CS00;Concertación Social;34379,28;34379,28;
BFA;DFB;2025;009;ANAI-CANTERO SL;LAGUNTZA ZERBITZUAK EGITEA;PRESTACION DE SERVICIOS ASISTENCIALES;ADMIN20210300001134;TECO (21/23) CONCERT.RESID. PERS. MAYORES ORDINARIAS;CONT220250200027546;TECS-2025/07-CE001-RESIDENCIA ANAI-CANTERO;="AF";ACUERDO DF;="01";INICIAL;CS00;Concertación Social;30482,96;30482,96;
BFA;DFB;2025;009;ANAI-CANTERO SL;LAGUNTZA ZERBITZUAK EGITEA;PRESTACION DE SERVICIOS ASISTENCIALES;ADMIN20210300001134;TECO (21/23) CONCERT.RESID. PERS. MAYORES ORDINARIAS;CONT220250200027548;TECS-2025/07-CE002-RESIDENCIA ANAI-CANTERO II;="AF";ACUERDO DF;="01";INICIAL;CS00;Concertación Social;79989,12;79989,12;
BFA;DFB;2025;009;ANAI-CANTERO SL;LAGUNTZA ZERBITZUAK EGITEA;PRESTACION DE SERVICIOS ASISTENCIALES;ADMIN20210300001134;TECO (21/23) CONCERT.RESID. PERS. MAYORES ORDINARIAS;CONT220250200027553;TECS-2025/07-CE003-RESIDENCIA ANAI-CANTERO III;="AF";ACUERDO DF;="01";INICIAL;CS00;Concertación Social;32545,72;32545,72;
BFA;DFB;2025;009;ANAI-CANTERO SL;LAGUNTZA ZERBITZUAK EGITEA;PRESTACION DE SERVICIOS ASISTENCIALES;ADMIN20210300001134;TECO (21/23) CONCERT.RESID. PERS. MAYORES ORDINARIAS;CONT220250200029425;TECS-2025/08-CE002-RESIDENCIA ANAI-CANTERO II;="AF";ACUERDO DF;="01";INICIAL;CS00;Concertación Social;79874,53;79874,53;
BFA;DFB;2025;009;ANAI-CANTERO SL;LAGUNTZA ZERBITZUAK EGITEA;PRESTACION DE SERVICIOS ASISTENCIALES;ADMIN20210300001134;TECO (21/23) CONCERT.RESID. PERS. MAYORES ORDINARIAS;CONT220250200029430;TECS-2025/08-CE001-RESIDENCIA ANAI-CANTERO;="AF";ACUERDO DF;="01";INICIAL;CS00;Concertación Social;31972,73;31972,73;
BFA;DFB;2025;009;ANAI-CANTERO SL;LAGUNTZA ZERBITZUAK EGITEA;PRESTACION DE SERVICIOS ASISTENCIALES;ADMIN20210300001134;TECO (21/23) CONCERT.RESID. PERS. MAYORES ORDINARIAS;CONT220250200029435;TECS-2025/08-CE003-RESIDENCIA ANAI-CANTERO III;="AF";ACUERDO DF;="01";INICIAL;CS00;Concertación Social;31972,73;31972,73;
BFA;DFB;2025;009;ANE GONZALEZ ELDUAYEN-ESTIBALIZ EGUIA PEREZ;LAGUNTZA ZERBITZUAK EGITEA;PRESTACION DE SERVICIOS ASISTENCIALES;ADMIN20240300001073;VOCS (24/26) CONCERTACION SOCIAL ATENCION TEMPRANA DAS;CONT220250200003217;MICS-2025/01-CE001-GURE ESPACIO PSICOTERAPEÚTICO;="AF";ACUERDO DF;="01";INICIAL;CS00;Concertación Social;3880,80;3880,80;
BFA;DFB;2025;009;ANE GONZALEZ ELDUAYEN-ESTIBALIZ EGUIA PEREZ;LAGUNTZA ZERBITZUAK EGITEA;PRESTACION DE SERVICIOS ASISTENCIALES;ADMIN20240300001073;VOCS (24/26) CONCERTACION SOCIAL ATENCION TEMPRANA DAS;CONT220250200006476;MICS-2025/02-CE001-GURE ESPACIO PSICOTERAPEÚTICO;="AF";ACUERDO DF;="01";INICIAL;CS00;Concertación Social;4057,09;4057,09;
BFA;DFB;2025;009;ANE GONZALEZ ELDUAYEN-ESTIBALIZ EGUIA PEREZ;LAGUNTZA ZERBITZUAK EGITEA;PRESTACION DE SERVICIOS ASISTENCIALES;ADMIN20240300001073;VOCS (24/26) CONCERTACION SOCIAL ATENCION TEMPRANA DAS;CONT220250200010870;MICS-2025/03-CE001-GURE ESPACIO PSICOTERAPEÚTICO;="AF";ACUERDO DF;="01";INICIAL;CS00;Concertación Social;3836,48;3836,48;
BFA;DFB;2025;009;ANE GONZALEZ ELDUAYEN-ESTIBALIZ EGUIA PEREZ;LAGUNTZA ZERBITZUAK EGITEA;PRESTACION DE SERVICIOS ASISTENCIALES;ADMIN20240300001073;VOCS (24/26) CONCERTACION SOCIAL ATENCION TEMPRANA DAS;CONT220250200014096;MICS-2025/04-CE001-GURE ESPACIO PSICOTERAPEÚTICO;="AF";ACUERDO DF;="01";INICIAL;CS00;Concertación Social;3572,10;3572,10;
BFA;DFB;2025;009;ANE GONZALEZ ELDUAYEN-ESTIBALIZ EGUIA PEREZ;LAGUNTZA ZERBITZUAK EGITEA;PRESTACION DE SERVICIOS ASISTENCIALES;ADMIN20240300001073;VOCS (24/26) CONCERTACION SOCIAL ATENCION TEMPRANA DAS;CONT220250200017834;MICS-2025/05-CE001-GURE ESPACIO PSICOTERAPEÚTICO;="AF";ACUERDO DF;="01";INICIAL;CS00;Concertación Social;3703,85;3703,85;
BFA;DFB;2025;009;ANE GONZALEZ ELDUAYEN-ESTIBALIZ EGUIA PEREZ;LAGUNTZA ZERBITZUAK EGITEA;PRESTACION DE SERVICIOS ASISTENCIALES;ADMIN20240300001073;VOCS (24/26) CONCERTACION SOCIAL ATENCION TEMPRANA DAS;CONT220250200023904;MICS-2025/06-CE001-GURE ESPACIO PSICOTERAPEÚTICO;="AF";ACUERDO DF;="01";INICIAL;CS00;Concertación Social;4056,42;4056,42;
BFA;DFB;2025;009;ANE GONZALEZ ELDUAYEN-ESTIBALIZ EGUIA PEREZ;LAGUNTZA ZERBITZUAK EGITEA;PRESTACION DE SERVICIOS ASISTENCIALES;ADMIN20240300001073;VOCS (24/26