{"type":"FeatureCollection","features":[{"type":"Feature","properties":{"cod":20,"name":"BILBAO"},"geometry":{"type":"Polygon","coordinates":[[[43.290106076192394,-2.9713676008289234],[43.290117746920494,-2.9712269461573717],[43.29012518140313,-2.971070884892038],[43.2901307240734,-2.9709123591224578],[43.29013197719488,-2.970882774112378],[43.290130523357796,-2.9708313718896737],[43.29012970709212,-2.9708084443605776],[43.29012698134611,-2.9707131592086684],[43.29012526446728,-2.970689739041459],[43.29012345684187,-2.9706636070150303],[43.2901201134854,-2.970618245864254],[43.290112604286676,-2.9704809285391787],[43.29010691841103,-2.9704307610759626],[43.29010213501905,-2.9703884823570648],[43.29009960791242,-2.970366048748472],[43.29009717110336,-2.9703446012443897],[43.290094824720356,-2.9703246329178015],[43.29009464414805,-2.97032278398091],[43.29008408396838,-2.970227502726794],[43.29007858302187,-2.970196318535278],[43.29006983563983,-2.970146892233471],[43.29006929462199,-2.970144057328075],[43.290062622793,-2.97011188757898],[43.290056221384106,-2.9700808271184553],[43.29005324701801,-2.9700699809723092],[43.29005027265087,-2.9700591348272205],[43.29003116629543,-2.9699960308892828],[43.29002017103648,-2.9699594256501225],[43.290007283237266,-2.969916904486203],[43.289996648495226,-2.969881655046965],[43.289995296696944,-2.969877464598203],[43.289947083849086,-2.9697332648149106],[43.28985977431624,-2.96952745081937],[43.2898456294228,-2.9694988597492262],[43.28977238249432,-2.9693519612984844],[43.28969986085588,-2.9692240460315635],[43.28957427373748,-2.9689924901686453],[43.289483641741775,-2.9688255093179374],[43.28945679112458,-2.9687638895193054],[43.28935164104132,-2.9685230799784503],[43.28909385913807,-2.967949285059535],[43.28897555270268,-2.9676806271856315],[43.28880200852523,-2.967276407571237],[43.2886942449511,-2.9670390560202624],[43.288571517724456,-2.9667484628635563],[43.28851672879914,-2.966608586791769],[43.28841967634022,-2.966361000638883],[43.288293507290724,-2.966008656463573],[43.28824736514298,-2.9658796241411824],[43.28824060688674,-2.9658636035249866],[43.288182485383864,-2.9657244704635346],[43.288145539794534,-2.9656358641224587],[43.28810535020321,-2.9655397405975883],[43.28806173627476,-2.965435360435958],[43.288032359953206,-2.9653652397701897],[43.287967934561046,-2.9652259879848493],[43.287668061544636,-2.964578286319756],[43.28760689190893,-2.9644874767712097],[43.28742698634751,-2.964221210251222],[43.28739617606764,-2.9641751279989177],[43.28707627108319,-2.9636982909609926],[43.28703375346823,-2.963648764868407],[43.28691340687561,-2.963508564504099],[43.28688413185721,-2.963477396761334],[43.28682477118021,-2.963414445542713],[43.28670333922765,-2.9632601949662254],[43.286578555972525,-2.963045918818831],[43.286560987052646,-2.963015360682496],[43.286512514979435,-2.9629315725160565],[43.28638431211498,-2.962725804794899],[43.286367549264575,-2.9626821807120995],[43.28618595064954,-2.9622095880179096],[43.28612115017217,-2.9620370637291047],[43.28600164254142,-2.9617186340865147],[43.285949008474795,-2.961578520540221],[43.28594477248598,-2.961567183292531],[43.285735863511164,-2.961030889425656],[43.2857160346522,-2.960976174878623],[43.28563716982024,-2.9607591656459253],[43.285576601410675,-2.96059268141527],[43.28550032724048,-2.9603181095232713],[43.285477295197424,-2.9601162262729446],[43.28548035131505,-2.9601005703841823],[43.2855028218324,-2.959982966575199],[43.285514506457034,-2.95992182242107],[43.28551720279457,-2.959907399340005],[43.285582635983765,-2.9595648190513715],[43.28568258130508,-2.959041270174139],[43.28569847154782,-2.9589075230274147],[43.28573177802849,-2.9586280713196884],[43.285749912326416,-2.9584760800204184],[43.28578276887206,-2.9582003259381175],[43.28582909021274,-2.9578119029154903],[43.28591158510136,-2.957118755691637],[43.28591409946703,-2.9571002649451605],[43.28592631175997,-2.9570096603415306],[43.28593933221638,-2.9569132619151235],[43.28599626204867,-2.956491672415883],[43.28600012311498,-2.956462950074214],[43.28602050588196,-2.956311448895104],[43.28625108975994,-2.954628284339445],[43.286250900473426,-2.9546051114969725],[43.28627846327222,-2.9544003551373836],[43.2863186850367,-2.9541027737985646],[43.286335204290225,-2.9539801169635775],[43.286354956775526,-2.9538368730716673],[43.28635621399184,-2.953828367128453],[43.286399495342636,-2.9535295500964045],[43.286437208755885,-2.9532691943149234],[43.28668968191534,-2.953008179852431],[43.28862987929918,-2.9510015287833222],[43.28864311029834,-2.9509879589711585],[43.289033107541115,-2.950584565467279],[43.28927874516473,-2.9503563232871604],[43.28949800950193,-2.950152754238039],[43.289138649811626,-2.9497758525780244],[43.288967098356856,-2.949541295202188],[43.28888222345551,-2.9494252489207566],[43.28886222107291,-2.949397900481041],[43.28879536621474,-2.949306492763039],[43.28857846829747,-2.948954873871947],[43.28856053483025,-2.9489229631785308],[43.288353532673014,-2.9485532187403574],[43.28818984522205,-2.94819145223168],[43.28813954560832,-2.9480729146061595],[43.28812160713421,-2.9480305269378198],[43.28805724496765,-2.947878720244145],[43.28783340291397,-2.947317814808931],[43.28765670740572,-2.946875328479684],[43.28760918575165,-2.946730781996394],[43.28749066501699,-2.9468820059216347],[43.287346945886,-2.947065176178414],[43.286840017829,-2.947331737844029],[43.28666275934336,-2.947424829855607],[43.28614781817567,-2.947695583259268],[43.28550008965384,-2.948036209881785],[43.284804807081294,-2.948557934936635],[43.28464967369462,-2.9485947963340338],[43.28450714540053,-2.948628565512095],[43.283919114900016,-2.948768216147156],[43.28355617629882,-2.948854306257761],[43.28291104978799,-2.9481787995668465],[43.28255735910938,-2.9478084777216726],[43.28166150545564,-2.9468705617349613],[43.281561209719804,-2.9467114086127264],[43.28145505653943,-2.946543263827431],[43.28139682114451,-2.9465960661334667],[43.281209748604304,-2.9463053588808745],[43.281137483886766,-2.946204357246397],[43.281091538812426,-2.9461589184278303],[43.281056764701496,-2.9461245623243357],[43.281047666238976,-2.946116559099641],[43.28095929414964,-2.9460391129219463],[43.28067236675472,-2.945765506581018],[43.28049191113869,-2.9455706870723133],[43.28052797832253,-2.9454836411316383],[43.280624104233574,-2.945391981159558],[43.28071188696891,-2.9453656505366097],[43.280659350134854,-2.9452825042952835],[43.280447940294486,-2.9449473336731624],[43.28040017917947,-2.944871578762771],[43.28005846069464,-2.9443300888720816],[43.2799113907607,-2.9440961754815067],[43.27980804043058,-2.9439592188375268],[43.27982044956551,-2.9439239586447945],[43.279823936473186,-2.943873177442523],[43.27982787092717,-2.9438169729291515],[43.279829649384304,-2.9435883470237143],[43.27981498847914,-2.9432579338739475],[43.27980145086408,-2.94301514882502],[43.27977887884832,-2.9427139530446556],[43.27973541499006,-2.942055606242491],[43.27972789189845,-2.941958494447092],[43.27966761301064,-2.941179382585744],[43.27964362010293,-2.9407518611317434],[43.2796276018491,-2.9404244089272495],[43.27961859172075,-2.9402412724414226],[43.27960044809362,-2.9399846896914354],[43.279578396673436,-2.9398322547310847],[43.27954535502975,-2.9396715731879546],[43.279506306107166,-2.9395601965421525],[43.279477540566916,-2.939483195718995],[43.27943235635002,-2.9391796836760773],[43.27943683940069,-2.9391434446542224],[43.27943890168148,-2.939126927528336],[43.27943725814474,-2.9390842857768416],[43.279436893364384,-2.939075658865375],[43.27942786508074,-2.939031299035122],[43.27942353647907,-2.939019348421008],[43.27934057217462,-2.938791794810866],[43.27932649055313,-2.938727597464183],[43.27930789566758,-2.9386430690031204],[43.27924768747203,-2.9383692759809787],[43.27906444141372,-2.937536564199772],[43.27899348833153,-2.937214102271026],[43.2789814813614,-2.937158037745252],[43.27896225187149,-2.9370678415854363],[43.27888992548958,-2.9368698603071923],[43.27886891928793,-2.9368239113991494],[43.27886396074298,-2.936813070913461],[43.278828517438775,-2.9367135251747776],[43.278787302195965,-2.936597963630798],[43.278777652331335,-2.936571106139968],[43.27866771032858,-2.936255712531189],[43.278612964736304,-2.936099125122911],[43.278579047392924,-2.9359920606597627],[43.278555233038304,-2.9359169061655748],[43.27844220412105,-2.9355597381573086],[43.27840666383653,-2.935449841380268],[43.27833772850011,-2.935202562394952],[43.27829435620831,-2.93509686465117],[43.27828272342968,-2.935067298344615],[43.27827855476899,-2.9350205931298516],[43.27827112346325,-2.934937041308982],[43.27827030771727,-2.9349276756010108],[43.27826406386168,-2.934873824441732],[43.27826368030285,-2.934832784458121],[43.27826330136586,-2.9347998786019254],[43.27826175111271,-2.9347657415532256],[43.278256191449785,-2.9346486653055734],[43.27825157492239,-2.934606397417687],[43.27822770836509,-2.934284755223268],[43.278203247582425,-2.933871296919244],[43.27819075129176,-2.9335952432756405],[43.278184148269986,-2.933544227331737],[43.27817616599965,-2.9334441616912845],[43.27815570612113,-2.933102304568289],[43.27815541161263,-2.9330606483500756],[43.27815521853588,-2.9330384646051377],[43.278160072200464,-2.9328697379550754],[43.2781611612983,-2.9324254413619237],[43.27816130460777,-2.932363202874527],[43.278162957515136,-2.9322652218897804],[43.27816721829659,-2.9320098551244924],[43.27816817575707,-2.9319542709110444],[43.2781707994047,-2.931672778155764],[43.278169317679406,-2.931303663340381],[43.27819681386613,-2.9309082647352596],[43.278200023740375,-2.9308556357901665],[43.2782069636972,-2.93056883842872],[43.278233383966025,-2.929597519582813],[43.27822626202838,-2.9295840941601208],[43.27821787799721,-2.9295683285539478],[43.27813980745815,-2.9294218812801733],[43.27799457418477,-2.9291495569239956],[43.277956169644185,-2.9290773806153796],[43.27767101045946,-2.9285278005332476],[43.27764919426249,-2.9284878952765374],[43.277613949257095,-2.9284290263441743],[43.27750713218654,-2.9282503260968067],[43.27741972370071,-2.928006161730187],[43.27735591106617,-2.9277686252497217],[43.27731937995328,-2.927670074447553],[43.27719993049172,-2.927310594972011],[43.276954448139854,-2.9265812958439086],[43.276761227669944,-2.9260522063792003],[43.276751304949265,-2.926024982052294],[43.27671071194067,-2.9259136211017998],[43.276665791956745,-2.925795117567258],[43.27652689218219,-2.9254442962187746],[43.27633515052764,-2.924981269160016],[43.27626111596117,-2.924682378946334],[43.27618834460385,-2.9243885407427648],[43.276024545682915,-2.923974534237257],[43.27594210221852,-2.923762787766468],[43.275862307005674,-2.923606866079268],[43.27570448752442,-2.9232512717667825],[43.27551598799497,-2.922935647422526],[43.27521183290418,-2.922302833044524],[43.27519522600113,-2.9222464110641995],[43.27517373241255,-2.92215450274351],[43.27514546426891,-2.922031793601185],[43.275133505005215,-2.921924591719482],[43.27512039836329,-2.921851528295922],[43.275102877627646,-2.921775882558536],[43.27501117186177,-2.9214570604490926],[43.27490773401023,-2.9211017761030846],[43.274878674746375,-2.9210086460274796],[43.274845825785945,-2.9209044295709092],[43.27465980769124,-2.9204112289495847],[43.274578805583516,-2.920209842042586],[43.274464116332126,-2.9198664078172625],[43.2744156596685,-2.9197214218553262],[43.27418826249355,-2.9190405943101676],[43.273818899364045,-2.917789135003326],[43.27419546896649,-2.917656765357934],[43.27519275194518,-2.9173062868296604],[43.277096210315584,-2.9166372162285086],[43.27811115089906,-2.9165498063000177],[43.27835119973534,-2.9157918937195437],[43.27844148626377,-2.9155068272864777],[43.2785045103745,-2.9154954015496695],[43.278672154383386,-2.915464851220712],[43.2791712149738,-2.9153740673121904],[43.279251164593795,-2.915358304216037],[43.27929780351984,-2.915351337762837],[43.279535314068795,-2.9153079953088357],[43.27956763643451,-2.915302157866535],[43.279599598614155,-2.9152963209176717],[43.27972456620868,-2.9152734700480845],[43.27990058333941,-2.9152414278989],[43.279923355302806,-2.915228208777838],[43.28015692557498,-2.915092927682947],[43.28043774912994,-2.914929479010562],[43.28081417114838,-2.9150880697518993],[43.28086019920596,-2.9151073559391962],[43.281146816599325,-2.915228112424182],[43.28143703670953,-2.9153502208049757],[43.281536839262884,-2.915392234289833],[43.28173559310531,-2.91554294187128],[43.28191686784808,-2.915680240122491],[43.28206624814066,-2.9157933025006484],[43.282079312119876,-2.915803144652915],[43.28209877301755,-2.9158179080754123],[43.28220256434796,-2.9158965232353773],[43.282376450781264,-2.91602828737264],[43.282547544085624,-2.91615796079304],[43.28263322584076,-2.9162229208433517],[43.28269178854324,-2.916267334947984],[43.28275062145713,-2.916311872020827],[43.28283549225457,-2.9163762173452588],[43.28287216138581,-2.9164038992084373],[43.28308930957248,-2.9164672010328894],[43.2831345225541,-2.9164804506325086],[43.28345173356384,-2.9165729508840275],[43.28355702037498,-2.9166038672992536],[43.283591065166334,-2.9166138044642977],[43.284316453154446,-2.916825554665877],[43.28470958915638,-2.9169403880201172],[43.284721297683106,-2.9169438232993317],[43.28477434632652,-2.916959404839557],[43.284802525453394,-2.9169519710532317],[43.28512356971192,-2.916867718705007],[43.28562665297625,-2.916735762503615],[43.285625055851504,-2.9154179997268863],[43.28562487049009,-2.9152891940373644],[43.28562440147286,-2.9148999418889048],[43.285623281261664,-2.9140040950368236],[43.28562185552038,-2.9128342432916146],[43.28562164975134,-2.9126825114218695],[43.28562156473495,-2.9125712084212356],[43.28562132189615,-2.9123715287499063],[43.285656020727636,-2.912059879329353],[43.285830236493396,-2.9105194985118805],[43.285445750114,-2.910304482217857],[43.28536710509589,-2.910260471130842],[43.285307214594326,-2.9101334795129965],[43.2852153942105,-2.9099387430643273],[43.28515225614472,-2.9098047311506723],[43.28440403801528,-2.910233907465523],[43.28419338860785,-2.9104242785401837],[43.28418892835215,-2.9103630266641183],[43.28409997186356,-2.909574071085187],[43.28401612663941,-2.90933138089257],[43.28356496914122,-2.9082835196064],[43.28353474767059,-2.9082138026438416],[43.283296451146455,-2.9080597229086615],[43.28226794495155,-2.907395091927806],[43.28243560629633,-2.9065032265977324],[43.281975400031484,-2.9058701700062475],[43.28194339726641,-2.905826095184138],[43.28193745329536,-2.905824995085658],[43.28175751443862,-2.905793350495994],[43.28170005655379,-2.9057833325385896],[43.28146903426433,-2.905500581738495],[43.28092757567566,-2.9048377196095934],[43.28075432963642,-2.9046255075777396],[43.28053530259881,-2.903191477815532],[43.28053421620131,-2.9031845775940353],[43.28053312990771,-2.9031778006216014],[43.28052923590017,-2.90315180125961],[43.28052274525851,-2.9031431841262676],[43.280515893908984,-2.903133951322177],[43.280002137010754,-2.902449014889704],[43.27856875215169,-2.9005379256746497],[43.278508260818235,-2.9004572987885773],[43.27843794278006,-2.9003633776591258],[43.27828549695055,-2.9001601497971907],[43.27825160002785,-2.9001149745268195],[43.27823059371397,-2.900085799976818],[43.27821075939526,-2.900058225704703],[43.27818281109426,-2.900019449507005],[43.2776633305751,-2.899298341348758],[43.27755829788123,-2.899152471609392],[43.27729963730558,-2.898793400488401],[43.27537604658297,-2.9007267511043984],[43.27531122460271,-2.9007400429906265],[43.27468614201397,-2.9008676235401074],[43.27413047285823,-2.9009810400286424],[43.27382706955746,-2.9010430264334617],[43.271218835748584,-2.901839375957128],[43.270769767125955,-2.9019372023300094],[43.27034935307058,-2.8993609240250975],[43.27026384778682,-2.8985894094600284],[43.27025458839966,-2.898505259935313],[43.27008828234793,-2.8970053595931553],[43.270080565910014,-2.896935995295156],[43.270059957668444,-2.89675007922516],[43.26996272292512,-2.8958732322949645],[43.26985930659349,-2.894940083836757],[43.26968860426025,-2.893701205606966],[43.26966096495656,-2.8935129627653806],[43.269645096866356,-2.8933949389402045],[43.26956615564451,-2.892848442343673],[43.26955917634529,-2.8927996567541876],[43.26884388615947,-2.8908427371251864],[43.26764850102247,-2.8875724401306306],[43.266188688145576,-2.884166736960456],[43.26597287787891,-2.8836655191108025],[43.26594895889736,-2.883609869416149],[43.26571455013306,-2.8830632232405695],[43.26563924551378,-2.882510976875117],[43.26555713399732,-2.8819095807330077],[43.265439540946424,-2.8810481408119517],[43.265369307817444,-2.880532855016119],[43.26533219446342,-2.8802609847598757],[43.26531148685965,-2.8802639825849874],[43.265249994502064,-2.880273098030627],[43.26523865044611,-2.8802748453162557],[43.26522838669041,-2.8802763440479113],[43.26514006459404,-2.8802894550169915],[43.264764808048994,-2.88034502196788],[43.26468314834947,-2.8803571339533374],[43.264529552422175,-2.880379860187847],[43.26445212425834,-2.880391347712272],[43.26433337104531,-2.8804089537037725],[43.26424919041606,-2.8804214400995267],[43.26418031524842,-2.8804315554028492],[43.264144392218036,-2.8804369239927485],[43.264107298710954,-2.8804424180826818],[43.26404706671973,-2.8804512842686423],[43.263923451748084,-2.880469638829947],[43.263819193816595,-2.880485121499815],[43.263714215508685,-2.8805006055254485],[43.263555127716074,-2.8805243274909778],[43.26338028408371,-2.8805502979959026],[43.263169877325325,-2.8805813896375585],[43.26306318849332,-2.880597246314882],[43.2630212332289,-2.880603488991707],[43.262976486906354,-2.880610106754634],[43.26290320019631,-2.880620969531724],[43.2628139073091,-2.8806530562318917],[43.26259652608049,-2.8807313513508026],[43.26244935491858,-2.880784373593898],[43.262254656850885,-2.8808544915457546],[43.262248626040716,-2.8808567211239824],[43.26223386392142,-2.8808620480294107],[43.2622011892068,-2.8808738168832257],[43.26218705715595,-2.8808788961279923],[43.26209542387131,-2.8809118491170587],[43.262052397642556,-2.8809273344427226],[43.261815213381624,-2.881012812422525],[43.26173483177412,-2.88104180034914],[43.261617724731224,-2.8810839200320917],[43.261508358731355,-2.8811231906484456],[43.26139899297171,-2.8811627075440853],[43.26116180837767,-2.881248060481236],[43.261060903750504,-2.881284480246221],[43.26103759037842,-2.8812929037993724],[43.260818588311174,-2.8813716903353956],[43.26059373545011,-2.881452705414303],[43.26048031886479,-2.881493584275462],[43.26041865978937,-2.8815157581669477],[43.260412898976405,-2.8815178638805605],[43.26028607039527,-2.881563573614389],[43.26021315968731,-2.8815898350332776],[43.26018545600117,-2.881706566639911],[43.260143407599784,-2.88188419056523],[43.26008665502808,-2.8821236929138028],[43.26004819212184,-2.8822860316080057],[43.259990003197096,-2.8823553863488143],[43.259971746034,-2.8823771060217798],[43.259934512208744,-2.88242140916531],[43.25989197219844,-2.882472129243531],[43.25983018546904,-2.8825455563839135],[43.25975185046727,-2.8826388515027976],[43.259661373997616,-2.8827467080959126],[43.25952448962805,-2.8829096034870645],[43.25948617642014,-2.882955263320693],[43.25945011158689,-2.882998208249875],[43.259265110410205,-2.8832184853475886],[43.25910789956016,-2.8834056889529927],[43.2591114098293,-2.8834925423271947],[43.25911547736375,-2.8835961506363295],[43.25912222415221,-2.8837666546081886],[43.259126659379326,-2.883877901015203],[43.25912804659245,-2.8839138744754296],[43.259135440585816,-2.8841015028994463],[43.25914440418942,-2.884327815031328],[43.25914560481595,-2.8843575053672446],[43.259147361278245,-2.8844025953837713],[43.2591479137585,-2.8844146685118868],[43.259154011596785,-2.884567925069952],[43.25915521452252,-2.88459995632235],[43.259160296027375,-2.884727834423886],[43.25916177525388,-2.88476602545555],[43.25916334463834,-2.8848043395249907],[43.25916574638043,-2.8848644594695743],[43.25911928207106,-2.8848643006067256],[43.258971965284985,-2.8848640853604315],[43.258850131692924,-2.8848638220988367],[43.25863185765311,-2.8848632477314524],[43.25855873953409,-2.8848631390911548],[43.2583769346215,-2.884862742420332],[43.25832065522158,-2.8848626020530745],[43.25821953246802,-2.8848624229752873],[43.25817847082568,-2.8848621307313764],[43.25811156591949,-2.8848620103851843],[43.25795083203264,-2.8848616972195313],[43.25781360044136,-2.884861462975272],[43.25765016502249,-2.884861031698206],[43.25763620779106,-2.884861057996035],[43.257609283717365,-2.8848609855228315],[43.25752274850949,-2.8848607789618907],[43.25746565868121,-2.8848606401236787],[43.25729501964361,-2.884860345624179],[43.257072783615065,-2.8848599019385204],[43.25685694089121,-2.8848594462084263],[43.25670665238261,-2.884859113368262],[43.256495041714494,-2.884858526466631],[43.2563255732546,-2.884858229766345],[43.256321341060854,-2.8848582377403527],[43.256272265374726,-2.884858083805152],[43.256192663616694,-2.8848577409853497],[43.256153682767334,-2.8849566206804997],[43.256065660564445,-2.8851792849251217],[43.2558292563641,-2.885777737812505],[43.25574060394726,-2.886002125653098],[43.25568060366689,-2.8861537721735586],[43.25561853774296,-2.886311089380891],[43.25548910518554,-2.886638545311617],[43.25543369842375,-2.8867012328559682],[43.25523851553287,-2.88692236546681],[43.25502660199212,-2.887162253585986],[43.25496543850697,-2.8872316034638716],[43.25475586297467,-2.8874688979952055],[43.25473214177362,-2.8875209307854264],[43.25468397989456,-2.8876259831423767],[43.25455440980661,-2.8879088343641723],[43.254508732449416,-2.8879766762147425],[43.254483466112376,-2.888014297443897],[43.25417316464879,-2.888475248811379],[43.254161925021556,-2.8884919007543792],[43.254123620463936,-2.888548763870008],[43.254085855438284,-2.8886048867570473],[43.254072727569515,-2.88862437559278],[43.25404880979932,-2.8886600226995665],[43.25400969581522,-2.8887179958377187],[43.2539246343822,-2.888844425923074],[43.25388066483904,-2.8889096761704023],[43.25347972263723,-2.889505310821097],[43.253469561872414,-2.889520358908065],[43.25342262467741,-2.8895900485391364],[43.253369033605466,-2.889669728806124],[43.25335716442552,-2.889687366999819],[43.2533146331253,-2.8897505191402075],[43.253306000985525,-2.889763346895297],[43.25327434975438,-2.889810340901688],[43.25324926254477,-2.889847590707327],[43.253238831831375,-2.8898628855549235],[43.25321887454154,-2.889897292616454],[43.25320404125214,-2.889922697275208],[43.25319271420955,-2.8899423054973723],[43.253164845933405,-2.889990401258791],[43.2531086594413,-2.8900869630401624],[43.253098680704504,-2.8901041049038088],[43.253086184797745,-2.8901255630643314],[43.25307153131409,-2.89015072090211],[43.25305049526811,-2.8901871008105884],[43.2530011409358,-2.890271946586919],[43.252988824854484,-2.890293157969187],[43.25297659869783,-2.8903142459881126],[43.252951067464835,-2.890358148643186],[43.25288661004234,-2.890469014987249],[43.253037953759225,-2.8906309896470304],[43.25305264645334,-2.890646732131155],[43.25306346313184,-2.8906582929749303],[43.25312385636889,-2.890722984820236],[43.25313620548155,-2.8907362676635517],[43.25315621633059,-2.890757667605636],[43.25331071455821,-2.8909230874977463],[43.253327036978696,-2.890948189966943],[43.25336762094038,-2.8910141496437727],[43.25343203747643,-2.891143388820063],[43.253500651735855,-2.891331261367173],[43.25351004116945,-2.8913571155144657],[43.25355519479376,-2.8914942740073775],[43.2535888339406,-2.891643772584026],[43.25362305814297,-2.8918408234489146],[43.25364771961016,-2.892019412212399],[43.25366844451161,-2.8922253573103944],[43.25369116489741,-2.89244706797693],[43.25370938575297,-2.892672236167148],[43.253718583496564,-2.8928782018986103],[43.25372530468516,-2.893132464433227],[43.25373456957751,-2.893411361574397],[43.25373727437601,-2.8936084687681616],[43.25372260977385,-2.8937193697194603],[43.25370346399114,-2.8938531926490616],[43.25365985136377,-2.894015146346525],[43.25358227579483,-2.8942582206867495],[43.2534969774985,-2.8945249610768853],[43.25340966604709,-2.8947574561768104],[43.25331282363926,-2.895005735831416],[43.25321845686796,-2.89520473289661],[43.253122107142644,-2.895402008028808],[43.25308892741218,-2.8954540525279295],[43.253081644094685,-2.895465521993376],[43.252851099640424,-2.8958336478842535],[43.25272809475565,-2.8960307197954314],[43.25259641676073,-2.8961966378994197],[43.252470422404684,-2.8963746185048933],[43.252272712944915,-2.8966107431847985],[43.25217224575001,-2.8967382934438306],[43.25197382901987,-2.8969898159097336],[43.25188845811723,-2.897082722777566],[43.25187154583439,-2.8971011067414985],[43.251752970158186,-2.8972192001016257],[43.25154452955231,-2.897439938461881],[43.25142351618727,-2.897551259151845],[43.25129987526269,-2.897644598055162],[43.251251192788295,-2.8976813901794265],[43.25093723939687,-2.8979280479579317],[43.25093103144361,-2.897933971410765],[43.2506801371197,-2.898109564813891],[43.250547755151636,-2.898196140639038],[43.250431026032665,-2.8982655668693846],[43.250308729073375,-2.898352002043713],[43.25006279211502,-2.8985337430858493],[43.25005595303678,-2.8985388051271763],[43.24963111287329,-2.8989472581890463],[43.24864296257398,-2.8998975369613467],[43.24835679101686,-2.900204118083325],[43.24817668942407,-2.900401998826021],[43.24805471642363,-2.90055223505235],[43.247951841388534,-2.9007119247692854],[43.247923427734506,-2.9007593964626284],[43.2478429528404,-2.900894535750444],[43.24782613840625,-2.9009226487420703],[43.24760773096534,-2.9012889782123112],[43.24760710138137,-2.901289841507077],[43.24741335529867,-2.901539475133172],[43.247337165082335,-2.901631984385274],[43.247245502071465,-2.9017423796512056],[43.24720844063056,-2.9017865383014128],[43.24680902542638,-2.902245905981086],[43.246773850668724,-2.902285256939116],[43.24674830165724,-2.902313752556227],[43.246041546911535,-2.903402679510178],[43.245985339860695,-2.903488377953403],[43.24591024729315,-2.9036030531326116],[43.24581861552198,-2.903752860089868],[43.245799551691846,-2.9037839311986415],[43.24577635159912,-2.9038220299932824],[43.245775362429534,-2.9038236328751883],[43.24576385402982,-2.903844591389507],[43.24572896955108,-2.903908576059093],[43.245598257522694,-2.90416647102798],[43.24550799878565,-2.9043438661797447],[43.24546654581033,-2.9045219236534723],[43.24542834142863,-2.9047085982958065],[43.24541545938108,-2.9048103635486395],[43.24539139956401,-2.9050062542338058],[43.245385679373236,-2.905166394673073],[43.24534890063914,-2.905772364514242],[43.24526662423137,-2.9071262161907954],[43.24529909876442,-2.908651602494645],[43.24556112318293,-2.9108040011050393],[43.2458539179247,-2.912385932128122],[43.24581380518472,-2.9132764504654],[43.24574628546706,-2.913893056364602],[43.24570980591086,-2.914118648075755],[43.245680744534184,-2.9142704450751618],[43.24563818669721,-2.914436672722387],[43.245620312395175,-2.914496932070149],[43.24555535652149,-2.9146953402386164],[43.24551725749446,-2.914803913556175],[43.24549155835697,-2.9148768709423396],[43.24543096829216,-2.9150135599414697],[43.2454223363224,-2.9150304473535216],[43.2451543236957,-2.9154725349151924],[43.245031693028004,-2.915612633999604],[43.24490895090831,-2.915723909220244],[43.244470438146045,-2.916113627556396],[43.24445748014628,-2.9161255934322696],[43.24434537847427,-2.916257915097708],[43.24425559100344,-2.9163665559996876],[43.244150867413616,-2.916491352995417],[43.24403948703364,-2.916625519973223],[43.24401951761228,-2.9166543702414827],[43.24391922508732,-2.916805396540139],[43.24383376685683,-2.9169243766958677],[43.24374410808376,-2.9170872124512046],[43.24366308512062,-2.9172383344487964],[43.24348718644977,-2.9175615355554103],[43.2433652474532,-2.9177905573563714],[43.243362459714724,-2.9177957344146277],[43.24330906529598,-2.917926001054897],[43.24330322302307,-2.9179410361162508],[43.242975874664815,-2.9187860745376297],[43.242965088873724,-2.9188140491906496],[43.242957898313406,-2.918832657896147],[43.2427417297684,-2.9193907944482733],[43.24272159577191,-2.919442676721916],[43.242690495952736,-2.919522903118871],[43.24268035044319,-2.9195652878710363],[43.24265503127804,-2.9196707569408553],[43.24257287838897,-2.920013530638647],[43.24256039827522,-2.9200656489022054],[43.242364842775245,-2.9208813034261865],[43.242221157988205,-2.9207950227937296],[43.24219944753701,-2.9207818715462803],[43.242112696104755,-2.9207297592186654],[43.242002432558934,-2.920663512842195],[43.2418841514556,-2.920592473444889],[43.24147840987459,-2.9203486306179047],[43.24142426889389,-2.920316061060661],[43.24112924109246,-2.920138835064779],[43.241042309172386,-2.920086601625963],[43.240971682537634,-2.920044077380055],[43.24077520729825,-2.9199260922237884],[43.240768631021076,-2.919922036264965],[43.240764941766116,-2.9199258593297044],[43.24044721460156,-2.9202539027492027],[43.24043821642438,-2.920263275264224],[43.240399433966324,-2.920303232294401],[43.24037504881082,-2.9203285135229726],[43.24036164141088,-2.9203423258082943],[43.24023971518967,-2.920468238922708],[43.24010194777864,-2.920474945990776],[43.24005017236485,-2.9204773535084296],[43.23983408148529,-2.9202505147112636],[43.239816155943835,-2.92024167007357],[43.23980111293719,-2.9202342996831487],[43.23957501762688,-2.9201238680159807],[43.23954493159671,-2.9201091273547113],[43.23950547740364,-2.9200897186315715],[43.23947647236339,-2.9200755924219433],[43.2394241371343,-2.92005004227718],[43.23941521929276,-2.9200454967917993],[43.23937486435937,-2.9200257198307913],[43.23934694030565,-2.9200122080973263],[43.23932946523793,-2.9200037325081603],[43.23915633537,-2.9199189747599346],[43.23911850259258,-2.919900426316966],[43.23899608664942,-2.9198406051966037],[43.238974197709254,-2.919829918518046],[43.23889447870773,-2.919790979716543],[43.23887195917414,-2.9197799244057303],[43.23886141995603,-2.919774642137973],[43.23872493741048,-2.91968749742516],[43.23842647726995,-2.9194968618971364],[43.237948460940636,-2.9190486847225223],[43.23782077939676,-2.918929016264556],[43.237813660878416,-2.9189222517443283],[43.23780645231256,-2.9189154873450742],[43.23780113787742,-2.9189131542978854],[43.23779528289796,-2.9189104524794107],[43.236961357123604,-2.918531482979101],[43.236807236478825,-2.918461363460631],[43.235974206427905,-2.9175765903145554],[43.23592768158411,-2.9174926585360614],[43.23571489268134,-2.9171086906669155],[43.235507359922785,-2.9166487296897805],[43.23550546588288,-2.916644544891866],[43.23549734845196,-2.916626451700492],[43.23549410155061,-2.9166193129517426],[43.23514983298747,-2.9158565752980494],[43.23444319245914,-2.9153139365977743],[43.234261463886625,-2.915174406504668],[43.23365928787643,-2.9138085962281504],[43.23354313999491,-2.913706418718721],[43.23350844881317,-2.9136759254257547],[43.23343483132738,-2.91361112714989],[43.233422486688,-2.9136003070327634],[43.23339365840181,-2.9135828598948645],[43.233371496670024,-2.9135694674312664],[43.23333365957223,-2.913546614286909],[43.23331122760156,-2.913533099077808],[43.2332317696374,-2.913485058340326],[43.23314834771503,-2.913434560268421],[43.233068979941066,-2.913386765965462],[43.232982765299504,-2.913334671128108],[43.23291997361985,-2.913296705823461],[43.232888442657696,-2.913277661815453],[43.2328382634395,-2.913247437365687],[43.2327326797213,-2.9131836709104078],[43.232686644421136,-2.9131557806286597],[43.23264178028766,-2.9131286276400563],[43.23261880770175,-2.9131147440475105],[43.232603853050286,-2.913105775168427],[43.232551421483286,-2.9130740763737952],[43.232525926447735,-2.913058718581161],[43.23252367423997,-2.913057367108317],[43.232362469238424,-2.9131489749608326],[43.23229109427233,-2.9133105282480245],[43.232192634201716,-2.913259806212387],[43.23210948819291,-2.9132170674486386],[43.23188806557636,-2.913103097552833],[43.231765000070624,-2.913022854998023],[43.23176490992985,-2.9130227319755253],[43.23166452143659,-2.9129229996904638],[43.23160683640643,-2.9128510388504614],[43.231534985473665,-2.912741783829944],[43.231529845929074,-2.9127328011967446],[43.23149125443955,-2.9126656162852074],[43.23147673747962,-2.912640268092094],[43.23143444892022,-2.912566438480728],[43.2313077818238,-2.912369456777182],[43.231270457671,-2.9123112604487384],[43.23124864029778,-2.9122774255749095],[43.23123953467542,-2.912263276427175],[43.231177465117035,-2.9121107832298465],[43.23116492329774,-2.9120779203414435],[43.23111520625655,-2.9119465914237908],[43.23110347652114,-2.91191594412131],[43.23106917995326,-2.9118139027564065],[43.23105816904002,-2.9117812840775414],[43.23100942676751,-2.9116300040578844],[43.23100852401291,-2.9116270497823025],[43.23098451446398,-2.9115533181535325],[43.23096429609023,-2.911491526555886],[43.23094751711095,-2.911452512590637],[43.230884920603486,-2.911318617193567],[43.23086273768547,-2.911278256527165],[43.23083514427968,-2.911228051836646],[43.23081891658215,-2.9112033224838694],[43.23074715421167,-2.9110941938249946],[43.23069657878014,-2.911018407841073],[43.230678277844575,-2.910990972349856],[43.23067674589318,-2.910989496797237],[43.23058023262828,-2.910896167686789],[43.23044991866057,-2.9107606483846764],[43.23034278204512,-2.9106704141914275],[43.23033836684953,-2.9106667262051276],[43.23019169897368,-2.9105759343956694],[43.23017584297218,-2.910566105777745],[43.230157823912265,-2.9105538173789474],[43.230037456267794,-2.9104713616193316],[43.230015114837116,-2.910458956456355],[43.22987079669822,-2.910379245398712],[43.22982800490125,-2.910354555591812],[43.22975179034739,-2.9103104576481864],[43.22962521651243,-2.910237247999909],[43.229558281989405,-2.9101997866204448],[43.229411890639454,-2.910117616895223],[43.22923550034664,-2.9100187438831515],[43.22922577098992,-2.910013339790076],[43.22869128851974,-2.9097189487043775],[43.22786830591879,-2.908760018602433],[43.22785163166914,-2.9087405869093663],[43.22782053650162,-2.9087044293322792],[43.227797630308224,-2.9086616098600775],[43.227785816426675,-2.9086394618187965],[43.22774640697154,-2.9085658814060875],[43.227605452185706,-2.908302444406292],[43.22755107215257,-2.908200810464783],[43.22748659160616,-2.908080351141386],[43.22736908328532,-2.9078607195390536],[43.22727655538335,-2.90768784489083],[43.22717149144267,-2.90749122342092],[43.22710908442228,-2.907374702974544],[43.22707923372033,-2.907319088327723],[43.22701565391257,-2.907200107189172],[43.22697038156222,-2.907115577978667],[43.22692835575177,-2.9070370778656662],[43.226871719903876,-2.906931139675775],[43.226822659355044,-2.9068392281875775],[43.226804622634006,-2.906805761385709],[43.226799301723176,-2.9067957950961314],[43.22679127949568,-2.9067859560650495],[43.226784158742795,-2.906777347069337],[43.22674215499104,-2.906726184600458],[43.226740893024996,-2.9067245856972086],[43.226679870401064,-2.9066503019116308],[43.22661848713734,-2.9065755262636217],[43.22658784061114,-2.9065382615671993],[43.226546107094244,-2.9064873452937268],[43.22646471339511,-2.906388342002575],[43.22637827182121,-2.90628306657545],[43.22630336770411,-2.906191811675551],[43.226232159087616,-2.9061049843502924],[43.22610263156803,-2.905947318592447],[43.22607338069898,-2.905964972471916],[43.22569347892331,-2.906193978261509],[43.225381619018044,-2.906382118504294],[43.22501341676685,-2.906604082433204],[43.22488959355852,-2.906704504851575],[43.22483218117059,-2.906750891812235],[43.22418624673865,-2.9072743399431387],[43.22414305229906,-2.9073092527100464],[43.223931219819,-2.9074809774413795],[43.22362714884405,-2.9077274595933833],[43.2235143031385,-2.9078188721327574],[43.22338201983498,-2.907926074718941],[43.22324613681359,-2.908036114323303],[43.22311520311858,-2.9081422057432658],[43.22298840882973,-2.908244965909697],[43.22294548412672,-2.9082797537691225],[43.22283008329958,-2.9083295492443697],[43.22266796388673,-2.9083993619351918],[43.222552383005485,-2.908449280359641],[43.222428070369915,-2.9085027824782035],[43.222276572875586,-2.908568145640268],[43.22212588547012,-2.9086331378744696],[43.22191902777488,-2.9087223472557224],[43.22187167910998,-2.908742734468335],[43.22180785748252,-2.9087702877901696],[43.2216336756513,-2.9088454107163058],[43.221443830829074,-2.9089272055442015],[43.22127829038725,-2.908998497706533],[43.22125848673956,-2.9090070230979337],[43.22124273384861,-2.909013818647294],[43.22120411677653,-2.9090304985442015],[43.221129133023744,-2.9090628698960113],[43.221060720463385,-2.9090923994354543],[43.22101931279258,-2.90911019153976],[43.220971333915024,-2.9091308253451356],[43.22080408301913,-2.909202857713796],[43.22069768344662,-2.9092488193681527],[43.22057472071297,-2.909301823720617],[43.220368402427226,-2.9093906583888383],[43.220307371117485,-2.9094169749483667],[43.2203026903145,-2.9094190750471616],[43.22021897477301,-2.909455152188792],[43.22008872053477,-2.90951124467315],[43.22003029969005,-2.909536448988762],[43.21997367910417,-2.9095607887067105],[43.219886812926845,-2.909598224509073],[43.219795445925804,-2.9096376368771404],[43.21965853041822,-2.909696693445761],[43.21965474969404,-2.909698299667286],[43.219494879852505,-2.9097672398953933],[43.21944762102716,-2.909787625356177],[43.21941881559044,-2.9097999804068806],[43.21937921181023,-2.909935969617159],[43.21937543999934,-2.909948903371976],[43.21936583138828,-2.909982530835628],[43.219344367503005,-2.9100555759409095],[43.21932784330886,-2.9101122380285998],[43.219303685846434,-2.910195383295886],[43.21925635846276,-2.9103581015471875],[43.219241540582466,-2.910409097201709],[43.219229775904374,-2.9104493764494683],[43.219197445550336,-2.9105602366120924],[43.219173557134106,-2.910642396129711],[43.21897517254803,-2.9113238129982126],[43.21896143175192,-2.911370866627349],[43.21894248220349,-2.9114360271321607],[43.21892038934195,-2.9115120271276806],[43.21889847566809,-2.9115869186863503],[43.21888410633414,-2.9116364356002125],[43.218874586512584,-2.9116690774027676],[43.218856534892375,-2.911731158309994],[43.218818186248306,-2.911862956975678],[43.218816390044054,-2.911869115793857],[43.21881459383946,-2.9118752746116754],[43.21869613374334,-2.9122818787844196],[43.21859958650111,-2.9126134674882644],[43.218546238171434,-2.9127967523000096],[43.218478968628744,-2.9130279518025017],[43.218475645487466,-2.91303928392768],[43.21847061584337,-2.913056405300914],[43.21843442119903,-2.9131808118178295],[43.2184296578455,-2.9131928847126023],[43.21842345634848,-2.913208407112584],[43.218405481242634,-2.9132537421635134],[43.21838382098846,-2.9133080704429037],[43.21835155544396,-2.9133892546624156],[43.21833438910853,-2.9134324953607504],[43.218324772392585,-2.9134567643206735],[43.21828702408832,-2.9135514997213736],[43.218239569268064,-2.913670996518265],[43.21817377925911,-2.9138364439619306],[43.21812632404731,-2.9139558171939437],[43.21807940797735,-2.914073835129212],[43.218042018887395,-2.9141679536501],[43.21803339050406,-2.914189512285557],[43.21800660670152,-2.914256651874492],[43.21799060843892,-2.9142969354987773],[43.21798809190878,-2.9143033414168698],[43.217948994861516,-2.914401648224045],[43.217883563337104,-2.9145662317365626],[43.21782316486637,-2.9147182493763455],[43.217761058316064,-2.914874332134603],[43.217731667679196,-2.9149481233600323],[43.2177001200644,-2.9150275811391446],[43.217681964322544,-2.915073161615],[43.217654640993466,-2.915142024891601],[43.21764934326541,-2.9151623474130273],[43.21763461775567,-2.9152193734267233],[43.217630487436914,-2.9152353850395833],[43.217626446889625,-2.9152510271592718],[43.21762043086043,-2.915274182467385],[43.21760777055237,-2.915323325749677],[43.217586400396016,-2.915405970280603],[43.21756960949743,-2.9154708788454755],[43.217543300622964,-2.9155724908858343],[43.21750828183318,-2.91570772714417],[43.21746203892431,-2.915886440712977],[43.21740448200594,-2.9161091240057067],[43.217381764177745,-2.9161966947027533],[43.217350336637985,-2.9163183819529057],[43.21727086899053,-2.916625678793862],[43.217220763350504,-2.91681917079643],[43.217178380018964,-2.9169831028916273],[43.21706873898468,-2.9174071575950955],[43.216910335609136,-2.9180194048154777],[43.2168488231785,-2.9182571100999257],[43.216774468726655,-2.9185443264568667],[43.216733160686985,-2.9187043148795135],[43.21670702841765,-2.91880506206392],[43.21665871532416,-2.918991899631426],[43.21665763763231,-2.9189959640272067],[43.2166100426051,-2.919179968580699],[43.21660833640118,-2.9191866193237166],[43.216569169587004,-2.919319640754403],[43.21650125632216,-2.919550580222487],[43.216447266603716,-2.919733976662368],[43.21643037801801,-2.919791495770178],[43.216376208162025,-2.9199753844994802],[43.216335782859815,-2.920112838870384],[43.21632051098433,-2.9201646921582687],[43.21615862811634,-2.920715000264012],[43.21610499594989,-2.920897286115046],[43.21604615297137,-2.9210973075094278],[43.21602468197079,-2.9211703447625097],[43.215980751509434,-2.9213196214776396],[43.21595739368509,-2.921398940060617],[43.21593520371783,-2.921474317282176],[43.21592909460472,-2.9214948859628778],[43.21590411968737,-2.9215798699474385],[43.21585785284816,-2.921737028657534],[43.21584626367687,-2.9217764414452865],[43.21580376982028,-2.9219207907148586],[43.215746721972906,-2.9221148981706158],[43.21571635613883,-2.9222181100232727],[43.215634062293155,-2.9224975698580677],[43.21562759388989,-2.9225197393269764],[43.21560728984624,-2.9225887112059095],[43.21556749023111,-2.9227239452077263],[43.21555086953262,-2.9227803542629456],[43.21548851952605,-2.9229924420059565],[43.21548744136025,-2.9229960137824604],[43.2154622855612,-2.923081489239887],[43.215420598662845,-2.9232231270937783],[43.21540181459788,-2.9232765837639794],[43.215335306087894,-2.923465652688957],[43.215321644899454,-2.923504574932305],[43.21526205676907,-2.9236743052900356],[43.21524084572627,-2.92373453616656],[43.215195727448524,-2.923863003775986],[43.21513056630717,-2.9240484993557545],[43.2150747520188,-2.9242071434422208],[43.21502100493773,-2.924360244420096],[43.21496734737356,-2.9245128525511066],[43.21491261114372,-2.924668662778254],[43.21483864053723,-2.924879283249305],[43.21479082446911,-2.9250152625840253],[43.214710831147286,-2.925242879633526],[43.21470004548254,-2.9252735487773736],[43.21464202289968,-2.9255006459420443],[43.214604478620664,-2.9256475692107067],[43.2145973829526,-2.925675402077722],[43.214542683032185,-2.9258896903910117],[43.21437759239147,-2.9265357552300535],[43.21431992669971,-2.9267616184186944],[43.21426962598396,-2.9269585402585316],[43.21398407322648,-2.928076518129035],[43.21395631677717,-2.928185138041976],[43.213890293665806,-2.928443387067167],[43.21383998989595,-2.928640059916758],[43.21381376026682,-2.928743137385727],[43.21379750137991,-2.928806929640406],[43.213777020176344,-2.928886731651447],[43.213710905888156,-2.9291457179549014],[43.21376210679666,-2.9292328237142673],[43.213904441275965,-2.9294748258331986],[43.21391300466328,-2.929489220392197],[43.21400864528851,-2.929651991286071],[43.21404407094266,-2.929712153812675],[43.214080037454345,-2.9297733007090483],[43.214099508029435,-2.929806396338546],[43.21415133936794,-2.9298944874031094],[43.21462421857624,-2.930698633140861],[43.21482432954162,-2.9310387008043186],[43.21498198399477,-2.931306918020401],[43.21506374047729,-2.931445948547976],[43.21509826382393,-2.931504636753692],[43.21510529467397,-2.9315165712490283],[43.215154600783826,-2.9316003589269046],[43.21521571357921,-2.9320041156312615],[43.215285865102395,-2.9324678213921556],[43.21541612844683,-2.9333286403092695],[43.21546168760256,-2.933629983235008],[43.21549422925881,-2.9338450349862923],[43.215494410065624,-2.9338462659702507],[43.21551077132148,-2.933954715219539],[43.215519991042626,-2.9340151562040897],[43.215557413217674,-2.9342627062900397],[43.21557892627101,-2.9344051308363324],[43.215602969701585,-2.9345636812554323],[43.2156435542743,-2.9348321587449995],[43.2162216503449,-2.936741617588143],[43.21631195245773,-2.9370399661220805],[43.21658597925539,-2.9378861351471004],[43.2168382700939,-2.940038643561069],[43.2168768634694,-2.9403123031144522],[43.21692494535989,-2.9406518234396444],[43.21697492479485,-2.941005993858309],[43.217054003611146,-2.9415657491750733],[43.217108408100344,-2.9419505740637364],[43.21713018795426,-2.9421053167938815],[43.21714003811916,-2.9421745016192955],[43.21715964864852,-2.942313610149353],[43.217172300449185,-2.9424032305426],[43.217176547798864,-2.9424332681487138],[43.2171949830704,-2.9425637594521614],[43.21720754413393,-2.9426523950628067],[43.21721965347427,-2.942738199339997],[43.217248480657844,-2.942942430886847],[43.217266553933506,-2.94307046040371],[43.21728767644992,-2.9431738628558173],[43.217334073862645,-2.943401841055035],[43.21741377870861,-2.9437931715526315],[43.21748942040838,-2.9441646841406865],[43.217553958671616,-2.9444817877487224],[43.21755467472586,-2.9446587135391384],[43.217554777991985,-2.9446860465492684],[43.217555390981424,-2.9448366243102613],[43.21755560311509,-2.9449031100474246],[43.21755621853882,-2.945059351426652],[43.21755796404232,-2.945508253015819],[43.21755939893574,-2.9458752787103566],[43.21755960662581,-2.945933638401016],[43.217560835659945,-2.94624870676984],[43.217749428273564,-2.9463194596638878],[43.21781040112462,-2.946342306981463],[43.21801421439731,-2.9464188339046915],[43.21807122444751,-2.946440207410722],[43.21828584517786,-2.946520665493404],[43.21832909733235,-2.946583543876522],[43.21853625644868,-2.9468842782523796],[43.21854860128917,-2.946902243653747],[43.218637177542114,-2.947030831652458],[43.218800633269026,-2.94726819750524],[43.21883793785524,-2.947322340213],[43.218879207220034,-2.947382389565302],[43.21895336568157,-2.9474899369623646],[43.218959939538074,-2.9474907931955827],[43.21898056163809,-2.9474934842485596],[43.21902279641573,-2.947498988635088],[43.21911528064046,-2.947510975557677],[43.219127888068336,-2.9475126884967366],[43.21928764171102,-2.947533359688217],[43.219306642899156,-2.9475359290339855],[43.21934293414851,-2.9475405766944753],[43.21955167650084,-2.947567608606157],[43.219620837079454,-2.9475766606862885],[43.21986361941524,-2.9476082193838433],[43.220086319923915,-2.9476370867171218],[43.220195824144454,-2.947651398914179],[43.22022626196516,-2.947655312952708],[43.22023247562942,-2.947656169529484],[43.22024616362135,-2.9476578816051835],[43.22039547114683,-2.9476773312049485],[43.220629698414314,-2.947707789855117],[43.22080241964692,-2.947730297910845],[43.22095226742998,-2.947749747401456],[43.22106402291686,-2.9477643043375474],[43.22122215555157,-2.9477848550889534],[43.22123296185467,-2.9477862002915227],[43.22131842198171,-2.9477974552926276],[43.221379207553625,-2.9478052837382287],[43.221411986706826,-2.9478094421910117],[43.221465568094175,-2.947816414894805],[43.22147547392272,-2.9478177608762106],[43.22166727268428,-2.94781291834724],[43.22171310623242,-2.947811647949901],[43.22178055097945,-2.947809989725073],[43.22185763062516,-2.9478079538856172],[43.22193011796659,-2.947806168220197],[43.222278687366426,-2.947797251659976],[43.22240799390981,-2.94779393990669],[43.22255756087989,-2.947790118321892],[43.22273927441292,-2.947785530489213],[43.222758544321096,-2.9477850215138677],[43.2230219298916,-2.9477783938139166],[43.223231737786804,-2.947772919993905],[43.22336923855958,-2.9477694780065407],[43.223616235598094,-2.9477631104321405],[43.22361758692659,-2.9477644637555405],[43.22392820547033,-2.9480614462354344],[43.22396740907518,-2.948134185734731],[43.22402580876451,-2.948242371988341],[43.22403058528371,-2.9482512336761326],[43.22403752472011,-2.9482640338604202],[43.22434141774042,-2.948827246049466],[43.22472976789535,-2.94938029677155],[43.22496575012817,-2.9497163886712685],[43.22501819044108,-2.9497909666570377],[43.22509108428504,-2.9498948346759364],[43.22527720375208,-2.9500816051641117],[43.2253441382225,-2.9501487837676494],[43.22543917968154,-2.9502441382374567],[43.22555118739159,-2.9504257990957026],[43.225576598600966,-2.950467029811733],[43.22567202561369,-2.95062173754667],[43.225840351488785,-2.950894600321083],[43.22591436481924,-2.951302869543002],[43.225967617572884,-2.9515970062694366],[43.22605624976485,-2.9520856756175435],[43.22605661072765,-2.9520875224228074],[43.226156793404314,-2.952640216726504],[43.22617439285869,-2.952737483255644],[43.22625020443913,-2.9531552373077816],[43.23092647046765,-2.961407934635338],[43.230987410080694,-2.9618783258447454],[43.23101675047139,-2.9621041631625364],[43.231068659189326,-2.9625033809967913],[43.231100796869484,-2.9627508914962233],[43.23110883138598,-2.9628133233338367],[43.23112598311755,-2.962945082768872],[43.23114187089563,-2.9630671142353413],[43.231171028489065,-2.9632918444580763],[43.23119323475003,-2.963462516393362],[43.23125425576683,-2.9639322959055265],[43.2312703232826,-2.964056544473287],[43.23130922727165,-2.9643557755611],[43.231323398593176,-2.9644647548775063],[43.231337389296904,-2.964572379700904],[43.231354539116126,-2.9647045095723903],[43.23137674342046,-2.9648756751334835],[43.23139876692266,-2.9650453631227505],[43.231420609666735,-2.9652136966870484],[43.231474312695404,-2.9656269579001497],[43.23152187704466,-2.96599317987026],[43.23153117319285,-2.9660648481300553],[43.231574043018,-2.9663947440171867],[43.23166545898434,-2.966764637865718],[43.231730459049494,-2.9670272828224165],[43.23178914794854,-2.9672645626600604],[43.23180113810409,-2.9673130776439325],[43.23183269098205,-2.9674405218882938],[43.231872537693825,-2.9676019515169614],[43.23188326551258,-2.9676450486598616],[43.231887502642,-2.967662410700744],[43.231916981651366,-2.967781358978585],[43.2319241034946,-2.9678101725638526],[43.23194573943344,-2.9678977215774465],[43.23205229536253,-2.968328571944053],[43.23224043205919,-2.9690894285612965],[43.23241926120614,-2.969407070367259],[43.23253700868656,-2.969616247137023],[43.23261899025755,-2.9697618957131677],[43.232707458086225,-2.9699191178317847],[43.23279439418619,-2.970073631793776],[43.23283934859522,-2.9701534128475893],[43.2328530420991,-2.9701776672830706],[43.232879438187304,-2.970224698833779],[43.232936734678866,-2.970326518513255],[43.23299682381615,-2.9704332631601233],[43.2330664622331,-2.970556998574111],[43.233129524069945,-2.970669037845775],[43.23320276575366,-2.9707991760624015],[43.23327582710015,-2.9709289452151895],[43.23333843814754,-2.9710402465440873],[43.23343582285054,-2.971213231880692],[43.233640861409114,-2.9715775494468324],[43.233850313046524,-2.971949749343857],[43.233922472247656,-2.9720780437961656],[43.23404084544481,-2.972288462117326],[43.23407480781079,-2.9723486696913914],[43.23449865950174,-2.973101947665873],[43.234593428636025,-2.9732703839228884],[43.23465341630179,-2.973339941131734],[43.234766816260965,-2.9734712999357407],[43.23479762067587,-2.973507002045042],[43.23492903472863,-2.9736594135612826],[43.234957407158625,-2.973692284292282],[43.23503198607667,-2.9737787086147467],[43.235129893335476,-2.973892217821631],[43.23523527635467,-2.9740143452519403],[43.23534192023628,-2.9741379504645673],[43.23546567740567,-2.97428137736697],[43.23558231882076,-2.9744165562141536],[43.23566077020051,-2.974507414395434],[43.23580641398205,-2.974676204439888],[43.235900447305106,-2.974785161233728],[43.236023212889776,-2.97492748272838],[43.23616056963856,-2.9750867948631012],[43.23627036476973,-2.9752139741711505],[43.23635863312004,-2.975316284307589],[43.236530125636115,-2.9755149957916758],[43.23668081180732,-2.9756897003377514],[43.23681852774624,-2.9758493852377197],[43.236833749406514,-2.975866868074042],[43.23694273305285,-2.975993188372859],[43.2369562434333,-2.9760089476957314],[43.237070721107024,-2.976141547586848],[43.237177272584965,-2.9762650370917987],[43.23727517734183,-2.9763785542607506],[43.23734308911611,-2.976457228498213],[43.23741550427905,-2.9765411971514775],[43.23750413171472,-2.976644003630669],[43.23757879844342,-2.9767305582796935],[43.23765463599309,-2.9768184674842524],[43.23770309272356,-2.976874611283434],[43.23783071933092,-2.977022481670452],[43.23790016182724,-2.9771030042100235],[43.237979962069296,-2.9771954698989123],[43.23806822862235,-2.977297785755439],[43.238390400749715,-2.9776712226636173],[43.238445431982875,-2.97773500159619],[43.238650875625034,-2.977973250214016],[43.238767333346146,-2.9781127539753887],[43.23898998061852,-2.9783796965267775],[43.239088154175896,-2.978497407975825],[43.23926594706913,-2.9787105454514],[43.239388978798665,-2.9788580555388844],[43.2395618173379,-2.9790652848201336],[43.239679444590735,-2.9792062703407605],[43.240331259466146,-2.9800136608873484],[43.24063937665144,-2.9803952595551757],[43.24222054265634,-2.982227055517862],[43.24254819394124,-2.982617663157564],[43.24289403658118,-2.9830298252212537],[43.24419849830096,-2.9845849263169923],[43.24425208189531,-2.984626546241295],[43.24457169191738,-2.9848745433160264],[43.24465022098094,-2.9849354963267145],[43.24465283260456,-2.9849374665095914],[43.2446697631824,-2.984950642243511],[43.24506240793963,-2.9852552866626634],[43.24525638782262,-2.9854000970487453],[43.24530997090689,-2.9854401170939204],[43.245356259479394,-2.9854747191067545],[43.24537544130959,-2.9854890032095605],[43.24543703929478,-2.985534934068427],[43.24546774822541,-2.9855578379647003],[43.2455308771364,-2.9856050003859393],[43.245565008164405,-2.985630490296297],[43.24557365348312,-2.9856368935465074],[43.245658485726544,-2.9857003106340088],[43.24600618943477,-2.985959891429619],[43.24601339386122,-2.985965309668243],[43.246061393313326,-2.9860011438798195],[43.24607490160139,-2.986011241506833],[43.24608543806605,-2.9860191225861756],[43.24610903253568,-2.9860367318707612],[43.24614847671814,-2.986066162801028],[43.2459911668269,-2.985363090945621],[43.24591069543926,-2.9849059922591024],[43.2458953632304,-2.9847235677183104],[43.24590138026316,-2.9846033433490864],[43.24591478819726,-2.9845360841330932],[43.245932160734405,-2.9844877934814362],[43.24598239319562,-2.9843865273270094],[43.24612066844689,-2.9841179604672403],[43.24618044545919,-2.98401595212283],[43.24624121267182,-2.9839123419803086],[43.24630684394939,-2.983820186081913],[43.24635645131753,-2.983759937892138],[43.24652787516944,-2.983580172108451],[43.24681157839467,-2.9833387843285997],[43.24726733921121,-2.9829511297976126],[43.24742895510588,-2.982827656116043],[43.247538706773604,-2.98272390564996],[43.24770427752253,-2.9825547288754284],[43.24782932522157,-2.982374845935626],[43.24793078231793,-2.982207780189482],[43.24802125244995,-2.982034434761325],[43.248137013345115,-2.9817844610724937],[43.24817778597353,-2.981667670725441],[43.24820991728806,-2.981571454528081],[43.248232052708154,-2.98147154574291],[43.24824365601246,-2.981392950907093],[43.2482654141007,-2.981189444433246],[43.24827367344918,-2.9810381720063233],[43.24829920198489,-2.9807697461576583],[43.24829556868644,-2.9805837394759878],[43.248284202929106,-2.9804672110533765],[43.24822813093317,-2.980102974314312],[43.24821784289997,-2.9799730187190017],[43.24819791632639,-2.979823972857788],[43.24817510639144,-2.979665566087672],[43.24815832920825,-2.979506171943667],[43.24814875749572,-2.979357492434062],[43.24814225170699,-2.9792336950317733],[43.24814026395905,-2.979196740603996],[43.24813664944697,-2.979127389428141],[43.24813726236242,-2.979032168241366],[43.248137522963496,-2.9789801846427046],[43.2481591865529,-2.9787758154104087],[43.24816826540499,-2.978690322747347],[43.248205776304545,-2.978483607239797],[43.24825391898827,-2.9783117487457287],[43.24827452917664,-2.9782560622891086],[43.24831638481039,-2.9781709272348422],[43.24839290199559,-2.9780520271710924],[43.24848338115811,-2.9779581281961973],[43.24854154130875,-2.9779052610803083],[43.24859277101202,-2.9778689031096763],[43.24866588297663,-2.9778369717931823],[43.24870847369017,-2.977829195707344],[43.24890882339531,-2.9778043628105557],[43.24902435088021,-2.9777900313486496],[43.249139428150094,-2.9777758231818554],[43.24925216237448,-2.977752253684174],[43.249289890517986,-2.9777443560489765],[43.24934697827773,-2.9777339876306606],[43.24937507271362,-2.977732868721435],[43.24942342610832,-2.9777234889512454],[43.249519948620836,-2.97768329499],[43.24955839359815,-2.9776572885951786],[43.249620512721414,-2.9775893900398773],[43.24965346118679,-2.9775449075518057],[43.24969927582161,-2.9774469572006703],[43.24973976754134,-2.9772982556723506],[43.24976684755524,-2.9771770296515863],[43.249792663669034,-2.977040282434997],[43.24980804798057,-2.976972031037529],[43.24985997389675,-2.976817657985976],[43.24992640248777,-2.976689394837766],[43.25003216947235,-2.976502725456174],[43.25005917504771,-2.9764613240601556],[43.25016161607378,-2.9763043434171204],[43.25032833702644,-2.9760832793589684],[43.250335628819634,-2.976073667833974],[43.25034706076053,-2.9760544460117457],[43.250376855896384,-2.9760047895013026],[43.250404041668425,-2.975964742651522],[43.25041430274748,-2.9759444125538455],[43.25043140453785,-2.975910529042559],[43.25049882142117,-2.975776596649851],[43.25053149252413,-2.9757014387199794],[43.25060205959386,-2.9755618379407696],[43.250674691984365,-2.9753962431752647],[43.25070420693971,-2.9753013758851297],[43.25071194176586,-2.975258749414363],[43.25075820515,-2.975163012872009],[43.25084155459217,-2.9750067751988265],[43.250886027028656,-2.9749576045192327],[43.25098424117265,-2.974834251682941],[43.25105184181168,-2.974722614122991],[43.25106948458259,-2.9746935340859686],[43.25109918924051,-2.9746446155004587],[43.25116112610788,-2.974575110780086],[43.25121343027148,-2.9745162042654707],[43.2512255831755,-2.9745008004617493],[43.25129489964294,-2.974412690669672],[43.25130498203249,-2.974399874683266],[43.25139644365443,-2.9742836679806626],[43.2514106681879,-2.9742708502080477],[43.251418230605566,-2.9742640715591198],[43.25142912406599,-2.974254211747964],[43.25145514346715,-2.9742357222344977],[43.25148062266694,-2.974217602504384],[43.251508802854694,-2.9741976337620435],[43.25160909675968,-2.9741162855826944],[43.25168400181739,-2.974054535261901],[43.251769623656365,-2.973998200633289],[43.25183813876819,-2.973951605239213],[43.25186253690906,-2.9739315146792364],[43.25192935702548,-2.9739547693381043],[43.25201222090783,-2.9740458957225924],[43.25206994799194,-2.9740767923001337],[43.252120827038645,-2.9740879811652343],[43.25216873609742,-2.9741060700480615],[43.25222970446264,-2.974135240703084],[43.25226239188181,-2.9741369515582283],[43.25232102466326,-2.974191131272666],[43.25241488530821,-2.9743322700044645],[43.25245694861959,-2.9743831307910216],[43.25250647998931,-2.974407994911264],[43.25251368454116,-2.9744115644768008],[43.2526571409639,-2.9744638613482515],[43.25267794419116,-2.9744745704319753],[43.25275170109416,-2.9745126062564133],[43.2528904864911,-2.974616523484108],[43.25300738494613,-2.9746958115392284],[43.253126176936,-2.9747869257136483],[43.253209034671166,-2.974853169846339],[43.25331241219063,-2.9748698817095827],[43.25337526151279,-2.974854333394861],[43.25339146307138,-2.9748230353870317],[43.25341900422837,-2.974763151604353],[43.25354817775616,-2.9745654941659407],[43.25360426421864,-2.9745081852947357],[43.25367944554297,-2.974473043407271],[43.25380307208149,-2.9744378811711116],[43.253913374864105,-2.9744170150291054],[43.25398936895039,-2.9743924673208775],[43.254025471018366,-2.9743623924830076],[43.25407299915572,-2.9742883319696345],[43.25411531140824,-2.9742448260800067],[43.254202736965006,-2.9742005619112364],[43.25434914059271,-2.9741446922340926],[43.25450481695232,-2.9740797018164216],[43.254540018773326,-2.9740509820845893],[43.25456756425202,-2.9740119170570916],[43.25481781326424,-2.973656386908116],[43.254953652857616,-2.9734783080981266],[43.25509912985868,-2.9733116816722363],[43.25522524514884,-2.973139149459025],[43.255239557999126,-2.973119554688568],[43.2552482897363,-2.9731076006416965],[43.25525504145524,-2.973099959393661],[43.25527043535393,-2.9730824584950883],[43.25535757736757,-2.972983368741907],[43.25544976057474,-2.9728786093425152],[43.25563214596001,-2.9726703224691478],[43.255763747053855,-2.9724725291547798],[43.25583684407757,-2.9723852712030476],[43.255912918275726,-2.9723215427674226],[43.256009884561664,-2.9722629790696034],[43.2561543017029,-2.972188747225396],[43.25643143344251,-2.9720554414858147],[43.257415288672824,-2.9717028792056124],[43.25775274585646,-2.9715482263147623],[43.257825302205646,-2.971462319903806],[43.25795708613923,-2.9712839829482465],[43.25818274044651,-2.9709154971908642],[43.25822468815336,-2.9708600354241197],[43.258266820201754,-2.9708213292491177],[43.2582917573534,-2.970798524576041],[43.25859433349367,-2.9705207996837526],[43.25862593468321,-2.9705004556446064],[43.258709316311766,-2.970493762322568],[43.2591772241254,-2.970589144179196],[43.25943272487131,-2.9707371153417],[43.259815070762045,-2.971119613829231],[43.260287789317296,-2.9717319813855956],[43.26035471635844,-2.9718222621055412],[43.26050775407787,-2.9720187092589474],[43.260608094580896,-2.972134972424462],[43.26066357431206,-2.9721797951706606],[43.260705904622405,-2.9722140280010687],[43.26071365050049,-2.972221663438004],[43.260765349606,-2.972272155676086],[43.260846236650096,-2.9723756147726044],[43.260933879241485,-2.97248794218176],[43.261000627829674,-2.9725875886937554],[43.26112754299967,-2.97275189370306],[43.261246622928574,-2.972912260144787],[43.261469835004874,-2.9732358352941146],[43.26152901581877,-2.973321810415647],[43.26179070246985,-2.9737574941470046],[43.26243793261066,-2.974844196821221],[43.262749776860325,-2.9753141265086303],[43.26287002609746,-2.9754853445079235],[43.26303007153962,-2.9756368331338403],[43.26307141536583,-2.9756949735500346],[43.263093754465814,-2.9757303270301105],[43.26313626402496,-2.975765672535335],[43.263185795106956,-2.9757910349740744],[43.263396885455535,-2.975889399663114],[43.263650212929385,-2.976013007494731],[43.26379889061492,-2.9760632209411053],[43.26398286898442,-2.9761248798822315],[43.264104257319126,-2.976150461343918],[43.264238067934635,-2.97615607705007],[43.264430582868734,-2.9761322211271026],[43.26452242558517,-2.9761085276395813],[43.26465910271734,-2.976042553106608],[43.264701509324965,-2.9760167841107],[43.26476417077082,-2.9759640225543507],[43.26483123954836,-2.9758878478600574],[43.26495141123318,-2.975695581024404],[43.26531311836613,-2.975226714721806],[43.265436710380975,-2.9750329650484413],[43.26580109810937,-2.9744830116933327],[43.26602757259875,-2.9741135043207865],[43.26640715770316,-2.973494160440276],[43.2665338266672,-2.9733790172909855],[43.26654130022669,-2.973377658605705],[43.266564621314565,-2.9733733357137875],[43.26666600952058,-2.973354561926247],[43.2666837479423,-2.973351227220563],[43.26687781181895,-2.9734081940971877],[43.26690374703862,-2.9734158225410043],[43.2669249995154,-2.9734220975914742],[43.26736391694774,-2.973551043740081],[43.26765849015891,-2.9736833809541525],[43.26770748231783,-2.973712810175461],[43.26773278933785,-2.9737298040838294],[43.2677575550005,-2.973742115756263],[43.2677947497304,-2.9737658818657944],[43.26785121463922,-2.973790502299963],[43.2678830951947,-2.973808109579314],[43.267909301397516,-2.9738195581316496],[43.26795874192131,-2.973840977854751],[43.26802448170314,-2.973865964127604],[43.268090221731875,-2.973892059469199],[43.26815623419728,-2.973928259121262],[43.26823152095163,-2.9739622368633913],[43.26826817148446,-2.973968998575341],[43.26834453623619,-2.973991762549598],[43.268407754254476,-2.9740149018468913],[43.26846664793002,-2.9740288011805505],[43.268498346646496,-2.974038892130689],[43.26856183716801,-2.9740725055315287],[43.26862055325344,-2.974097495278266],[43.26871430035114,-2.9741351624240346],[43.26874915233269,-2.974152522424041],[43.2688184054144,-2.9741844084905122],[43.268871988841546,-2.974209523842201],[43.26893052732578,-2.974245727451383],[43.2689720435729,-2.9742667815383217],[43.26899960136661,-2.974282419597106],[43.2690421069015,-2.974298051380553],[43.26920204553218,-2.974368346211143],[43.26929777675477,-2.97442030755428],[43.269382522371856,-2.974472766557301],[43.26981722470695,-2.9746850288983104],[43.26986324366179,-2.974708176591715],[43.26991322390127,-2.974727872309125],[43.26994942811728,-2.9747526260876276],[43.269980587161626,-2.9747657985737765],[43.27008767152144,-2.9748516442013826],[43.27016899139831,-2.9748869771833104],[43.27031118359408,-2.9749259821188323],[43.27038314110362,-2.9749727794195495],[43.27053083965906,-2.9750738897653823],[43.270600903767274,-2.9751098440308867],[43.270636028220785,-2.9751386653120138],[43.270678631429654,-2.9751900345149136],[43.27072663503812,-2.9752304342000584],[43.27075896764215,-2.975257531530711],[43.270793101464804,-2.975285983684068],[43.27089144537618,-2.9753462031427214],[43.27092836937423,-2.975368862490044],[43.27097015556679,-2.975390041149315],[43.27112325793472,-2.9754976824978487],[43.27118458922576,-2.9755422672058907],[43.27137101464229,-2.975677869356508],[43.27140064503175,-2.9757016410589716],[43.2714874678633,-2.975786019584942],[43.2715945503643,-2.975866816648898],[43.271715861983516,-2.9759562345776813],[43.27179061649308,-2.976031622745297],[43.27217122653402,-2.976382931426316],[43.272254267959326,-2.9764724891983794],[43.272326053337274,-2.9765613121386987],[43.27236199277459,-2.9766142883291917],[43.2724110795431,-2.9766699706770217],[43.272447468761335,-2.9767209751107266],[43.27249349451842,-2.9767797396056612],[43.27253555612341,-2.976828277364414],[43.27262913833717,-2.9769460526623335],[43.27265606725753,-2.976970812352981],[43.272694435012916,-2.9770101092732246],[43.27272667968527,-2.9770499014767005],[43.272761899532455,-2.977107931138167],[43.27278856140496,-2.977148341692992],[43.27280828861884,-2.977183455836135],[43.27284620746571,-2.97722977746445],[43.27288097299799,-2.977267720441109],[43.27296337736552,-2.977326841961182],[43.27300606437901,-2.977351719345477],[43.27307657826703,-2.977389156320838],[43.27315032866048,-2.9774004665554927],[43.2731847284759,-2.977410682263347],[43.273293507643054,-2.9774253069233807],[43.27335519079157,-2.9774315690844686],[43.27338076419073,-2.9774324222765816],[43.27341012032403,-2.9774372175799333],[43.273482066957776,-2.9774342333660684],[43.27359138437885,-2.9774386294354453],[43.273626409968806,-2.9774258000495593],[43.273723113274215,-2.977391751373337],[43.27381477432559,-2.9773595529902948],[43.273881042745856,-2.9773299518843808],[43.2739357869569,-2.9773092279673765],[43.27398972003488,-2.9772849304765856],[43.274023844625226,-2.977269513300798],[43.27409227283762,-2.977233379682409],[43.27416079290186,-2.977206365423611],[43.27420581112442,-2.977180961956974],[43.27430548287897,-2.9771318766133517],[43.27441172734325,-2.9770794612534224],[43.274441799906775,-2.9770645383248033],[43.274571274319314,-2.977002008554813],[43.27470804177028,-2.9769360251227317],[43.275105559293756,-2.9767480602045273],[43.27524493298361,-2.9766577966789334],[43.27539385054826,-2.976562722772508],[43.27592336281875,-2.9763127126774633],[43.27605689460829,-2.9762777839712653],[43.27619007208119,-2.976271200505655],[43.27640906931456,-2.976290710680714],[43.27650182331751,-2.9763200059969477],[43.27667868354575,-2.976362702122825],[43.27684446622483,-2.976396652624866],[43.27697333501745,-2.9764558821319085],[43.277054477576364,-2.976507612482023],[43.277142641718584,-2.9765494809011717],[43.27721207407439,-2.9765811275103307],[43.277278266131574,-2.9766195537664863],[43.27744568126149,-2.9767109358078994],[43.277506467725225,-2.976735807690973],[43.27766110021865,-2.976847283886331],[43.27771576881705,-2.9768985323805266],[43.27790202383935,-2.9770915847918022],[43.27806187739572,-2.977196651971609],[43.27807178381337,-2.977203180206354],[43.278208122933385,-2.97724688103953],[43.27821262555277,-2.9772483582937044],[43.27831950901154,-2.977239568108248],[43.27834409011244,-2.9772315480478544],[43.27843881291958,-2.9772008247790573],[43.27855649506448,-2.9771575218392714],[43.27861600907616,-2.977123853653831],[43.27872117252701,-2.977069586302493],[43.278791671515336,-2.9770325861810694],[43.278869642316955,-2.976985477016018],[43.278941939995114,-2.9769375071526243],[43.27898344779877,-2.9769194975773683],[43.27903089896636,-2.9769029646810945],[43.27916100710235,-2.976858177083057],[43.279273105945364,-2.976813519379032],[43.27932856750607,-2.9767786195381714],[43.279388350033855,-2.976737555653356],[43.279446963774454,-2.9767054891516542],[43.27949783488999,-2.976680204126658],[43.27957166337322,-2.976632972304568],[43.279629647311836,-2.9766036172855275],[43.27969366243788,-2.976564893101108],[43.279750117261145,-2.976543796123926],[43.27981404282533,-2.976507536785907],[43.27987004187839,-2.976459571897733],[43.27991667744938,-2.97641826591796],[43.27996475331597,-2.9763748641042485],[43.280012467041296,-2.9763220955178524],[43.280067021818724,-2.9762574923758667],[43.28011104209635,-2.976197576655677],[43.28015812358807,-2.976136057425499],[43.280193411046056,-2.9760845258357955],[43.2802316689553,-2.9760279398362215],[43.28049949394125,-2.9757278467694563],[43.28067999401045,-2.9755255229099853],[43.28073247845226,-2.9754664654052614],[43.2811946644572,-2.9749471492535355],[43.28123103198434,-2.9748958621584247],[43.28131123566188,-2.974769867091792],[43.28135858444319,-2.9746989783891857],[43.28141088371168,-2.9746189669618386],[43.28145769061137,-2.974541299454329],[43.28151232949018,-2.9744546312302895],[43.28156903760328,-2.9743600739121563],[43.281612062956846,-2.9742849958726447],[43.28167002913119,-2.9741795915960703],[43.2817274568842,-2.9740828149472405],[43.28180504805922,-2.973955709638103],[43.28184392740561,-2.973864856585376],[43.281868318661,-2.973815298960387],[43.281923394466205,-2.973673165999535],[43.28195543352934,-2.9735973522795374],[43.28198918311057,-2.973520181966762],[43.28201572537497,-2.973427731455554],[43.28206342085984,-2.9733026098203448],[43.282094197179816,-2.9732189081475897],[43.28212002392277,-2.9731481500503683],[43.28214287879928,-2.973076160681162],[43.28216573630584,-2.973015510468749],[43.2821976817354,-2.97292638488854],[43.282228101513354,-2.972859198826089],[43.28225770687483,-2.97277537397368],[43.282280476467704,-2.9727243372715426],[43.282326999336874,-2.97259403846012],[43.28235543709797,-2.9725235251590885],[43.28241581843543,-2.9723582159710817],[43.28247279013169,-2.972243811466002],[43.28258322501581,-2.9720299170539892],[43.282632372593184,-2.971957298377754],[43.28266702849304,-2.9719084741476136],[43.28269322497828,-2.9718798673132722],[43.28277847353951,-2.971776664837487],[43.28286462610168,-2.971688128845947],[43.282940521192174,-2.971631396873529],[43.28300498718436,-2.9716021557224206],[43.28308782481312,-2.9715816570012485],[43.283315004428175,-2.9715513538745726],[43.28338776080045,-2.9715467595463214],[43.28353552507007,-2.9715390488680047],[43.28359936834671,-2.971540498168675],[43.28373110652643,-2.9715415460585963],[43.283743442915664,-2.9715416635637353],[43.28403770762084,-2.9715135472671723],[43.284290456731824,-2.971468687192502],[43.28455995758438,-2.971436391132705],[43.28471420589549,-2.9714316351819505],[43.28481001581556,-2.9714338089855223],[43.284966969543476,-2.971445198534783],[43.28581394247128,-2.9714312438098],[43.28629172312328,-2.971409326348505],[43.28671619578938,-2.9713854613439543],[43.28705620048821,-2.971343885879216],[43.287215306318814,-2.9713195284791603],[43.28737387000549,-2.971287775437805],[43.28748534030342,-2.971259495771249],[43.287805936868125,-2.971027485828571],[43.28846009536078,-2.9705640687023007],[43.290106076192394,-2.9713676008289234]]]}},{"type":"Feature","properties":{"cod":54,"name":"LEIOA"},"geometry":{"type":"Polygon","coordinates":[[[43.34349380704813,-2.9907288878878213],[43.34349272518113,-2.990712602381072],[43.3434738092018,-2.990633767834427],[43.34335959147988,-2.9901568136662693],[43.34322330228213,-2.9895878267135387],[43.34317501933911,-2.989385869017884],[43.34310016209055,-2.989073125157977],[43.34305719313992,-2.9888939917597663],[43.34291963650013,-2.988319952318262],[43.34274901539392,-2.987607742351715],[43.342694242710984,-2.987378893458365],[43.34258100235441,-2.9869058992671955],[43.3425219031188,-2.9866516374694965],[43.3424825333001,-2.9864818831233193],[43.34233559259018,-2.9858493774578356],[43.34231216826179,-2.9857487097895987],[43.342188918659154,-2.985217985141411],[43.34216053846075,-2.9850957287887363],[43.34213675302741,-2.9849930878115747],[43.34211783274383,-2.984911542578947],[43.34208440681274,-2.9847678207916513],[43.341569750258834,-2.9825515642137352],[43.34155983877094,-2.9825091269519772],[43.34148189763683,-2.9821738236154025],[43.34142071538162,-2.9819104420769778],[43.34133141889606,-2.981526411796665],[43.34133024736776,-2.981520613671657],[43.34125121380379,-2.9811307828828655],[43.34115694862638,-2.9806663181210955],[43.341118557028295,-2.9804767083222075],[43.340974000236386,-2.9797645327163043],[43.340963635954566,-2.979713460491181],[43.34088766042766,-2.9793383145061347],[43.3408714377877,-2.9792584989766757],[43.34082745612985,-2.9790421213881646],[43.34080970103402,-2.9789542874393264],[43.340733813292005,-2.9785803770249575],[43.340673066007376,-2.9782802377384776],[43.340600871571226,-2.9779252033406025],[43.3405499470746,-2.9776739164093824],[43.340490639675345,-2.977381550721473],[43.34048784550651,-2.9773676109246],[43.340372022608335,-2.9767966976840157],[43.34029360391356,-2.976410086530688],[43.3402556546618,-2.976216534095866],[43.34022599924343,-2.976070599336149],[43.34021689506054,-2.9760248327659964],[43.34020941349211,-2.975987701445311],[43.34017488956126,-2.9758145041608954],[43.34016064724169,-2.975743078844163],[43.340122607368784,-2.975552118042447],[43.340042290185785,-2.9751502130526757],[43.340033275787334,-2.9751049401985226],[43.33996242211693,-2.9747496659969745],[43.33994718756588,-2.974673430194931],[43.339912751909225,-2.9745012213160233],[43.339860016029924,-2.9742368637420213],[43.339810434865406,-2.973988913334],[43.339785193289984,-2.9738624710989443],[43.33976157426362,-2.973744170606295],[43.33969657620826,-2.9734185054806828],[43.33966114689032,-2.9732408702398505],[43.339632568799644,-2.973097405246218],[43.339603900454215,-2.9729538170588015],[43.339578928163476,-2.9728286092447744],[43.3395774829787,-2.972809857896988],[43.33956583193403,-2.972662314553883],[43.33955418075831,-2.9725150180039215],[43.33951850331852,-2.9720632595638046],[43.33949592203426,-2.9717785361004907],[43.33934858256752,-2.969914268540996],[43.339283891959425,-2.969096618867405],[43.339264118836496,-2.967922414792631],[43.33926283745026,-2.9678485181954297],[43.33926073106577,-2.9677230543272555],[43.339246769794755,-2.967708134230911],[43.339237312157316,-2.9676980230931607],[43.33916894687859,-2.9676247790143826],[43.33915165289659,-2.96760628307684],[43.33910481162711,-2.967544254170017],[43.33906652461439,-2.9674820974262],[43.339051117985015,-2.967451017087474],[43.33903679249096,-2.967422033430066],[43.33901831877327,-2.967371586106766],[43.33900128184855,-2.9673074442839926],[43.3389814485285,-2.967226032597552],[43.33896162404118,-2.9671755861071265],[43.33890208217784,-2.9670998708420537],[43.33877732885183,-2.9669602870388916],[43.338751745257355,-2.9669234142680474],[43.33871768332341,-2.966838063050404],[43.338663794940466,-2.9666964676129104],[43.33865045968337,-2.9666672370424254],[43.33859576695885,-2.966547108104482],[43.338539816656244,-2.9664378363066706],[43.338527832921685,-2.9664116892633086],[43.33843267666634,-2.966180430367575],[43.33837168997338,-2.966093121138296],[43.33829396225534,-2.9660311114060525],[43.33821740971861,-2.96598464524322],[43.338132746190205,-2.96591511439282],[43.338132475980025,-2.965914867813069],[43.338125270571354,-2.9659089503028664],[43.338028896356874,-2.9658236354776495],[43.33795800903238,-2.9657518767521394],[43.33792115947287,-2.9656820728635442],[43.33788996113139,-2.9655404674677155],[43.337875807575955,-2.965486071539921],[43.33786165578413,-2.9654375971513867],[43.337827600357606,-2.965377414431684],[43.33778786147498,-2.965282446155605],[43.337759481199214,-2.9652300323319585],[43.33774533046277,-2.965185382399265],[43.33772395129594,-2.9650595627045315],[43.33771691461995,-2.9650166358575927],[43.33770132367571,-2.9649739606666308],[43.337668717055564,-2.9649409177212385],[43.337614851344526,-2.964880746886624],[43.337578009029265,-2.9648362335994816],[43.33755106449005,-2.964768275436774],[43.33752554806782,-2.9646596063159176],[43.33749292035174,-2.964558713364274],[43.33742342281891,-2.964325842536272],[43.33742194995373,-2.9642229578180985],[43.337416237576974,-2.964096883170295],[43.3374020105386,-2.9638116740656644],[43.337406869063564,-2.9635158443690157],[43.33737781553449,-2.963331802801185],[43.3373013881226,-2.9631179360280058],[43.3371996816896,-2.96297872013067],[43.33709786080734,-2.9627649933048756],[43.337064691829355,-2.962666199583151],[43.336941501506416,-2.9623671197011787],[43.33679608423197,-2.962113575713986],[43.33664790444001,-2.961948485533737],[43.33660338913644,-2.961850070176031],[43.336421785760464,-2.961636397552544],[43.336232345435185,-2.9614150827442507],[43.33614919223037,-2.961293377663385],[43.33609829119898,-2.96121877639144],[43.33602929602746,-2.9611591134844],[43.335829435826916,-2.9610150321123596],[43.33559095533294,-2.9608986091888427],[43.33541888403867,-2.9609157432658315],[43.33526623297218,-2.960846266328257],[43.33512814532262,-2.9607070823260115],[43.334952088379566,-2.960655385056369],[43.33482954428453,-2.9609414097693922],[43.334726257263945,-2.9611921405357875],[43.33471186193342,-2.9612274302389507],[43.334614782152244,-2.9614624896058612],[43.334541548014855,-2.9616499169818686],[43.334483428382306,-2.961798846729115],[43.334466784193324,-2.961841539038045],[43.334465974482505,-2.9618436366313863],[43.33446489426448,-2.961844624171852],[43.33443662796723,-2.96186869667115],[43.33428773462139,-2.96199523143195],[43.334047194785,-2.9621825142634592],[43.33399876268066,-2.9622201682245457],[43.33393214668125,-2.962273993145932],[43.33369781842688,-2.962457939333024],[43.33364065410931,-2.962502629544754],[43.33355215422202,-2.9625483257783882],[43.33339216777141,-2.9626236711578016],[43.333350656458215,-2.9626228331248874],[43.33317740868123,-2.9626229393735595],[43.33293247522447,-2.962594471242833],[43.33265419309955,-2.962744517573625],[43.332638167789256,-2.962753162171904],[43.33238140262708,-2.9628917220526017],[43.331926121082304,-2.963137101419968],[43.33169789490073,-2.9632600984620137],[43.33147984199829,-2.963377660983605],[43.33140313632656,-2.9634190299329477],[43.331370455355355,-2.9634365654965884],[43.33130842458134,-2.9634700309998228],[43.33123685061039,-2.9635086829116246],[43.33121569354075,-2.963520167262559],[43.33114565005271,-2.963557954682458],[43.33111855094661,-2.963572526331792],[43.33108414804362,-2.963555401079058],[43.331057670296055,-2.9635418482873135],[43.3309145647594,-2.9634698969988698],[43.33090213648835,-2.96346373690706],[43.33080613235775,-2.963415441013845],[43.33077290018092,-2.9633988086366014],[43.330498756965625,-2.963261067964989],[43.330495154544636,-2.9632592198865555],[43.33046129463965,-2.9632507291522647],[43.3303075919537,-2.9632672273190575],[43.33028616049011,-2.9632653899911077],[43.33016297464462,-2.963254979539796],[43.33010696227314,-2.963242678386253],[43.32971216592955,-2.9634111636798535],[43.32963771010216,-2.9634485828928354],[43.32953570477108,-2.9635000801944176],[43.32948096577063,-2.9635276195613005],[43.32932178826248,-2.963600736590448],[43.32929747945965,-2.9636118523869337],[43.32917098730225,-2.963681249083799],[43.32901289914376,-2.9637824878043166],[43.32883735296572,-2.963918396746364],[43.32877631687821,-2.963965674587315],[43.32877352658856,-2.9639692532853275],[43.32863554092057,-2.9641423895965],[43.32857126977194,-2.964211007830909],[43.32850231778428,-2.9642846858475584],[43.32807088427163,-2.9647865830642317],[43.32786637010685,-2.9650137787343747],[43.327663565751735,-2.9652389983965985],[43.327637914562196,-2.9652779897921473],[43.327588052313885,-2.9653541215047885],[43.327360071306806,-2.965701956801193],[43.32727798708327,-2.965827196612043],[43.327262056284724,-2.9658516275442532],[43.327259716163844,-2.965855205814851],[43.327047490453936,-2.966199081651893],[43.32704434038436,-2.966204263804633],[43.32699456890486,-2.9662849576552057],[43.32675090851264,-2.966296439916646],[43.32650336429098,-2.9662677147702436],[43.326324536482055,-2.9662780510708573],[43.32606190218696,-2.9663771158444643],[43.32564017895273,-2.966551381405943],[43.32545984235544,-2.966637201509555],[43.32543220165553,-2.9666486872320754],[43.32523268135821,-2.9667211965740576],[43.325214043860804,-2.966727990409316],[43.325039466179916,-2.9668004856487675],[43.32494547146779,-2.966845555481577],[43.32486786281495,-2.966882845944462],[43.32485948973774,-2.9668869206660715],[43.32483022690102,-2.966893966856035],[43.32482995679945,-2.9668940903412295],[43.324766659091445,-2.966909542013254],[43.32465689284437,-2.9669079981957105],[43.324604931620755,-2.9668913757613287],[43.32459053514581,-2.9669288783431815],[43.324509824633544,-2.9671389665255923],[43.324421015633746,-2.9673701492347777],[43.324339854498874,-2.967581716538753],[43.324286021101564,-2.9676310801331285],[43.32423812916967,-2.967675013648281],[43.32420518095372,-2.967705248746142],[43.32386588583756,-2.9680164833093086],[43.32351038570984,-2.9683425231279856],[43.32327191470916,-2.968561197229894],[43.32323698575379,-2.968593282419274],[43.32284781518854,-2.9689501663020645],[43.322801813230825,-2.9689923701010246],[43.322054526659876,-2.9696776177855],[43.321778332964215,-2.969930956456006],[43.32162763250502,-2.9700691626659306],[43.32160890746059,-2.970086315006909],[43.32127518717117,-2.9703922171047954],[43.321256282049255,-2.9704096159973417],[43.32096982387147,-2.9706723261064076],[43.32096208173289,-2.970679359680119],[43.32096208176451,-2.9706794830108105],[43.32073116827618,-2.97089122872764],[43.32018633692225,-2.9713909717994627],[43.3201556321555,-2.97139443941987],[43.32005991614341,-2.9714053372646507],[43.3198233724073,-2.9714322104547257],[43.319807347511635,-2.9714452907690325],[43.31919560921386,-2.9719435721724454],[43.31900808104763,-2.972096336968434],[43.318729894359244,-2.972322891140805],[43.31850563413587,-2.972505515009544],[43.31833917179992,-2.9726410013471667],[43.31830631148588,-2.9726679010116848],[43.318119232551155,-2.9728206611506542],[43.318097625731376,-2.972838306242521],[43.31809546504045,-2.972840033753561],[43.31702772450252,-2.973711907797759],[43.317198552894865,-2.9749665232384293],[43.31723478492174,-2.975120415668203],[43.31725884941858,-2.975222887436408],[43.31738620022168,-2.9757641023850296],[43.31740322834434,-2.975808738724632],[43.317416021923314,-2.9758421543250186],[43.318510111128504,-2.9777750984948566],[43.31895768258495,-2.9780000064914085],[43.319144073302155,-2.9784508228333912],[43.31890634023204,-2.978869230473285],[43.31882761131175,-2.9792032255963363],[43.31904046966055,-2.9801602923866453],[43.31907119746316,-2.980818107935454],[43.3197693455667,-2.9838819795824465],[43.319358933892886,-2.9853499314518968],[43.31871623967557,-2.9865144081045196],[43.316387054155776,-2.9893765973418818],[43.31637201819449,-2.9893949748521336],[43.3163248394984,-2.9894529440771147],[43.31631619608007,-2.989463674525347],[43.31630782276441,-2.9894740349600557],[43.31518785994421,-2.9908500985843656],[43.31509097964391,-2.990964799627175],[43.315011566760475,-2.991061863181504],[43.31381982322192,-2.9925179095451373],[43.313750943557764,-2.992602266218453],[43.3170324420034,-3.001805075111501],[43.318257645598585,-3.0059564852425606],[43.318346144683794,-3.0062564212797813],[43.318358298616644,-3.0062976132213035],[43.31839196942968,-3.0064118161124047],[43.319247402349504,-3.009108209310346],[43.319865663594186,-3.0110768708810025],[43.320391738528976,-3.0107935551547396],[43.320523842472376,-3.01072241723783],[43.32238490956918,-3.0097153558697025],[43.322345654201925,-3.0096609595420394],[43.32260888658233,-3.0093177626467895],[43.32254883318739,-3.009229446390449],[43.32287951458201,-3.0088085555354342],[43.32313836606125,-3.009192411768575],[43.32460021428483,-3.0073236905833864],[43.32474985542156,-3.0075534879268506],[43.324945990983075,-3.007309301486878],[43.32524792232614,-3.007185011603121],[43.32531951031164,-3.0071594887609168],[43.325481326142075,-3.007101908058586],[43.3255492221459,-3.007077741332331],[43.325825038689196,-3.0069739206226678],[43.327429328946536,-3.006369719621245],[43.32775692522076,-3.006189300928929],[43.331736794077926,-3.0033228696245033],[43.33272290888234,-3.0023165974165416],[43.333127851778386,-3.0019033725044486],[43.33373737956161,-3.0012637878373556],[43.333813198225286,-3.0012418319166407],[43.33386065255313,-3.001215804599234],[43.33391666129528,-3.0011815124952594],[43.334127189346226,-3.00104051914013],[43.334313945126944,-3.000905075557245],[43.33476552599521,-3.0005863235653876],[43.334808477906186,-3.0005559777344075],[43.335140296848515,-3.0003373879260815],[43.33518540977829,-3.000309632292995],[43.33522827156406,-3.000280519653184],[43.33538369046863,-3.0001917012545163],[43.335842112778806,-2.9999299310607093],[43.33594107284577,-2.9998746652149237],[43.336474412185204,-2.9995756344153346],[43.336769670938835,-2.9994108198103864],[43.337210172405456,-2.999166062212656],[43.33776214912796,-2.998859123296482],[43.338280088015935,-2.9985732751705227],[43.33841461517394,-2.9985020898293238],[43.33847863717014,-2.9984721102820746],[43.33851339452207,-2.9984547147740663],[43.3386170362711,-2.9984046253767374],[43.33866097820292,-2.998383281819159],[43.33894993256129,-2.9982590434827805],[43.338996305746406,-2.998241153914717],[43.33907824670692,-2.9982095695053856],[43.339187831502834,-2.998169348453786],[43.33930047783106,-2.9981291271635007],[43.339730353043514,-2.9979987132697685],[43.33981499545018,-2.9979760106210684],[43.34002128889397,-2.997926902799452],[43.34050113957346,-2.9978217750281213],[43.34056696257745,-2.9978073383412367],[43.34087392635795,-2.997735031891342],[43.34096910393955,-2.9977082568054256],[43.341234016019385,-2.9976185555974406],[43.34130974361966,-2.997586229205555],[43.341545480267186,-2.997470373224887],[43.34178778928799,-2.9973192314283295],[43.34190943863157,-2.9972296572108545],[43.34207313809544,-2.9970981336977616],[43.34221018396162,-2.996967597794506],[43.342346959251955,-2.9968266979038685],[43.34242106436575,-2.9967437866299553],[43.342589623110946,-2.996525528184515],[43.34272756638904,-2.9963203481103804],[43.34281634663582,-2.996179818704597],[43.34297819678626,-2.994861297189734],[43.34300763065665,-2.994621946593889],[43.34301654168458,-2.994548537483461],[43.3432951512561,-2.9930506057722766],[43.34355564917511,-2.9916496367430456],[43.34349380704813,-2.9907288878878213]]]}},{"type":"Feature","properties":{"cod":908,"name":"MURUETA"},"geometry":{"type":"Polygon","coordinates":[[[43.36764211576246,-2.681614587402484],[43.36781833896732,-2.681163903246291],[43.36788074480783,-2.6810041104961218],[43.37216026619633,-2.682443513701119],[43.36960996031935,-2.6761629220736083],[43.36746375066315,-2.6772186367492017],[43.36651568802131,-2.677353874858374],[43.3661961353697,-2.6773280453721666],[43.36608112137103,-2.6773186578249644],[43.365936130621705,-2.6773441106979106],[43.36585253747794,-2.6773649183028105],[43.3657763230382,-2.6773839588478863],[43.36563571911046,-2.6774323445026744],[43.36549793574758,-2.6774910823337468],[43.36549640709279,-2.6774918309567135],[43.36536768930483,-2.677572242508352],[43.36523468101224,-2.6776639076781],[43.36510349400933,-2.6777308788108187],[43.36501554114608,-2.677770345059327],[43.36494683397987,-2.677801316801416],[43.36488550343578,-2.677829781045586],[43.36483664307255,-2.677841887880743],[43.3647999952799,-2.677842081813931],[43.36472748644738,-2.6778340730096932],[43.36467480113788,-2.6778308960811112],[43.36463075515766,-2.677825945572166],[43.364558740691,-2.6778016429015494],[43.36448246565079,-2.677767242503963],[43.36439684552665,-2.6777398030985817],[43.36432971910311,-2.6776926423408822],[43.36425095132591,-2.6776683757018014],[43.364220420541805,-2.6776344739308255],[43.36420913446376,-2.677623672893942],[43.36415080548534,-2.677566962627769],[43.36410229890047,-2.677512915634187],[43.36408286084956,-2.6774851261533534],[43.364040096835275,-2.677423890625208],[43.36401830996717,-2.6773933984564877],[43.363913084711434,-2.6772470891536875],[43.362997057079724,-2.675751210372851],[43.362824542102125,-2.6754695080015303],[43.362587679187705,-2.67523183938374],[43.362454078379415,-2.675145914996074],[43.36232681212195,-2.6750710644666196],[43.36216920711801,-2.67503019164025],[43.36203773196337,-2.674995226811969],[43.36190134761573,-2.675007185462659],[43.361755294713554,-2.675070658961548],[43.36160483733998,-2.675136870737982],[43.36133625482959,-2.675303182664802],[43.36120325281146,-2.675396450990956],[43.360231138807485,-2.6762588400023413],[43.360168087354005,-2.676315450188034],[43.36008758897659,-2.6763479646665993],[43.360044852056056,-2.6763601625755835],[43.35992218977933,-2.6763846325827436],[43.35948955802741,-2.6763970514287907],[43.35933445857637,-2.6763504869318107],[43.35882034682329,-2.6760804895616612],[43.358768248382766,-2.67606200882211],[43.358458845720456,-2.675995781231107],[43.35816185958314,-2.6759897103017654],[43.35800882776201,-2.676005580061862],[43.35800585771468,-2.676006089486939],[43.35771136090587,-2.676052329008068],[43.357432614159066,-2.6761276077410168],[43.357290832987836,-2.6761735277276744],[43.35714344086512,-2.6762413198109267],[43.356993031211395,-2.6763246764484836],[43.35689901612525,-2.676385520396542],[43.356841517954294,-2.6764317319553514],[43.356768465917014,-2.676486417468985],[43.356739415267896,-2.6764984184922818],[43.35666767476054,-2.6765711136865633],[43.35657678347646,-2.676654029419234],[43.35651371642704,-2.6767052061458583],[43.35650858985817,-2.6767073312058174],[43.35632718279043,-2.6767830759954307],[43.356308026119486,-2.676791198811039],[43.356131925299565,-2.676864693709559],[43.356076702526245,-2.6768876926428153],[43.35589142796731,-2.6769650610825466],[43.3558067052893,-2.6770004330164765],[43.35580661524545,-2.6770004334940656],[43.355738528017824,-2.6770276960407138],[43.35563878088554,-2.677067713299681],[43.35512799335189,-2.676635314355945],[43.355077934600146,-2.676478369005197],[43.35506844643754,-2.6764028988362543],[43.35505259083282,-2.676272919910591],[43.3550548500676,-2.6761803581990242],[43.35505525126927,-2.6761312430235584],[43.355299902377574,-2.674291527271095],[43.35537955215588,-2.6740245567158922],[43.35548720963048,-2.6736643914610947],[43.35550067737387,-2.673619154707216],[43.35566743037294,-2.6733630680619065],[43.35607785470892,-2.672732505340556],[43.35618066849299,-2.671658109638859],[43.356233666517774,-2.6715505875584045],[43.3565700928811,-2.6708675902805092],[43.356571211437014,-2.6708182231663105],[43.3566049167407,-2.6696101749549648],[43.35639820327412,-2.6690911556879904],[43.35608224586587,-2.66828681280333],[43.355924406548134,-2.6677628465875434],[43.35548706200346,-2.6663108346093494],[43.35546251146233,-2.666229154652896],[43.355083904521244,-2.6652237949161],[43.35501219217543,-2.665057599796969],[43.35476054553369,-2.664453341543011],[43.35469085748577,-2.6643636443439913],[43.35461618689632,-2.6642637327246113],[43.35454826080499,-2.6641608225915236],[43.35445128652535,-2.664039686566841],[43.35440460413137,-2.6639957675084047],[43.35433001335633,-2.6639231273528576],[43.354217210346846,-2.6638086196079955],[43.35415093859012,-2.6637785061986046],[43.35409945867011,-2.663756702225709],[43.354040056708754,-2.663735559018271],[43.35399697116703,-2.663720619025993],[43.353944876167475,-2.6637040012412943],[43.35389332360477,-2.6636881208727456],[43.35383872188878,-2.6636764528719663],[43.353782862461436,-2.6636657790137233],[43.35372646748742,-2.663656712292126],[43.35366998754882,-2.663649373611256],[43.35361477838289,-2.663645483032241],[43.35355956631317,-2.6636406053034936],[43.35350688345192,-2.6636384283365615],[43.35345536825598,-2.6636352577533207],[43.35340332295806,-2.663635545197853],[43.35335182300285,-2.6636375571757087],[43.353298529429544,-2.6636420469765247],[43.3532470447144,-2.663649241489772],[43.353204296421396,-2.6636571281180705],[43.35316154812751,-2.663665014735115],[43.35311880708979,-2.6636753692142423],[43.35307597890972,-2.663686711324515],[43.35303451118111,-2.663701377584921],[43.35299304091056,-2.663715180071312],[43.35294348411207,-2.6637349501623167],[43.352893934927664,-2.663757311478363],[43.35284555413103,-2.6637789259370197],[43.352797272804146,-2.6638037480825076],[43.35275025244692,-2.663828686623194],[43.352701976548026,-2.6638553595823513],[43.35265981818014,-2.6638801478166405],[43.35261838051933,-2.6639050554339474],[43.35257937403486,-2.6639299496020366],[43.35253803111927,-2.6639564607578836],[43.35249713877858,-2.6639830927861166],[43.3524569664191,-2.664009597412219],[43.35242227693765,-2.6640327401135724],[43.35238696221884,-2.6640576137557948],[43.35235354312518,-2.6640840810374433],[43.35231894367154,-2.6641072231602103],[43.35228299101959,-2.6641295089610915],[43.352246483244464,-2.664146738646578],[43.35221616856029,-2.6641571475009203],[43.35218575622254,-2.6641649656138773],[43.35215543139166,-2.664171919480391],[43.35212437860143,-2.664176286086923],[43.3520940439874,-2.6641799083674913],[43.352062443687785,-2.6641818101135346],[43.35203200888512,-2.664181977922746],[43.352001659053876,-2.664180417755485],[43.35197247471956,-2.664177123656525],[43.35194212017797,-2.664173959406266],[43.351912293217964,-2.664166473487109],[43.351881925994576,-2.6641589905542453],[43.35185146365409,-2.6641497806498013],[43.351821084109666,-2.6641381024370725],[43.35179060908475,-2.6641245738677326],[43.3517602168544,-2.6641085769968815],[43.3517335066328,-2.6640892282277955],[43.35170615849046,-2.6640672917450776],[43.35167933574629,-2.6640402932810114],[43.351654478735085,-2.664008101503281],[43.351630787208926,-2.663974175824575],[43.351607716190166,-2.663936915148039],[43.351586538617276,-2.663900507799103],[43.3515640931668,-2.663861639622259],[43.351539203463844,-2.66381834283621],[43.351514856909176,-2.6637760302265097],[43.35149122814981,-2.663732849941052],[43.35146992527411,-2.6636844743683725],[43.351447464509434,-2.663640423953974],[43.351425626412926,-2.663593778895851],[43.35140323315233,-2.6635420778578998],[43.351380111894116,-2.6634877896449813],[43.35136005718276,-2.663435212017373],[43.3513382041134,-2.6633835081078066],[43.3513188598978,-2.6633275950387114],[43.35129880765583,-2.663275881246873],[43.35126451060012,-2.6631875988546727],[43.35123318782938,-2.6631002872448293],[43.351201317094656,-2.663010387529],[43.35117070944814,-2.6629213446589834],[43.35114818910502,-2.662857182228276],[43.3511400167811,-2.6628340298323216],[43.35111712129732,-2.662764810487056],[43.35111003421033,-2.6627432561969253],[43.351097219050544,-2.6627029781118567],[43.35108367588366,-2.6626601128533203],[43.3510580327507,-2.6625752381386363],[43.351034190430774,-2.662490353516534],[43.35100791722972,-2.6624056058259034],[43.350996262685754,-2.6623619898786934],[43.35098533539726,-2.6623207143517824],[43.350962756052645,-2.6622366866659064],[43.35094400623167,-2.662168802056093],[43.350926432043295,-2.662102638443218],[43.350911283894625,-2.6620347339303234],[43.35089442487363,-2.6619668389463227],[43.35087801128959,-2.661897337442626],[43.35086232275648,-2.661829436035066],[43.350847261935364,-2.661760667439185],[43.35083462459078,-2.6616892942045554],[43.35082325073524,-2.661618901108281],[43.350809442733045,-2.661547534436275],[43.35079249849245,-2.6614813676477076],[43.35077123722562,-2.661416952366679],[43.350753104997615,-2.661375347045385],[43.35073371250684,-2.661333872147055],[43.35071189356902,-2.661294014848649],[43.35068953691271,-2.661255024304532],[43.35066710299139,-2.661220352893306],[43.35064088466177,-2.6611848388243784],[43.350614771352795,-2.661154383216113],[43.35059109652972,-2.6611263818779607],[43.35047489791354,-2.661021653033599],[43.350337097708994,-2.660980837490549],[43.350302647509906,-2.6609933682348497],[43.35021629726122,-2.6610248196736217],[43.350086288096215,-2.661091063036727],[43.34999672949915,-2.661224945228257],[43.34999549410346,-2.6612334659638988],[43.349989315653815,-2.661275576087826],[43.349960285971925,-2.661476615254269],[43.34995940342873,-2.661482666233351],[43.349953573377384,-2.661520825914854],[43.349915936815414,-2.661795575987282],[43.34987012191775,-2.6622283091259265],[43.349866405301796,-2.6622504163813363],[43.349846284127935,-2.6623584933631044],[43.34982553254492,-2.662466573766883],[43.34980414036018,-2.662571202755047],[43.34978338821161,-2.6626791596258466],[43.34975763897957,-2.6628025676954232],[43.349731977112256,-2.6629251114555537],[43.34970631220513,-2.6630466680192115],[43.34968002231223,-2.663170078767124],[43.349653099436225,-2.663292629187014],[43.34962734445639,-2.6634143093247853],[43.34961094121982,-2.6635010187384416],[43.34959318254187,-2.6635861315406557],[43.349576686590986,-2.6636719776519078],[43.34956018839898,-2.663757083398276],[43.34954243424427,-2.663843800079527],[43.3495247653542,-2.663928912190729],[43.349502123898894,-2.6640378656315193],[43.34948255107621,-2.664149269837552],[43.349459906512706,-2.6642572360320322],[43.34943798762886,-2.6643670489708056],[43.34941038067478,-2.6644717108599654],[43.34937656313245,-2.664577270570922],[43.34936236809932,-2.6646189305154935],[43.349347623020165,-2.6646572619920077],[43.349330997135674,-2.664699058667269],[43.34931436581061,-2.66473900453019],[43.34929656173167,-2.6647782164978304],[43.34927613624295,-2.6648139880066846],[43.34925390010379,-2.6648464379824017],[43.34922985295549,-2.6648754430398838],[43.349205718286306,-2.6649053122701005],[43.34917977297254,-2.6649318599689256],[43.349152561616876,-2.664956563794294],[43.349126613760916,-2.6649822477488905],[43.34909752159201,-2.6650104167244755],[43.3490696903912,-2.665038702126374],[43.34903942257929,-2.665065150089225],[43.34901032316331,-2.6650908512775366],[43.348980052809985,-2.6651164354914796],[43.34894969023937,-2.6651412798635095],[43.348903317195436,-2.665172134801957],[43.34885622379181,-2.665202993652543],[43.34881046839706,-2.6652295265587043],[43.348762107140594,-2.6652579245478827],[43.34871383050404,-2.6652844712255286],[43.34866618200147,-2.665310274089653],[43.34861664473767,-2.6653368276095524],[43.34856773813514,-2.6653635010078265],[43.348519461471895,-2.6653900475162877],[43.34851514694692,-2.665392662330132],[43.347908571777815,-2.665659544906188],[43.3477650636003,-2.6656985818682433],[43.34773094923249,-2.6657029641694914],[43.34769746300768,-2.665706602710408],[43.34766333890231,-2.665707653670752],[43.34763110788192,-2.6657094345482366],[43.34759571594936,-2.665708024773499],[43.34756473328167,-2.6657056037276137],[43.34753437118393,-2.665699847900782],[43.34740533445111,-2.665637630153929],[43.347408832917125,-2.6657563064597207],[43.347465534867084,-2.667693991283692],[43.34747592987196,-2.6680487876573857],[43.34751589522138,-2.6694115964956824],[43.34752028608058,-2.6695600040193157],[43.34752108805953,-2.6695882546816163],[43.347306596144264,-2.6726242919265424],[43.347167251172344,-2.674596464292307],[43.34716699086929,-2.6745999204241984],[43.347101557494035,-2.675624723063331],[43.34709707569106,-2.6756954456629],[43.3470889711288,-2.67582232701076],[43.34706784884331,-2.6761537239034365],[43.34706681477814,-2.6761701393955675],[43.34705879659003,-2.676295909707959],[43.347030121688086,-2.676695453972571],[43.34699294099455,-2.6771764759077072],[43.346985479248374,-2.677276455887696],[43.346972376482,-2.6774516061054507],[43.34696725489136,-2.677519370610946],[43.34695293842111,-2.6777113072597256],[43.34692890111654,-2.6780327241327018],[43.346884642561555,-2.6786245797897656],[43.34685166265547,-2.679065231038524],[43.34680661565569,-2.6796668365930705],[43.346804012468944,-2.6797018910226535],[43.34674502539794,-2.6799244135418765],[43.34671731445859,-2.6800291876843803],[43.34669245446617,-2.680123089087279],[43.346607361904134,-2.6804453174462672],[43.34659221538882,-2.6805030165096917],[43.34641794089662,-2.6811674795111338],[43.346397082776974,-2.6812437154135376],[43.34636562864733,-2.6813628202496136],[43.34610472523512,-2.6823512367187696],[43.34608494205535,-2.6824257388799397],[43.34607959559345,-2.6824460013051294],[43.34598282353069,-2.682812577858296],[43.345890149251105,-2.683163585924175],[43.34581467245618,-2.683449481849867],[43.34575140303473,-2.68368904590683],[43.34566228998257,-2.68402633759081],[43.3455758503548,-2.6843538673843272],[43.34545697143475,-2.684804080656287],[43.345442540003845,-2.6848606634257672],[43.34535502254101,-2.6851900471228904],[43.345345042910594,-2.68571952201123],[43.34534441341098,-2.68575259108208],[43.34533757697366,-2.6861158568433554],[43.345330667262765,-2.686485662036214],[43.34532069860923,-2.687054247873469],[43.34531913298953,-2.6871402516976524],[43.34531427386323,-2.687404926489995],[43.34531011905938,-2.6876309797303115],[43.34530839009771,-2.68772327673551],[43.34528869855784,-2.688790859935083],[43.34528611408538,-2.688933130072453],[43.34526696531156,-2.689972579145181],[43.34524019098665,-2.6914262520027172],[43.345217473649534,-2.692653994937267],[43.34521708343548,-2.692676328628859],[43.345278562575494,-2.6930705871172296],[43.34543074532618,-2.69404748444239],[43.345831911654145,-2.6966219103044367],[43.34584950018198,-2.696734963061426],[43.345863698424736,-2.696825947556308],[43.345881652812444,-2.6969412194697933],[43.34602944507786,-2.697019695049934],[43.346279312359265,-2.6971524450019086],[43.34687057116985,-2.697466599993139],[43.34722783707687,-2.6976580446491902],[43.347207179221634,-2.697814227583511],[43.34712949021273,-2.698401795343336],[43.347076959572135,-2.6987988566166994],[43.34653880145228,-2.699705540092127],[43.346511548514904,-2.699751572655424],[43.346086252247346,-2.7004681707885823],[43.345592279209505,-2.701300579867836],[43.34555749476708,-2.7013592327215816],[43.345525937714115,-2.7014124409561755],[43.34513748000985,-2.7020677628795124],[43.34511013542191,-2.7021135470134334],[43.34508063874972,-2.702162796251306],[43.34507346573212,-2.702174552362633],[43.345059208773755,-2.7021976940034356],[43.3450538286064,-2.7022063568587815],[43.34492955265456,-2.702408812564875],[43.34489117581589,-2.7024713064408346],[43.344858358260886,-2.702524766428686],[43.34478985384842,-2.7026363886322975],[43.34473829585909,-2.7027202910649035],[43.34468817274465,-2.7028019655403286],[43.34466566652764,-2.702838595391877],[43.344564612873725,-2.7030031815381275],[43.3445204071721,-2.7030750798234684],[43.34448194056035,-2.7031378200526577],[43.34444768806453,-2.703193630496779],[43.34439855061293,-2.70327357209885],[43.344285032634396,-2.70345845143423],[43.344272568940994,-2.7034787460572334],[43.344556234990634,-2.7036961152144396],[43.34490377969709,-2.7039625275522217],[43.344959447804364,-2.704005069613376],[43.34506618309512,-2.7040868450726543],[43.3456716763511,-2.70455052942329],[43.345730772927226,-2.7045957703052905],[43.3458258087255,-2.7046801955436135],[43.34618329799451,-2.704997774228437],[43.34622806303813,-2.705037533134253],[43.346639160576416,-2.7054026057653546],[43.34671136215603,-2.705466785760143],[43.3467562454894,-2.7054826085161006],[43.34695362375613,-2.7055521060579335],[43.34708295665288,-2.7055978730977923],[43.347447341092725,-2.705726529168411],[43.34790852202399,-2.7058893905827546],[43.34801541282007,-2.705927123950405],[43.34803731386851,-2.7059349148862593],[43.34848560577658,-2.7060930295534336],[43.34888785373107,-2.705189375558584],[43.34902115821931,-2.7048896393246387],[43.3493364655195,-2.7041803579243426],[43.34980294368784,-2.7030504405362192],[43.3502305761221,-2.702014595603541],[43.35059162713085,-2.701140087686533],[43.350804046585615,-2.700624628302422],[43.35089482309003,-2.7004224375236037],[43.35139265660567,-2.6993141480148224],[43.35145079104165,-2.6991639393534337],[43.35156070939384,-2.698879963775774],[43.35178143854983,-2.6983097840490973],[43.35311040009167,-2.694875269129139],[43.35338025758363,-2.6949734978972004],[43.3536471408958,-2.695070755246109],[43.35390383861478,-2.695164115709585],[43.35415666106696,-2.6952562623673324],[43.3543920875171,-2.6953419566977637],[43.35463147977581,-2.695429112637104],[43.354996336425856,-2.6955619167765996],[43.35516794873063,-2.6956243630014525],[43.355410145149705,-2.69575025483838],[43.35564837850185,-2.695875797260279],[43.35590194083884,-2.696009408625614],[43.35628580017807,-2.696211476138265],[43.35666542150541,-2.696411469463797],[43.35692736906377,-2.6965494860050745],[43.357138908541565,-2.696660112345217],[43.35804064465718,-2.696736944709402],[43.35879035397297,-2.697006187595919],[43.358933752216764,-2.697057675412695],[43.35918465117137,-2.6971041860384344],[43.36082066614029,-2.697404575729411],[43.360885628638954,-2.6974196793094847],[43.36108114610028,-2.697464863698729],[43.361342977003616,-2.697525268878661],[43.36188177585153,-2.6976497080113946],[43.36209756612455,-2.6976997297572214],[43.36219937904477,-2.6977231665749284],[43.362310891588784,-2.6977370524142232],[43.36308103224248,-2.6978335660363957],[43.36321416312144,-2.697850306967719],[43.363369722753575,-2.6978698986605916],[43.36351852647721,-2.69788853664184],[43.364098817039746,-2.698108303006635],[43.36447233741579,-2.6982498633184475],[43.365073899040524,-2.6984776768790604],[43.36548852022297,-2.6986347126536936],[43.3660116635275,-2.698832806752582],[43.36606222916593,-2.6988519338361523],[43.36613185222414,-2.6988930592323466],[43.366303654807766,-2.69899440321378],[43.36655960005547,-2.699145441561436],[43.36706301218342,-2.699442380103245],[43.36708186054216,-2.699453395201376],[43.367086820738805,-2.699456332888041],[43.3672247576777,-2.6994860142438633],[43.36725800332119,-2.699493255581441],[43.367278364908756,-2.699497598343013],[43.36736341592964,-2.699516062445595],[43.36740918447671,-2.699525833919065],[43.36738261555871,-2.6993181180272443],[43.36737967116712,-2.6992256875450895],[43.36737679606378,-2.6990911689426365],[43.36737631466941,-2.698908256074387],[43.36737943636232,-2.6987259424997623],[43.36738247455239,-2.6985462212368514],[43.367379159126685,-2.698313335436868],[43.367376441712686,-2.6982731124868513],[43.36737381563101,-2.6982333827860248],[43.367356692432345,-2.698125471186564],[43.36732987782128,-2.6979620667008537],[43.367320041016704,-2.6978855923316565],[43.36731506300557,-2.697705540737679],[43.36732858685072,-2.697609819594376],[43.367346176897,-2.6974854437118445],[43.36737678974615,-2.697314348516607],[43.36739311671193,-2.6972231799579998],[43.36741840532345,-2.6970818563435675],[43.36744145770804,-2.6969462212822575],[43.367464794786336,-2.696816138815013],[43.3674782445331,-2.6967267122728424],[43.36748244258818,-2.6966799133558594],[43.3674844006591,-2.6966373220392112],[43.36748436661728,-2.6965905442054243],[43.36748065189328,-2.696547981163481],[43.367476717458416,-2.6965244266406803],[43.3674695129455,-2.6964901504688514],[43.36744283755908,-2.6963800651898406],[43.367418101496426,-2.6962882371830763],[43.367397911155045,-2.696212802040848],[43.36738707004036,-2.6961654610917276],[43.367376375543486,-2.696105530119168],[43.36737242363469,-2.6960754342496376],[43.36737017697456,-2.6960432316514424],[43.367369740039386,-2.6960143524818387],[43.367372910573,-2.6959537351778504],[43.36737748391088,-2.695912735369963],[43.36738235296494,-2.695881361197612],[43.36740248238449,-2.695764500918401],[43.36741764805291,-2.6956772873017028],[43.36742970942432,-2.6956078623220714],[43.367436965554774,-2.695559937249045],[43.36744153940839,-2.6955191842153607],[43.36744528905052,-2.6954732514600246],[43.36744667322481,-2.6954520154812247],[43.367447819129154,-2.695408934515302],[43.36744721473371,-2.695351051338781],[43.36744544960403,-2.6952968767155627],[43.36744214350823,-2.6952388836437855],[43.367438043435925,-2.6951870657899417],[43.3674345286746,-2.695152154196892],[43.367429191968746,-2.6951093525523966],[43.36742195083451,-2.6950615000432943],[43.36741234253925,-2.695003908857065],[43.367401090052546,-2.694937562779027],[43.36738865872558,-2.694868137019118],[43.36738144021455,-2.694828800754686],[43.36736289221283,-2.694728055871498],[43.36735293214152,-2.6946736755964014],[43.36734351988706,-2.694622131354958],[43.367320762764066,-2.6944963525510004],[43.36733017906736,-2.6940440779366],[43.3673329010667,-2.6939171838671574],[43.367440482293674,-2.693706944326333],[43.367435013884936,-2.693682410324423],[43.36734663955914,-2.6934321798090752],[43.36732731636904,-2.6931771587018853],[43.367185374413765,-2.6925955587495154],[43.36718284759888,-2.6924930060018513],[43.367191257061975,-2.6924391505635414],[43.367192761917565,-2.692429515871404],[43.36719674650697,-2.6924044406211087],[43.36722142840967,-2.6922741032924997],[43.36722400248567,-2.6922602667607105],[43.36722826181905,-2.6922369180374677],[43.367231991181406,-2.6922173981437774],[43.367235182934934,-2.692198868360498],[43.36723899203674,-2.6921755219054124],[43.367242251568825,-2.69214872234579],[43.36724550312062,-2.6921189606398874],[43.36724858089044,-2.6920915448721106],[43.367251207437725,-2.692063761111121],[43.367253131906445,-2.6920427692382694],[43.36725415161263,-2.6920201774251393],[43.36725354786688,-2.6919966064307412],[43.367252415820126,-2.691977481386243],[43.36725081892433,-2.6919529280240386],[43.367248764490164,-2.691925661643396],[43.36724590098527,-2.691898893056882],[43.367242757034575,-2.691868299738587],[43.36723862891243,-2.6918400564675458],[43.36723423663842,-2.6918140361750877],[43.36722912001677,-2.691786538462396],[43.36722292286294,-2.6917590462257324],[43.3672170081426,-2.6917361192622375],[43.3672098284795,-2.691711594194097],[43.36720647124131,-2.6917021075296894],[43.367201845071314,-2.6916895416872455],[43.36719432086176,-2.6916708193142034],[43.367187435274595,-2.6916551793160775],[43.36717983166429,-2.6916404069280184],[43.36716879507297,-2.6916214555127733],[43.36715794355824,-2.6916043545289514],[43.367146552110974,-2.6915873797108723],[43.36713606376193,-2.691571387716198],[43.367127922873706,-2.6915577288901713],[43.367119962071456,-2.6915440691552606],[43.36711154771972,-2.6915291774817045],[43.36710168400972,-2.691511084132246],[43.36709290282,-2.6914937258465343],[43.36708375612531,-2.691474394634366],[43.36707732039734,-2.6914586289826916],[43.36706879601164,-2.6914363324511883],[43.367030581833845,-2.691323223026214],[43.36702766812006,-2.691311265684418],[43.36702475407188,-2.6912991849216],[43.367021930066215,-2.691287103703291],[43.36701901634867,-2.6912751463649536],[43.367016102629854,-2.691263189027767],[43.36701327928677,-2.6912513546571954],[43.36701000638989,-2.691239769415601],[43.36700700129074,-2.6912273188500286],[43.36700408756693,-2.6912153615175174],[43.367001173841864,-2.6912034041861452],[43.36699825878256,-2.691190953167409],[43.36699570489689,-2.69117887058904],[43.36699297358856,-2.6911677763022857],[43.366989520928925,-2.691156315404886],[43.36698615764531,-2.691144607207721],[43.36698288473763,-2.6911330219770813],[43.366979792249694,-2.691121559256019],[43.36697615883116,-2.691109852433377],[43.366972885586605,-2.69109814378445],[43.36696952163032,-2.6910861887495887],[43.36696651651447,-2.6910737381999623],[43.36696360177448,-2.6910614106166526],[43.36696104820853,-2.691049451472719],[43.36695813446616,-2.6910374941578294],[43.36695549085394,-2.6910255354730146],[43.36695266815319,-2.6910139479694526],[43.366949485276095,-2.691002362295213],[43.36694666190607,-2.690990527949826],[43.366943118851424,-2.690978944106358],[43.36694020610218,-2.6909673570644497],[43.366936663712174,-2.690956020067584],[43.366933480495696,-2.6909443109774536],[43.36693002881428,-2.6909332203700003],[43.36692621729015,-2.6909222550145273],[43.366922314386954,-2.6909107964297334],[43.366918590569504,-2.6908989666660807],[43.36691495646105,-2.69088701302468],[43.366911592482744,-2.6908750580129706],[43.36690850030261,-2.690863718740508],[43.36690495756873,-2.69085225833369],[43.366901684297865,-2.6908405497124375],[43.366898231605475,-2.6908290888509434],[43.36689468953546,-2.6908178752919185],[43.36689096804408,-2.6908069094927214],[43.36688688437439,-2.690795204992951],[43.366883611431376,-2.6907836198001625],[43.36687979989293,-2.6907726544624833],[43.36687607472634,-2.6907603310280948],[43.36687271140228,-2.690748622874823],[43.366869528832076,-2.690737160651678],[43.36686598541806,-2.6907254534159004],[43.36686280284553,-2.6907139911952322],[43.36685916971913,-2.6907024078414663],[43.36685589576533,-2.690690452393484],[43.36685262281173,-2.690678867212276],[43.36684934952312,-2.6906671586104984],[43.36684616527564,-2.690655079286969],[43.36684280160696,-2.690643247723511],[43.36683988782218,-2.6906312904515017],[43.36683779611562,-2.6906236488249746],[43.36683670390478,-2.6906193345535394],[43.36683360836052,-2.690606761090237],[43.36683132487851,-2.690594800618149],[43.366828592845806,-2.690583459544285],[43.36682541092693,-2.690572244181706],[43.36682204691577,-2.6905602892051363],[43.3668192228322,-2.6905482080617396],[43.36681604090987,-2.690536992702745],[43.36681258618328,-2.6905247913442496],[43.3668100312254,-2.6905123385658105],[43.36680720880674,-2.6905008745357146],[43.366804117591585,-2.690489905567077],[43.36680057415228,-2.6904781983583947],[43.36679711941945,-2.690465997006378],[43.36679402319027,-2.6904531767157107],[43.36679173802192,-2.6904405991487277],[43.36678945485664,-2.6904287621128975],[43.36661108295001,-2.689999293075068],[43.366669802979786,-2.6897043829759646],[43.36668579418334,-2.6896244466620245],[43.36673106500872,-2.6893510801275067],[43.36683186538409,-2.688736533903625],[43.36695098861122,-2.6886018866346877],[43.367015684556165,-2.688452583092031],[43.36705281012142,-2.688132107986824],[43.36755514243882,-2.6875277143635983],[43.36774012133456,-2.6869446910000407],[43.367775097476915,-2.6868272569997664],[43.36778907707643,-2.686704006506729],[43.36778892153681,-2.686647231613162],[43.3677425588291,-2.686486770497673],[43.36770816561642,-2.686356857412146],[43.367696932833226,-2.6863323536668426],[43.367644070708955,-2.6862646188123023],[43.3676085785532,-2.6862265399702054],[43.36758060911903,-2.686206319016096],[43.367426076013274,-2.6861349121765405],[43.36682335008819,-2.6858526647707026],[43.366722717351614,-2.6857680220442424],[43.366652883205056,-2.685619040552003],[43.36659047497578,-2.68545274181403],[43.36654038619747,-2.685280455428585],[43.366580965287625,-2.6849420666948456],[43.36683840373127,-2.6836697191817387],[43.36764211576246,-2.681614587402484]]]}}]}