{"type":"FeatureCollection","features":[{"type":"Feature","properties":{"cod":1,"slug":"abadino","name":"Abadiño"},"geometry":{"type":"Polygon","coordinates":[[[-2.6227142792730715,43.16921236257898],[-2.6221847168314274,43.173613695589864],[-2.6190873402175727,43.173495818090636],[-2.6158787833556887,43.175807339188296],[-2.6144643082147865,43.1806231189108],[-2.612190943129506,43.18146845955682],[-2.611003684373492,43.17907743870139],[-2.6089057063339665,43.178451927157475],[-2.6055964130055855,43.181115891039504],[-2.603198499592959,43.18017578391163],[-2.5994895266291915,43.173206204286764],[-2.600722753018589,43.172402423584],[-2.596366418451347,43.17042931322684],[-2.594629548640052,43.168118301861604],[-2.5970217424127746,43.165757226115275],[-2.5960072165585264,43.16435682144149],[-2.5939999782987484,43.165787515207086],[-2.586812456019573,43.16176553702075],[-2.5832464618008206,43.16184724427116],[-2.575854465908852,43.155955148956565],[-2.575024959048099,43.14544765942498],[-2.582562740735946,43.139154003200375],[-2.5834204124371243,43.1397887294815],[-2.5865162265614647,43.13761285932847],[-2.592962254024185,43.13799859731446],[-2.5944363310536556,43.13710451643576],[-2.592246999872624,43.134702072869246],[-2.5956354561198265,43.1312797320611],[-2.5942021795336885,43.12998759202232],[-2.596473409208871,43.12820383491942],[-2.595805683675486,43.12568686681081],[-2.59931161682178,43.12559239964344],[-2.6029696492963668,43.12296392946051],[-2.601213962656833,43.12258096983489],[-2.6015705884094884,43.12123562189629],[-2.606698154787427,43.120914147130755],[-2.6140445795335596,43.1154763456524],[-2.6166908914610407,43.11170984752361],[-2.6150268811663713,43.10650311855327],[-2.6167883335191173,43.106808354175996],[-2.6219445931145384,43.10467117100822],[-2.6163333421625325,43.09884063194491],[-2.6139828829058134,43.0929228847735],[-2.623968699006284,43.08528861085528],[-2.6326866684682195,43.08700616290966],[-2.6612396869670913,43.07390370569636],[-2.6597743861400605,43.06693347533555],[-2.6611325036421163,43.06575659249545],[-2.6650723028160184,43.075356501181204],[-2.6706676853148763,43.08397346266928],[-2.6698628737777104,43.091476222412936],[-2.6738525428532522,43.10011519568594],[-2.6690100649051622,43.09886365477084],[-2.654633774362576,43.10004142585184],[-2.6509955239514174,43.102630287667814],[-2.651063646010853,43.106626245918065],[-2.645428918467827,43.10761207187994],[-2.643744763124232,43.12834069611243],[-2.6350535623758726,43.140375234591325],[-2.632369625438497,43.14814278129846],[-2.629739409191361,43.146918465970174],[-2.6267008456154137,43.1498038301807],[-2.6174046122312085,43.15246241800214],[-2.616813817178451,43.15644985226618],[-2.6184636530142087,43.16114715052395],[-2.615796086152693,43.161520568811284],[-2.6206601681771198,43.16863043334652],[-2.6227142792730715,43.16921236257898]]]}},{"type":"Feature","properties":{"cod":2,"slug":"abanto-y-ciervana-abanto-zierbena","name":"Abanto y Ciérvana-Abanto Zierbena"},"geometry":{"type":"Polygon","coordinates":[[[-3.100959449076795,43.33188309161087],[-3.0943909643304752,43.328172335368926],[-3.086371367905287,43.3302216292056],[-3.08101456771698,43.329771628568665],[-3.070599435553716,43.331089686605374],[-3.062538151735963,43.32840849536482],[-3.067937153716508,43.32246302604548],[-3.065031166644584,43.30719967903526],[-3.0685304364457955,43.301653137910485],[-3.0755432067266275,43.28298077613973],[-3.0908221787455123,43.28897548893045],[-3.1043315425846534,43.292233636381866],[-3.111325626103932,43.28964613625653],[-3.116669673576321,43.293340992570805],[-3.1176919604141156,43.29581774772664],[-3.1157289454305728,43.29924735903386],[-3.1124050562655956,43.29907148179536],[-3.113905402230011,43.30373375700233],[-3.1105314089844027,43.31897473744474],[-3.1081728751298217,43.31937229358505],[-3.107881193288547,43.32257171716793],[-3.100084430886904,43.32965775151139],[-3.100959449076795,43.33188309161087]]]}},{"type":"Feature","properties":{"cod":3,"slug":"amorebieta-etxano","name":"Amorebieta-Etxano"},"geometry":{"type":"Polygon","coordinates":[[[-2.738393189354315,43.27529773261725],[-2.7322110953198284,43.273209926238536],[-2.7334030131723943,43.27038731965191],[-2.731923280474571,43.26797385444832],[-2.7265179635785217,43.26477908146695],[-2.726388519365112,43.25210919287909],[-2.729007735693699,43.24898818928171],[-2.7257427713754283,43.24837034049362],[-2.7183889267330663,43.25104487588237],[-2.7190361145879502,43.24733041171109],[-2.717928182874756,43.24675030425536],[-2.716714230355463,43.25156265261342],[-2.715201242873271,43.25163381487371],[-2.7137641820057095,43.25024863898802],[-2.7142803267843125,43.24790573831909],[-2.7197346648110874,43.24561402954715],[-2.717785066733374,43.24485149133514],[-2.7187202028083397,43.24343762560243],[-2.7096279218321673,43.23945644121513],[-2.7037984901718413,43.23462136562377],[-2.6741431701301708,43.22519276039851],[-2.6704261919954204,43.21850951720763],[-2.6745449191554864,43.219599985621926],[-2.676010667100256,43.21684554493866],[-2.670493000218029,43.216963596281126],[-2.66731359294066,43.21369062639072],[-2.6691649135755435,43.211107220773506],[-2.6714682491557804,43.21118229445801],[-2.666266592523462,43.203378577327776],[-2.6686212210747975,43.201313786379956],[-2.66692459625556,43.20010753399962],[-2.671001265609771,43.19568006906293],[-2.674693228894946,43.196978848869755],[-2.678228589365148,43.191100264163715],[-2.674052714041794,43.18937114175428],[-2.6704708619716166,43.182857894173466],[-2.676760812601387,43.178633498313296],[-2.6770349803318676,43.17038686115657],[-2.681915583309259,43.17031732940338],[-2.6925271413206517,43.16428699668569],[-2.694487703695645,43.15624877507632],[-2.6990118841843143,43.15812062429195],[-2.711805555864714,43.16959851579562],[-2.720885010363763,43.17261557606869],[-2.7368134217776388,43.18207189994674],[-2.742596249460238,43.197373920611355],[-2.7473602768632914,43.20115357648614],[-2.7482136834578834,43.214225232240906],[-2.7508409684876844,43.21794373025833],[-2.7599175124240514,43.21959317602013],[-2.767498980917791,43.22351995201641],[-2.7705357987543757,43.223595419915476],[-2.7748550601883615,43.22655061982504],[-2.7737603722540993,43.22857416353356],[-2.7754009936601154,43.23032602357461],[-2.777959499087926,43.23046500826255],[-2.7801907380026933,43.23453080564944],[-2.7797005244683457,43.238340116924334],[-2.7820397919113877,43.24006332650877],[-2.7824673550142633,43.24461925975503],[-2.7803032398412664,43.24579211932221],[-2.7752117363934365,43.24366891494385],[-2.7731982898887497,43.245889506845465],[-2.7668898855209747,43.247248754500575],[-2.766544909716175,43.251397971411734],[-2.757494307453541,43.25751551092452],[-2.7563875164704705,43.26150854283542],[-2.7581603258045067,43.26309442522011],[-2.7567391541086024,43.26348733819417],[-2.759914004354532,43.265166500599065],[-2.759297350456481,43.266013354211346],[-2.7560742532948423,43.264894135369964],[-2.754750510109451,43.266725087155706],[-2.7575513409314367,43.26868017994778],[-2.752339586040605,43.269601564742096],[-2.752923360970138,43.26812404574245],[-2.7516418880906794,43.26869529984333],[-2.7499549821591414,43.26608032671637],[-2.7468189718575915,43.26568324771669],[-2.744161864869097,43.26961717284431],[-2.7454457702489306,43.26986453161394],[-2.744595214055082,43.271954849785516],[-2.7417898691641445,43.272721880540765],[-2.740986089704055,43.27498630924279],[-2.738393189354315,43.27529773261725]]]}},{"type":"Feature","properties":{"cod":4,"slug":"amoroto","name":"Amoroto"},"geometry":{"type":"Polygon","coordinates":[[[-2.5056308050230105,43.3496187517489],[-2.504823816988565,43.348165082852525],[-2.50013132625335,43.34679894460301],[-2.5050837753987807,43.341970644316234],[-2.5049970633647654,43.34014604097783],[-2.4981596636413315,43.33704893985607],[-2.4966472711790515,43.337701516063035],[-2.4879460402225733,43.33584910759838],[-2.48519900881443,43.33194006087889],[-2.490606487897173,43.33184307086275],[-2.4929001540604134,43.32823415523735],[-2.4955032684650407,43.327528994569406],[-2.490521109855416,43.31915320161738],[-2.490387269558075,43.3159547233057],[-2.4929669958393594,43.31457660272008],[-2.4910577784911605,43.311371859568645],[-2.4943671568031367,43.30728639131058],[-2.5022394782225788,43.305420773158986],[-2.5028547946346555,43.30328071718704],[-2.5058982576472872,43.30423272329965],[-2.5086209084843722,43.299653550226324],[-2.5120454841843536,43.300159411443076],[-2.513028843029133,43.298118928112125],[-2.5269737979400557,43.30310908457266],[-2.5283941740480507,43.30575347499018],[-2.531708622678593,43.30724339498064],[-2.534501731727623,43.31045142377276],[-2.5369731387426167,43.310689270974706],[-2.5354848548905196,43.31408093437787],[-2.531429200920056,43.31419585858516],[-2.5302182793025496,43.317343122499246],[-2.530982979024818,43.32060141224795],[-2.526784818544117,43.3265940343704],[-2.5270892386064823,43.33309477843054],[-2.5252274691400056,43.335672269903924],[-2.518785413126334,43.339054465677535],[-2.5164616140063227,43.33889068740222],[-2.5166411267018622,43.34241906215323],[-2.5102404858264595,43.34809800081555],[-2.5056308050230105,43.3496187517489]]]}},{"type":"Feature","properties":{"cod":5,"slug":"arakaldo","name":"Arakaldo"},"geometry":{"type":"Polygon","coordinates":[[[-2.928323780648994,43.15809298847298],[-2.9262540904577885,43.15874650517728],[-2.9174533507551255,43.15001362779937],[-2.91322539604317,43.14196339697348],[-2.9301720608511777,43.14260641504524],[-2.9394706010814238,43.145802584838464],[-2.940111638238513,43.1552982689897],[-2.9353379008332965,43.15737596967884],[-2.9287335815715307,43.154426202091095],[-2.928323780648994,43.15809298847298]]]}},{"type":"Feature","properties":{"cod":6,"slug":"arantzazu","name":"Arantzazu"},"geometry":{"type":"Polygon","coordinates":[[[-2.80215449837249,43.16380068047179],[-2.8004707686081045,43.160863532571604],[-2.7961881518658602,43.15855858063071],[-2.785876249283066,43.1586363693111],[-2.7791892868094754,43.1550470279921],[-2.7778768507847564,43.152891159564554],[-2.7788250204051916,43.139888545000645],[-2.776477181050715,43.13615461650267],[-2.7773296994585124,43.13549793253933],[-2.781002581950459,43.14041789716001],[-2.7803382307226805,43.146554876294076],[-2.7853036170698595,43.14659905970561],[-2.7890714238559324,43.144750796911765],[-2.798832440228742,43.14274606297195],[-2.80364727294768,43.14851141197384],[-2.8073246387930255,43.149869111605284],[-2.809606334979247,43.15401065842796],[-2.8047069983104844,43.156630103923426],[-2.80215449837249,43.16380068047179]]]}},{"type":"Feature","properties":{"cod":7,"slug":"munitibar-arbatzegi-gerrikaitz","name":"Munitibar-Arbatzegi Gerrikaitz"},"geometry":{"type":"Polygon","coordinates":[[[-2.603883035972151,43.285779979567444],[-2.59776245840338,43.28325569421446],[-2.5912538206155986,43.28297166754129],[-2.5888846121435334,43.27938770770448],[-2.5792308314704684,43.280211286077986],[-2.576747968766811,43.27929085713955],[-2.572855607304568,43.27497379278693],[-2.567415389596989,43.27259278190182],[-2.561784004002721,43.273505578845864],[-2.5570442816432397,43.27200984128847],[-2.5607625829073974,43.26893765660895],[-2.5617680424266895,43.26375861453965],[-2.5603116971186894,43.26274081239198],[-2.5607776589632465,43.26020824061858],[-2.5698618081260354,43.256737152931834],[-2.5754446956214614,43.24658650571353],[-2.582488026498086,43.24030932521017],[-2.591664550838126,43.22687518868446],[-2.6020918441441157,43.22990582022643],[-2.6126759033304845,43.22685811899596],[-2.6119659716681767,43.22915290661818],[-2.614166625546223,43.23226886692206],[-2.62356207616978,43.23569458408207],[-2.626267442006464,43.238424225657354],[-2.6188434609980855,43.24253856034206],[-2.6189685188746616,43.25241360693184],[-2.622236254998325,43.2563892036679],[-2.6221031048484127,43.25869549059033],[-2.6277580731695296,43.261164202173944],[-2.630059854651464,43.26788302315656],[-2.627971182291283,43.272724533961],[-2.6294198459281657,43.274481810650336],[-2.6246670899381153,43.28033869097704],[-2.603883035972151,43.285779979567444]]]}},{"type":"Feature","properties":{"cod":8,"slug":"artzentales","name":"Artzentales"},"geometry":{"type":"Polygon","coordinates":[[[-3.2171189415231822,43.287034006735105],[-3.2094468178667417,43.283607730445084],[-3.2068807458450204,43.26712110043105],[-3.2037352181432843,43.263524428524065],[-3.2050413456700535,43.26008879294635],[-3.1993307960729234,43.248380818584764],[-3.1974819303310116,43.22515591719759],[-3.198408214373819,43.218524847188384],[-3.2033095184667335,43.21911298615425],[-3.223191627082559,43.21755439427199],[-3.2273929737283957,43.21084226606538],[-3.2306585640050294,43.208624341090754],[-3.2341124928436478,43.20901011278512],[-3.23937656342255,43.207715501532846],[-3.245886827558738,43.204191639141726],[-3.2502077676051475,43.20519890843293],[-3.2506633754403054,43.20075532051823],[-3.255872599875949,43.194954170315434],[-3.2619720999089674,43.19600671188242],[-3.265410980321685,43.194430694172794],[-3.2781455131480004,43.19432966574454],[-3.284816627637963,43.197175150085954],[-3.280878248749025,43.200575902902735],[-3.2754685653052786,43.20093772073673],[-3.2670611669789684,43.20388276278108],[-3.2654981599762443,43.206334704962806],[-3.2702122165584075,43.21290785350071],[-3.2693335078927843,43.214182566433486],[-3.271548770185341,43.21824486204282],[-3.266615636932012,43.222834472815634],[-3.2708035973494525,43.23011666357164],[-3.2685936907122364,43.2337558174006],[-3.257499533273393,43.23965942213109],[-3.2520158135378803,43.24611954053321],[-3.250379494448679,43.256884996369784],[-3.2462388351748404,43.26312467886434],[-3.2457014477685875,43.26672698077695],[-3.247064701279573,43.26951395892447],[-3.2398532266414994,43.27331063267375],[-3.237220720524082,43.27683910196899],[-3.227444888578173,43.27589365883489],[-3.2171189415231822,43.287034006735105]]]}},{"type":"Feature","properties":{"cod":9,"slug":"arrankudiaga-zollo","name":"Arrankudiaga-Zollo"},"geometry":{"type":"Polygon","coordinates":[[[-2.981526053401046,43.201952766058405],[-2.963345175145667,43.20546600858757],[-2.9581417619782258,43.20754909621366],[-2.958485189897877,43.21049251730541],[-2.956731525751432,43.21257151598288],[-2.9558726873461194,43.20985130114223],[-2.9512331283193682,43.20573036917873],[-2.9458807726518126,43.20313134774955],[-2.9394537597680515,43.19686071396798],[-2.9343321284080575,43.196178298186524],[-2.9365056725355694,43.199533714759994],[-2.9293317729228567,43.201635724964724],[-2.9210201048722646,43.19639572286468],[-2.9263393829809834,43.18941488952387],[-2.9279015066913354,43.189369690016576],[-2.919013343667773,43.18323300859069],[-2.9164855206425604,43.18283038766033],[-2.9137005770945104,43.179877266709525],[-2.911662396853778,43.18007606812436],[-2.9096242160096875,43.17793034167013],[-2.906567191784686,43.1775496840904],[-2.907530597771658,43.17600722232609],[-2.9108143627076233,43.17525432537177],[-2.904483606542276,43.167363875309675],[-2.9102111493341787,43.15943840826182],[-2.90814900120518,43.15777186667242],[-2.905391580078249,43.14746185955145],[-2.9077844737047003,43.1412129981578],[-2.91322539604317,43.14196339697348],[-2.9144311840212644,43.146237742587815],[-2.9262540904577885,43.15874650517728],[-2.928353439463988,43.158501106403826],[-2.9289097484677264,43.15439371413801],[-2.9350923065756986,43.15733900081847],[-2.938211098612971,43.156874907065465],[-2.9407443623425698,43.15336039524292],[-2.9394706010814238,43.145802584838464],[-2.9411760043963735,43.14662994028799],[-2.9490130395303917,43.156353987459724],[-2.953921454292569,43.15944986268427],[-2.946322537341658,43.17042622920131],[-2.9536358572407506,43.17194664861004],[-2.960671118398638,43.17537939777891],[-2.968579973648629,43.18182757495406],[-2.970305765706366,43.18510353215331],[-2.9729455743745516,43.1862339286986],[-2.981526053401046,43.201952766058405]]]}},{"type":"Feature","properties":{"cod":10,"slug":"arrieta","name":"Arrieta"},"geometry":{"type":"Polygon","coordinates":[[[-2.7653778192611482,43.37663589624496],[-2.762534452210762,43.3755213947737],[-2.7523403701554456,43.36522338794846],[-2.7530398939650254,43.36227763407092],[-2.7475524892615946,43.35919052141588],[-2.7417296500537587,43.35772509178126],[-2.7332849232645957,43.3523424358791],[-2.739166211673051,43.341979711983434],[-2.7472309156869046,43.34274150461805],[-2.749319754953194,43.34160639663146],[-2.7503038760897724,43.338360068447656],[-2.7485122341501773,43.33453379996686],[-2.7513556176230165,43.330577829991114],[-2.755587113873886,43.32781633571304],[-2.753677858087027,43.32433800650163],[-2.774052614562254,43.32329988118249],[-2.779747288248911,43.32465636229856],[-2.7823209930749044,43.32800459658784],[-2.7796863227249715,43.32978569799914],[-2.779609462604988,43.3318023021325],[-2.7818617092032283,43.33433167859759],[-2.786202633975724,43.33522007070727],[-2.7877861616810495,43.33845466439563],[-2.7868843267213492,43.343965391679866],[-2.7896503597805675,43.3506000135186],[-2.7856790111286562,43.35267484851817],[-2.7857620604183717,43.35509398046261],[-2.7819132974786136,43.3557966231351],[-2.7799208742381585,43.35787618308017],[-2.771350910288902,43.35852120359674],[-2.7705492905820175,43.36535753651577],[-2.7653778192611482,43.37663589624496]]]}},{"type":"Feature","properties":{"cod":11,"slug":"arrigorriaga","name":"Arrigorriaga"},"geometry":{"type":"Polygon","coordinates":[[[-2.9132764504654,43.24581380518472],[-2.901436644706783,43.23349027425471],[-2.9022137611269825,43.230862732636396],[-2.8972215283679725,43.224500566853465],[-2.89715760541006,43.222312088220654],[-2.9005666442996985,43.22131728680771],[-2.89839030422983,43.21621517749864],[-2.894065884741191,43.21534679909727],[-2.887929623824306,43.216935693491955],[-2.8857543404455863,43.2162679109806],[-2.8874518879184654,43.21534372532443],[-2.8830774553855383,43.19655648087883],[-2.8784752533260196,43.19122238424496],[-2.878095459429137,43.188750165564024],[-2.8811428969148,43.18792583164166],[-2.890530637940561,43.19251683573362],[-2.8952099165158116,43.19109675004771],[-2.8993823455626004,43.19175595402393],[-2.8995034965826534,43.19037535637148],[-2.8937367148689472,43.18730464446392],[-2.8946365565983445,43.18450381450447],[-2.8965307039192085,43.184969470356265],[-2.894865724405486,43.18419471049149],[-2.8956093639815768,43.18317298647421],[-2.8987336291206214,43.18260741139147],[-2.9002739329763525,43.186045535775904],[-2.90708652081327,43.186576430770934],[-2.9118627646611985,43.18902438090424],[-2.9110452100401503,43.19116751844937],[-2.9128628675073394,43.19234278129269],[-2.9085493426966886,43.19316416300472],[-2.9070465328426707,43.1949250979579],[-2.911781592124105,43.19855930385154],[-2.9101547836666892,43.20133357940075],[-2.914225717363428,43.20414808305896],[-2.918362758974689,43.203363913077176],[-2.9208806142167445,43.19909525884748],[-2.919191466644776,43.198762072160605],[-2.9153324448571007,43.193391711961254],[-2.914154058914672,43.193624598044416],[-2.9147825788382495,43.192488213808126],[-2.912868033915367,43.19173901428466],[-2.9143120801099798,43.19054976198741],[-2.9162050949651013,43.191279561439806],[-2.923657697287485,43.18672078848329],[-2.9279015066913354,43.189369690016576],[-2.9263393829809834,43.18941488952387],[-2.9208672342277024,43.19620975857234],[-2.9252483665261853,43.19953186597808],[-2.9293317729228567,43.201635724964724],[-2.9365056725355694,43.199533714759994],[-2.9343321284080575,43.196178298186524],[-2.9394537597680515,43.19686071396798],[-2.9568194303926583,43.210997247714694],[-2.9557065235472813,43.21372247154977],[-2.9502853027092577,43.21736266555908],[-2.9378861351471004,43.21658597925539],[-2.9291457179549014,43.213710905888156],[-2.9097999804068806,43.21941881559044],[-2.905947318592447,43.22610263156803],[-2.918461363460631,43.236807236478825],[-2.9208813034261865,43.242364842775245],[-2.9132764504654,43.24581380518472]]]}},{"type":"Feature","properties":{"cod":12,"slug":"bakio","name":"Bakio"},"geometry":{"type":"Polygon","coordinates":[[[-2.7839604183179905,43.44480152689794],[-2.781412631768113,43.44267939389947],[-2.782917500098333,43.44235053889626],[-2.7828291805823433,43.440232448690296],[-2.7779277864365413,43.4383765946518],[-2.7820642914844056,43.43113556049139],[-2.783843608515546,43.424812708697154],[-2.7825436005952966,43.423220334155666],[-2.7880104281966003,43.41974408697854],[-2.791381643075823,43.412315869074334],[-2.791432406241026,43.405009307580954],[-2.7932034724661476,43.40582625569518],[-2.7933292886841503,43.40427384628672],[-2.795948193143671,43.40314110701504],[-2.7993424758527095,43.40468696378073],[-2.80220889926937,43.40123875031454],[-2.805764223663991,43.40276191415569],[-2.805726447895207,43.40395556997508],[-2.8090410866639552,43.403703085167855],[-2.80854818100746,43.39994560332787],[-2.81015065337204,43.39885963592875],[-2.8429452539795927,43.40713251025245],[-2.847418823489186,43.425597739876935],[-2.8428067540157143,43.42849703756516],[-2.844317373287355,43.431779500342685],[-2.8407127208507887,43.43250344289689],[-2.8345316859096275,43.4310432460352],[-2.8310862680276183,43.43192892470308],[-2.8285381830812195,43.431095376529306],[-2.82602479507225,43.43167398546583],[-2.8241857534773507,43.43412253188903],[-2.8194759567873793,43.43218618052415],[-2.817088418773538,43.433313790016406],[-2.8148575152318047,43.431953236206645],[-2.8112841898939336,43.432340527516295],[-2.811825925591292,43.429727801095936],[-2.8113053867315942,43.42838114425378],[-2.8119727135145474,43.42713054010919],[-2.8112005039762695,43.428258691241545],[-2.811646004438112,43.42969779034534],[-2.810969986663437,43.43079188105265],[-2.8112653626580943,43.42961198105914],[-2.803639762307188,43.43000343948057],[-2.804170081347595,43.430720829571314],[-2.799852921652876,43.432546021836075],[-2.798358719561027,43.436275631132276],[-2.795999589088905,43.43772061463042],[-2.7962986414292965,43.439372553678176],[-2.7839604183179905,43.44480152689794]]]}},{"type":"Feature","properties":{"cod":13,"slug":"barakaldo","name":"Barakaldo"},"geometry":{"type":"Polygon","coordinates":[[[-2.992131970091376,43.30299077121358],[-2.987969973458958,43.305232016869994],[-2.9785430453342885,43.30239292396402],[-2.9705640687023007,43.28846009536078],[-2.971631396873529,43.282940521192174],[-2.9771575218392714,43.27855649506448],[-2.9762777839712653,43.27605689460829],[-2.9774386294354453,43.27359138437885],[-2.973351227220563,43.2666837479423],[-2.976013007494731,43.263650212929385],[-2.9705004556446064,43.25862593468321],[-2.974854333394861,43.25337526151279],[-2.974054535261901,43.25168400181739],[-2.9777443560489765,43.249289890517986],[-2.9814541175905416,43.25167535549517],[-2.983436269019265,43.25163315751708],[-2.9851237507096657,43.25460727857783],[-2.9881069152437427,43.25609862373189],[-2.9922482270735573,43.25646664064175],[-2.9969022691000284,43.25604328092034],[-3.0007793366572337,43.25415719833129],[-3.0047233632086683,43.25462399658587],[-3.012639431096772,43.25134487790034],[-3.019053134055438,43.25033555374764],[-3.0128794163060486,43.24145669849178],[-3.0205658805614144,43.23787566158819],[-3.0288334861847517,43.2450192033163],[-3.032030044943718,43.2522734379675],[-3.0311170202764575,43.25435548433612],[-3.0372517295803343,43.25764045160703],[-3.0418411744535665,43.26252255303072],[-3.0470329478739013,43.263432529736015],[-3.049060975357921,43.26563043887749],[-3.0429213185617447,43.2648906522284],[-3.033310081764914,43.277038262888674],[-3.022120703080053,43.285556307675776],[-3.0074799150395055,43.29406776007823],[-3.005358245549877,43.29732638224675],[-3.0014441585582494,43.29827432494996],[-2.9994001753012713,43.3027479157164],[-2.992131970091376,43.30299077121358]]]}},{"type":"Feature","properties":{"cod":14,"slug":"barrika","name":"Barrika"},"geometry":{"type":"Polygon","coordinates":[[[-2.9618110863942575,43.413716724681436],[-2.959233414285384,43.41531295159848],[-2.95913065913055,43.412902607434575],[-2.9541689115521605,43.4113513327358],[-2.9509134651987243,43.411796601989245],[-2.949785305486926,43.41326131444896],[-2.949909099362287,43.41142770479205],[-2.946413386163898,43.40850480888396],[-2.951576320432751,43.40581163028755],[-2.949903450500364,43.40344508022788],[-2.9520868626932355,43.39987944091152],[-2.9502824477814475,43.39923809348476],[-2.950082259440734,43.39774857841416],[-2.94180974851739,43.39649872088851],[-2.9409141787927338,43.39275312384182],[-2.948939011272386,43.38334875016889],[-2.95240245101725,43.38448588954173],[-2.9543453887680076,43.3832580198166],[-2.958971411029162,43.384036949981194],[-2.9597688579583745,43.38250016769682],[-2.9646503185411937,43.38265188546205],[-2.9653053927256474,43.38521755358459],[-2.9861731992717675,43.39573938564196],[-2.9851734644486663,43.395832006395786],[-2.9867277254106748,43.397586176844634],[-2.985150243298341,43.39939813067416],[-2.9823028472853568,43.39972323670686],[-2.9745276114639,43.403939456278444],[-2.9744743541472465,43.406068186592165],[-2.972470182134351,43.40680185438008],[-2.9713476720274725,43.40937072713289],[-2.972214767744059,43.41086937038153],[-2.9706775284052545,43.411374856057826],[-2.9714669348016884,43.41341915343484],[-2.9662881983192713,43.41273430724443],[-2.9655866473218904,43.414218479768614],[-2.9618110863942575,43.413716724681436]]]}},{"type":"Feature","properties":{"cod":15,"slug":"basauri","name":"Basauri"},"geometry":{"type":"Polygon","coordinates":[[[-2.9132764504654,43.24581380518472],[-2.905166394673073,43.245385679373236],[-2.900356837093467,43.24059045734416],[-2.897043030244659,43.23990811758356],[-2.886168774961608,43.24524390826478],[-2.8828052308505123,43.24507743676963],[-2.877009236682767,43.242628556095724],[-2.8762521702784953,43.239791886882706],[-2.872409605556144,43.23808280367683],[-2.8667868147584636,43.23113393648481],[-2.8764965377422445,43.223627502047094],[-2.875586385934805,43.22160126033061],[-2.8779401041789225,43.218843212202586],[-2.885389254378721,43.216090332377874],[-2.887929623824306,43.216935693491955],[-2.894065884741191,43.21534679909727],[-2.89839030422983,43.21621517749864],[-2.9005666442996985,43.22131728680771],[-2.89715760541006,43.222312088220654],[-2.8972215283679725,43.224500566853465],[-2.9022137611269825,43.230862732636396],[-2.901436644706783,43.23349027425471],[-2.9132764504654,43.24581380518472]]]}},{"type":"Feature","properties":{"cod":16,"slug":"berango","name":"Berango"},"geometry":{"type":"Polygon","coordinates":[[[-3.0009616493939792,43.3782015628929],[-2.9902674495130412,43.369815262226446],[-2.9641802753738764,43.36217847280531],[-2.9542602074821063,43.353193191839175],[-2.9465463501891076,43.349123308486],[-2.947356574099188,43.34719752305066],[-2.9519175999557157,43.34889121445547],[-2.9529462912004503,43.346799257115016],[-2.959325043470838,43.348499869888286],[-2.9670496334054097,43.34465534522238],[-2.9695445737458845,43.347168844843935],[-2.975629794437749,43.344248328657315],[-2.9895087714795103,43.34663934955412],[-2.993043755818024,43.346019206132574],[-2.9981561422100724,43.351612572551105],[-2.9995770654758824,43.36134495002716],[-2.998622564976095,43.36260386428186],[-3.004069092350281,43.36778085528048],[-3.0089232250979556,43.36983405760729],[-3.0063223678465754,43.37509646202432],[-3.0009616493939792,43.3782015628929]]]}},{"type":"Feature","properties":{"cod":17,"slug":"bermeo","name":"Bermeo"},"geometry":{"type":"MultiPolygon","coordinates":[[[[-2.751578330952192,43.45631566022068],[-2.747086664838409,43.45191906600695],[-2.748430586401531,43.44468854394299],[-2.7442556880926703,43.4391290689383],[-2.743453558972979,43.43501307413019],[-2.739803139930942,43.432250740619985],[-2.7394381246445203,43.429579203131276],[-2.730032437247004,43.42568765050147],[-2.7209298447317094,43.425944125785385],[-2.721525066621981,43.42392516654425],[-2.7200511820946818,43.42356265197654],[-2.7188389308162115,43.42043199345752],[-2.711011207636365,43.42211467563134],[-2.7098059244298467,43.422335923491865],[-2.709745873634504,43.4221833263136],[-2.716217815196768,43.42090950671624],[-2.7158680550130008,43.41996650577661],[-2.718472791047639,43.42016321117586],[-2.7180351052696383,43.41872844882235],[-2.71980669303162,43.41895647301596],[-2.7197134302004966,43.420536070189335],[-2.7201284172202542,43.41867659296991],[-2.7235641331996687,43.41840275099619],[-2.7198741320325523,43.41751124813916],[-2.7141364460989665,43.4183270773687],[-2.7120044856195977,43.41610952109918],[-2.7146922701435168,43.405866329951714],[-2.7236808675353106,43.40055254584163],[-2.7312940527899836,43.39912042992498],[-2.730229206998027,43.39758950674254],[-2.734215230050747,43.39676538729374],[-2.7225810892869964,43.389418299134555],[-2.7334828925741,43.38396149021513],[-2.7478491453866782,43.378710866437125],[-2.758646245421846,43.377901336497914],[-2.762534452210762,43.3755213947737],[-2.7653778192611482,43.37663589624496],[-2.7736648309273986,43.38549455007376],[-2.7776053018346296,43.391991083515634],[-2.778390509880516,43.39831860276663],[-2.782297700694683,43.39899486826539],[-2.7855355583690504,43.402501287362476],[-2.7913301896454,43.40291009402145],[-2.7933292886841503,43.40427384628672],[-2.7932034724661476,43.40582625569518],[-2.791432406241026,43.405009307580954],[-2.792005817283152,43.41053313694698],[-2.7880104281966003,43.41974408697854],[-2.7825436005952966,43.423220334155666],[-2.783843608515546,43.424812708697154],[-2.7820642914844056,43.43113556049139],[-2.7779277864365413,43.4383765946518],[-2.7828291805823433,43.440232448690296],[-2.7816309101910894,43.44352712373102],[-2.784843292187547,43.44500948187306],[-2.7855963694657024,43.44680357883082],[-2.786731515608929,43.44641419099928],[-2.786455908383539,43.44747160137887],[-2.7832424925781702,43.44816951786078],[-2.7843031274867522,43.446118614663455],[-2.7830830839470533,43.44456674254221],[-2.7764302825462344,43.44464487365589],[-2.769719045194325,43.44852541027653],[-2.765642060171082,43.448176942074774],[-2.7604498930967685,43.449637228305654],[-2.7534852180588487,43.45603515893992],[-2.751578330952192,43.45631566022068]]],[[[-2.6881597060577342,43.42764710558166],[-2.682330081821357,43.42602845553587],[-2.6823949638325915,43.422975959975005],[-2.6881597060577342,43.42764710558166]]],[[[-2.7757490244636536,43.45316258126312],[-2.774739399963634,43.452015420889495],[-2.7743440887656483,43.45053270166603],[-2.7771488943879588,43.45171840539052],[-2.7757490244636536,43.45316258126312]]]]}},{"type":"Feature","properties":{"cod":18,"slug":"berriatua","name":"Berriatua"},"geometry":{"type":"Polygon","coordinates":[[[-2.463925957136823,43.33878717213287],[-2.4591256813893803,43.3352112029526],[-2.4557057263667126,43.33700047825003],[-2.441551543273263,43.332170735030566],[-2.4385846699887392,43.333936857900326],[-2.438563477771596,43.32895274041023],[-2.4358921231321484,43.326584547158774],[-2.4464806627441256,43.32568548988851],[-2.447461063040174,43.317917946973736],[-2.4425582350271884,43.32113669926694],[-2.4355900971027076,43.31840043813448],[-2.4303402268004533,43.319223361430815],[-2.4307538823675223,43.31144016360277],[-2.436233784961784,43.311124500866136],[-2.436404095583948,43.31283053585609],[-2.4458349420775916,43.314331845590495],[-2.445639328722274,43.31231405407235],[-2.44870321303331,43.31240369075675],[-2.447358604836743,43.310838960620046],[-2.449404567895094,43.30557907828684],[-2.442886506172652,43.306547925424866],[-2.4441021693322136,43.30332353599233],[-2.4401889172264664,43.30160384420414],[-2.437409226301841,43.304180825198664],[-2.436756543706387,43.30718028070957],[-2.4315484284820013,43.30882801636781],[-2.4172323882579283,43.320854325049346],[-2.419184701444974,43.322032686771905],[-2.413150878036565,43.320703070311396],[-2.4154611671663897,43.3197560955505],[-2.4198092338105996,43.31259925627783],[-2.4294138311940263,43.30814798758844],[-2.432162197716428,43.3045546103316],[-2.432613883722572,43.3010891860282],[-2.4369686761947444,43.29959955476498],[-2.439359656523293,43.29702878185037],[-2.4396873597888176,43.28820479717384],[-2.4364813461931534,43.28599228283002],[-2.447513545305625,43.28944164961394],[-2.4499072519580753,43.28864925496035],[-2.4513066986128353,43.292034144762574],[-2.4533324475843044,43.292967536470904],[-2.4676616751816227,43.29517146379948],[-2.4750641054861444,43.303045795868734],[-2.4853071849820365,43.299751822609934],[-2.489349785954544,43.30104778386459],[-2.48813204256376,43.30553067852489],[-2.492798363022266,43.30567149678348],[-2.4943671568031367,43.30728639131058],[-2.4910577784911605,43.311371859568645],[-2.4929669958393594,43.31457660272008],[-2.490387269558075,43.3159547233057],[-2.490521109855416,43.31915320161738],[-2.4955032684650407,43.327528994569406],[-2.4929001540604134,43.32823415523735],[-2.490340412883864,43.33194678848166],[-2.486201659009713,43.33134999929712],[-2.4785392440150487,43.33575555077432],[-2.4662242089700044,43.337344049145976],[-2.463925957136823,43.33878717213287]]]}},{"type":"Feature","properties":{"cod":19,"slug":"berriz","name":"Berriz"},"geometry":{"type":"Polygon","coordinates":[[[-2.6022426422768126,43.22985771918421],[-2.591664550838126,43.22687518868446],[-2.5821466872100585,43.22117135732685],[-2.568786279900907,43.20670798653467],[-2.5686599746536287,43.19699408084558],[-2.5700841077018315,43.194473964887266],[-2.549200400509092,43.185681015391225],[-2.5463706624030435,43.17935225426769],[-2.5509166303735147,43.1777983120937],[-2.5500778528289803,43.17642421708542],[-2.552502299224182,43.17442466556194],[-2.55157613322093,43.17224962215009],[-2.554240093020689,43.172997525263405],[-2.549894695741668,43.16748821295442],[-2.5551710566032373,43.16650769388715],[-2.5537646425935794,43.16496077374221],[-2.555491448273093,43.16061339703683],[-2.5530436986595677,43.15722480198352],[-2.5572931439772137,43.15539911582012],[-2.5603521751320577,43.15692984518716],[-2.564628403480964,43.1559758366889],[-2.568500264922977,43.150328896249434],[-2.575024959048099,43.14544765942498],[-2.575854465908852,43.155955148956565],[-2.5832464618008206,43.16184724427116],[-2.586812456019573,43.16176553702075],[-2.5939999782987484,43.165787515207086],[-2.5960072165585264,43.16435682144149],[-2.5970217424127746,43.165757226115275],[-2.594629548640052,43.168118301861604],[-2.596366418451347,43.17042931322684],[-2.600722753018589,43.172402423584],[-2.5994895266291915,43.173206204286764],[-2.6014283202105033,43.17541302772548],[-2.601514600496335,43.17858706889341],[-2.6055964130055855,43.181115891039504],[-2.6056846677742533,43.19424543506025],[-2.608850877237798,43.19789035776711],[-2.6096454762271426,43.20756616164747],[-2.6117173994215883,43.20886701463552],[-2.6226566052649325,43.21010152019339],[-2.636125890934722,43.21374056769933],[-2.638452593615892,43.22064404140858],[-2.6411572609925558,43.22156194475352],[-2.638874753450522,43.22232088478012],[-2.637553145433343,43.225070800677464],[-2.6340128057952557,43.22554857584224],[-2.6329364562701754,43.224481399381325],[-2.6293009014649638,43.22480132066283],[-2.625997285535673,43.22232156247224],[-2.622644978063525,43.22238988559458],[-2.6182446284585783,43.2251713433106],[-2.6022426422768126,43.22985771918421]]]}},{"type":"Feature","properties":{"cod":20,"slug":"bilbao","name":"Bilbao"},"geometry":{"type":"Polygon","coordinates":[[[-2.9713676008289234,43.290106076192394],[-2.9601162262729446,43.285477295197424],[-2.9532691943149234,43.286437208755885],[-2.950152754238039,43.28949800950193],[-2.946730781996394,43.28760918575165],[-2.948854306257761,43.28355617629882],[-2.9455706870723133,43.28049191113869],[-2.929597519582813,43.278233383966025],[-2.917789135003326,43.273818899364045],[-2.914929479010562,43.28043774912994],[-2.916735762503615,43.28562665297625],[-2.9105194985118805,43.285830236493396],[-2.9104242785401837,43.28419338860785],[-2.898793400488401,43.27729963730558],[-2.9019372023300094,43.270769767125955],[-2.8927996567541876,43.26955917634529],[-2.8802609847598757,43.26533219446342],[-2.8815898350332776,43.26021315968731],[-2.8848644594695743,43.25916574638043],[-2.8848577409853497,43.256192663616694],[-2.890469014987249,43.25288661004234],[-2.895402008028808,43.253122107142644],[-2.9043438661797447,43.24550799878565],[-2.914118648075755,43.24570980591086],[-2.9208813034261865,43.242364842775245],[-2.918461363460631,43.236807236478825],[-2.905947318592447,43.22610263156803],[-2.9097999804068806,43.21941881559044],[-2.9291457179549014,43.213710905888156],[-2.9378861351471004,43.21658597925539],[-2.94624870676984,43.217560835659945],[-2.9480614462354344,43.22392820547033],[-2.961407934635338,43.23092647046765],[-2.9690894285612965,43.23224043205919],[-2.9845849263169923,43.24419849830096],[-2.986066162801028,43.24614847671814],[-2.9844877934814362,43.245932160734405],[-2.981571454528081,43.24820991728806],[-2.9782560622891086,43.24827452917664],[-2.9746446155004587,43.25109918924051],[-2.974854333394861,43.25337526151279],[-2.9705004556446064,43.25862593468321],[-2.976013007494731,43.263650212929385],[-2.973351227220563,43.2666837479423],[-2.9774372175799333,43.27341012032403],[-2.976507536785907,43.27981404282533],[-2.9716021557224206,43.28300498718436],[-2.9713676008289234,43.290106076192394]]]}},{"type":"Feature","properties":{"cod":21,"slug":"busturia","name":"Busturia"},"geometry":{"type":"Polygon","coordinates":[[[-2.72106407414323,43.39796812816447],[-2.7195629563489674,43.38774168939172],[-2.7047337810453436,43.389507960378815],[-2.6946519302625704,43.39237543193212],[-2.68424407320733,43.3913764885606],[-2.6854552147970066,43.38899040089332],[-2.680755328231458,43.38024997077715],[-2.680394713695699,43.374376957965026],[-2.682443513701119,43.37216026619633],[-2.6810041104961218,43.36788074480783],[-2.685280455428585,43.36654038619747],[-2.686647231613162,43.36778892153681],[-2.689999293075068,43.36661108295001],[-2.699525833919065,43.36740918447671],[-2.694875269129139,43.35311040009167],[-2.7060930295534336,43.34848560577658],[-2.7072647314859175,43.34973834971774],[-2.7129071081332623,43.34970132620874],[-2.713379692946253,43.35174536917057],[-2.7159957529118564,43.352775980053146],[-2.716753246843627,43.35455967399046],[-2.717358434850974,43.35380632186145],[-2.720566787294706,43.35447261631025],[-2.7213749279209476,43.352880336644546],[-2.724337393164073,43.353045544625665],[-2.7257709258225,43.35122647425626],[-2.7275036292536186,43.3520737096349],[-2.728318855066522,43.35086453982759],[-2.7312245226100096,43.35132793468758],[-2.7417296500537587,43.35772509178126],[-2.7475524892615946,43.35919052141588],[-2.7530398939650254,43.36227763407092],[-2.7523403701554456,43.36522338794846],[-2.762534452210762,43.3755213947737],[-2.758646245421846,43.377901336497914],[-2.7478491453866782,43.378710866437125],[-2.7334828925741,43.38396149021513],[-2.7225810892869964,43.389418299134555],[-2.734215230050747,43.39676538729374],[-2.7283750705634344,43.39731201282584],[-2.7256990444936244,43.398729950496005],[-2.72106407414323,43.39796812816447]]]}},{"type":"Feature","properties":{"cod":22,"slug":"karrantza-harana-valle-de-carranza","name":"Karrantza Harana/Valle de Carranza"},"geometry":{"type":"Polygon","coordinates":[[[-3.338584102035123,43.278060926122706],[-3.3141280497625907,43.27649842830469],[-3.3110039823141513,43.27479707232261],[-3.3093597662880563,43.272124088036584],[-3.3115675362683406,43.26998777491379],[-3.30353468960642,43.25669300070093],[-3.3061206064829674,43.25330989534101],[-3.2982690067673572,43.24774025682238],[-3.2959933826798493,43.24296854622552],[-3.293463522838744,43.24260794244781],[-3.292684140140562,43.24074056312368],[-3.2947310061964794,43.23290562344086],[-3.297146817666743,43.23060803375988],[-3.297387805406922,43.22237276651938],[-3.29393885807391,43.21941921257968],[-3.294889937372512,43.2102836137403],[-3.2986765494412595,43.20651466628156],[-3.2897707202004405,43.20226436086559],[-3.2859627846726065,43.197549861084745],[-3.2781455131480004,43.19432966574454],[-3.2773147438298253,43.19035868348893],[-3.279530537804519,43.188652467564985],[-3.2836765902400673,43.18855266505964],[-3.2876052936993605,43.185699504746495],[-3.297602838994011,43.18239565158008],[-3.2991388154414225,43.17983509416283],[-3.305556928482526,43.176903729835914],[-3.309772917379934,43.17206248469949],[-3.319699368966952,43.17097324116493],[-3.32093119033708,43.16922267878634],[-3.3330975722261207,43.16559354294677],[-3.338224876544822,43.16738747868832],[-3.341391908392833,43.16691918728016],[-3.3458780740023206,43.16146581138368],[-3.3469862699868265,43.15711933731148],[-3.3506991105106816,43.15356101321157],[-3.3622790975392736,43.15198465634863],[-3.388862992000764,43.14048798644108],[-3.403628201973346,43.138234085986284],[-3.4122185561139697,43.13410642934434],[-3.417562975660651,43.13312515117048],[-3.421954988363592,43.15224416310897],[-3.425776434042841,43.15553973206825],[-3.4292418740708155,43.16492160340889],[-3.43160026453069,43.16594198135548],[-3.433360807572797,43.170888331010985],[-3.4348062454160764,43.19056632356124],[-3.4361833279821705,43.191769882262854],[-3.4356562810358624,43.19811088537943],[-3.4341399580537955,43.19766749193935],[-3.4328686047930725,43.20074356255576],[-3.4319734256553427,43.20999536432427],[-3.4367314776781974,43.21758369029168],[-3.436617019408301,43.22010932311054],[-3.445756937465385,43.23336899676935],[-3.44974387383336,43.23612666023434],[-3.446062509083292,43.2368003980805],[-3.4407721523109167,43.23469957656313],[-3.4348751569013265,43.23634182129968],[-3.4303159726116332,43.240656373815334],[-3.4173862054443904,43.2396216452514],[-3.4146168609981387,43.24248071132224],[-3.417329700750409,43.2446965361901],[-3.410500301100414,43.24715467355322],[-3.4135140444289496,43.24977462752778],[-3.398897838554536,43.245777031313786],[-3.392176876671057,43.25098642811085],[-3.3939260320543103,43.25889777824444],[-3.390799243944311,43.25940430002507],[-3.3901819940844806,43.26314937609932],[-3.384878338108678,43.267034664536936],[-3.382936919087588,43.27109345410189],[-3.3782865157320763,43.27123958491815],[-3.368635127977685,43.275158491103745],[-3.3587057483828646,43.272268050880236],[-3.338584102035123,43.278060926122706]]]}},{"type":"Feature","properties":{"cod":23,"slug":"artea","name":"Artea"},"geometry":{"type":"Polygon","coordinates":[[[-2.8073246387930255,43.149869111605284],[-2.80364727294768,43.14851141197384],[-2.798832440228742,43.14274606297195],[-2.7890714238559324,43.144750796911765],[-2.7853036170698595,43.14659905970561],[-2.7803382307226805,43.146554876294076],[-2.781002581950459,43.14041789716001],[-2.778575565370403,43.136536991020854],[-2.7714379219963696,43.13213929353702],[-2.7756420051637147,43.12287906632791],[-2.779736169406154,43.12053863429165],[-2.7877045772638733,43.12042825723138],[-2.793489355803859,43.11740878501778],[-2.7963878848039525,43.1122031106989],[-2.8023605449258744,43.11050282938128],[-2.8113818520879064,43.102124479661505],[-2.8160237345581467,43.105674033289276],[-2.8265816274361546,43.10980774910867],[-2.8294024915444593,43.11439143677783],[-2.823748540004929,43.12205153162678],[-2.8203871514987915,43.12225494813189],[-2.817993042294372,43.129937287633346],[-2.8100128451884525,43.13287917712704],[-2.8111511801861084,43.13478262118839],[-2.809190457144679,43.1391548351485],[-2.804448622125125,43.141068467852676],[-2.8067299445354643,43.14469535995914],[-2.8073246387930255,43.149869111605284]]]}},{"type":"Feature","properties":{"cod":24,"slug":"zeanuri","name":"Zeanuri"},"geometry":{"type":"Polygon","coordinates":[[[-2.752641829409058,43.12287100930427],[-2.7490440569452357,43.12152865039172],[-2.743882056313267,43.1150926686029],[-2.7396539572730787,43.11251690927667],[-2.7357136171621956,43.11207185887726],[-2.734461059349695,43.109252223471906],[-2.7295419080254537,43.10671500456357],[-2.7267132624756822,43.10237466699162],[-2.7200300615207116,43.09760589138301],[-2.71224483129638,43.08806980242359],[-2.7023577291911733,43.08299498928189],[-2.702972273801992,43.07848582407448],[-2.69978537115498,43.075009697487324],[-2.7015530972361033,43.0726829356624],[-2.7012011775309412,43.0686640895325],[-2.6970961218896274,43.06550569842676],[-2.692027673312269,43.05623621648554],[-2.6866007205204205,43.05090394300331],[-2.688281001178755,43.04762107538845],[-2.683824758910837,43.039541980937415],[-2.6841190199150065,43.03789217334977],[-2.686374581207525,43.037351591660865],[-2.6886286813520424,43.03847608006386],[-2.693519134917915,43.037157888293876],[-2.7004831973265024,43.0334533775408],[-2.706255873045184,43.03626809226925],[-2.7076268857357624,43.03005326949309],[-2.715114591773599,43.03068071286953],[-2.729017515796996,43.023980055813816],[-2.733747823049328,43.02540044732698],[-2.735412238063147,43.02937868188358],[-2.740501704378185,43.034195961030036],[-2.74599266032004,43.03327085560209],[-2.749839989724614,43.02698282768169],[-2.7588982929660357,43.02837940927766],[-2.769242620628295,43.02683457628435],[-2.773801994035173,43.02895572058462],[-2.7749802881786083,43.03122127953549],[-2.78118156857504,43.033914913095366],[-2.7889696309288845,43.03451252409331],[-2.796049742661209,43.050985904560726],[-2.79948551974201,43.05270850986003],[-2.8024923587599244,43.05235263788725],[-2.8054325351904223,43.05450662808327],[-2.804087402450511,43.05771848736848],[-2.795003694018514,43.06732080427192],[-2.798709031355186,43.07075098410857],[-2.7848499900786425,43.084343164239215],[-2.7885249704676425,43.088908680198514],[-2.7919902847665528,43.08990863726698],[-2.789962353515332,43.09933661413405],[-2.7832798413884032,43.10694060768815],[-2.7775697066605587,43.10899726944167],[-2.773753956614946,43.108614644008846],[-2.765389938765273,43.11313780705879],[-2.7640159091298186,43.11278352015696],[-2.7659224884546303,43.11456473446333],[-2.7658845567182166,43.1219353466254],[-2.763069578008514,43.12270046142138],[-2.7620823785188393,43.11935264461826],[-2.760781386006199,43.119435748862244],[-2.7589694813181427,43.1214684036085],[-2.752641829409058,43.12287100930427]]]}},{"type":"Feature","properties":{"cod":25,"slug":"zeberio","name":"Zeberio"},"geometry":{"type":"Polygon","coordinates":[[[-2.8784752533260196,43.19122238424496],[-2.868598093040466,43.184510640349735],[-2.8651830871682753,43.184830569813165],[-2.859709523137792,43.189138455843946],[-2.852945172712789,43.18717511124207],[-2.850136655000954,43.18255506789269],[-2.857413546555825,43.17473639969092],[-2.849310633734328,43.17063593726484],[-2.8416810583986205,43.16897180915125],[-2.838467840532055,43.173805156084875],[-2.8322235292765394,43.1755432835276],[-2.8264727175079556,43.17546816046335],[-2.8135311972878303,43.17278192588808],[-2.80215449837249,43.16380068047179],[-2.8047069983104844,43.156630103923426],[-2.809606334979247,43.15401065842796],[-2.804448622125125,43.141068467852676],[-2.809190457144679,43.1391548351485],[-2.8111511801861084,43.13478262118839],[-2.8100128451884525,43.13287917712704],[-2.817993042294372,43.129937287633346],[-2.8203871514987915,43.12225494813189],[-2.8228409784819624,43.12238078984781],[-2.825253928811545,43.12058874385761],[-2.8294024915444593,43.11439143677783],[-2.827035905992079,43.11080510050605],[-2.8286937339128873,43.1091136799361],[-2.836552228997349,43.10948978357735],[-2.85176254340035,43.11899059567395],[-2.867740696970251,43.12243032971844],[-2.8735058743986874,43.12818142842446],[-2.90714425057273,43.13734398830382],[-2.9077844737047003,43.1412129981578],[-2.905391580078249,43.14746185955145],[-2.90814900120518,43.15777186667242],[-2.901480497934932,43.15980834644256],[-2.899009806536343,43.16525501682555],[-2.8953911302563844,43.168648295864635],[-2.896050906733687,43.170389529261286],[-2.898688620186094,43.171277789461335],[-2.901495109093354,43.16993122798027],[-2.9044946638970766,43.17053169120829],[-2.902333598618126,43.17182088786209],[-2.9017250386604236,43.17607388118731],[-2.8963349467406387,43.17622652855172],[-2.8863655141845355,43.18183966268021],[-2.8844676674864576,43.18525535356201],[-2.878095459429137,43.188750165564024],[-2.8784752533260196,43.19122238424496]]]}},{"type":"Feature","properties":{"cod":26,"slug":"dima","name":"Dima"},"geometry":{"type":"Polygon","coordinates":[[[-2.7462915205207263,43.18504427157388],[-2.7387118774745414,43.18298825705522],[-2.727125206295339,43.17708566754202],[-2.7273697086492885,43.17622368015447],[-2.725138363075039,43.17606679054059],[-2.720885010363763,43.17261557606869],[-2.711805555864714,43.16959851579562],[-2.6922818414624854,43.152400409296845],[-2.694218126878018,43.146496710427904],[-2.6927494627494557,43.143755661021075],[-2.6936387175177123,43.133528160826934],[-2.691529767601887,43.13114169647487],[-2.6829784150631073,43.12705469267608],[-2.6802619613842196,43.123743242695426],[-2.679586373924721,43.11857353671947],[-2.683050403184396,43.111013755217186],[-2.6789420564735216,43.10205745199841],[-2.67384854506757,43.100127521035475],[-2.6698628737777104,43.091476222412936],[-2.6706676853148763,43.08397346266928],[-2.6631426095634083,43.07108176378199],[-2.663078712167947,43.06891146812258],[-2.669702640746633,43.06620677342862],[-2.6703478873245987,43.0525752645001],[-2.6768312473073608,43.04720129075607],[-2.676811661905333,43.045927026948576],[-2.6729719947505313,43.04429080541013],[-2.674266612514753,43.04221046748849],[-2.6726019866858515,43.04035905913153],[-2.6744515017081483,43.0399819820691],[-2.6750065617155494,43.035509415004675],[-2.6806214467761134,43.03343362414043],[-2.6841190199150065,43.03789217334977],[-2.688281001178755,43.04762107538845],[-2.6866007205204205,43.05090394300331],[-2.692027673312269,43.05623621648554],[-2.6970961218896274,43.06550569842676],[-2.7012011775309412,43.0686640895325],[-2.7015530972361033,43.0726829356624],[-2.69978537115498,43.075009697487324],[-2.702972273801992,43.07848582407448],[-2.7023577291911733,43.08299498928189],[-2.71224483129638,43.08806980242359],[-2.7200300615207116,43.09760589138301],[-2.7267132624756822,43.10237466699162],[-2.7295419080254537,43.10671500456357],[-2.734461059349695,43.109252223471906],[-2.7357136171621956,43.11207185887726],[-2.7396539572730787,43.11251690927667],[-2.743882056313267,43.1150926686029],[-2.7495069253658517,43.121820252485215],[-2.7520490490629075,43.12305423655386],[-2.7589694813181427,43.1214684036085],[-2.7620823785188393,43.11935264461826],[-2.7646516066099043,43.12426634486314],[-2.772376159193923,43.12822665232251],[-2.7714379219963696,43.13213929353702],[-2.7752620082192556,43.13386400802506],[-2.778466132520679,43.138239780052494],[-2.778670632670797,43.15415481668025],[-2.772254679948185,43.15532978441439],[-2.7630049177512186,43.15476116369504],[-2.7553897296718226,43.156801662120536],[-2.748370750403549,43.17352244699607],[-2.748841884829387,43.18350971866617],[-2.7462915205207263,43.18504427157388]]]}},{"type":"Feature","properties":{"cod":27,"slug":"durango","name":"Durango"},"geometry":{"type":"Polygon","coordinates":[[[-2.6342199249332006,43.175026037787006],[-2.6221647935620096,43.17253467413275],[-2.6227142792730715,43.16921236257898],[-2.6206601681771198,43.16863043334652],[-2.615796086152693,43.161520568811284],[-2.6184636530142087,43.16114715052395],[-2.616813817178451,43.15644985226618],[-2.6175511740802087,43.152351067916264],[-2.6267008456154137,43.1498038301807],[-2.629739409191361,43.146918465970174],[-2.632369625438497,43.14814278129846],[-2.6387502001761276,43.15177710747027],[-2.6343917879114076,43.15514394940339],[-2.639717785236935,43.15694443119011],[-2.6412094133226383,43.15971855349259],[-2.6407876441219917,43.163347975080434],[-2.6446616802166267,43.162819602780864],[-2.6511452684288397,43.15791238417981],[-2.653577360232179,43.15169004861379],[-2.6690891647323545,43.1505994607486],[-2.6851448560653304,43.15372937719785],[-2.687817035366666,43.15314616189554],[-2.6932517356228023,43.14819775116179],[-2.693827086661577,43.15070335976129],[-2.6922818414624854,43.152400409296845],[-2.696456830050494,43.15634046240561],[-2.694487703695645,43.15624877507632],[-2.6925271413206517,43.16428699668569],[-2.684884599342736,43.16914384338442],[-2.680594570314748,43.170638002550206],[-2.6741682945366043,43.17036927820015],[-2.6735273927034786,43.16527432733327],[-2.6680522305743466,43.164374480265614],[-2.664167376879242,43.16516718379784],[-2.6602497882894807,43.16414590732562],[-2.659767289635859,43.16291090301023],[-2.6522493077073164,43.16418535465692],[-2.6514353648920883,43.16216507739925],[-2.64756171921008,43.16536054794994],[-2.643993781059137,43.173401514394726],[-2.6374411211313853,43.17332420734475],[-2.6342199249332006,43.175026037787006]]]}},{"type":"Feature","properties":{"cod":28,"slug":"ea","name":"Ea"},"geometry":{"type":"Polygon","coordinates":[[[-2.6088712732271637,43.392073439202825],[-2.601441576711353,43.39450114219942],[-2.6012148508371524,43.392865502794926],[-2.597402199390615,43.39032144129009],[-2.5933541720938567,43.39102747608805],[-2.5901812033411074,43.38741328438931],[-2.586729824322475,43.38758185420715],[-2.5851653061340523,43.38902482799146],[-2.582632317509305,43.387842150349634],[-2.5842324980074776,43.38447328490927],[-2.583735101645902,43.38299069039157],[-2.5818253940290865,43.386056768751864],[-2.578014114588408,43.38667902484327],[-2.5715955573943625,43.390315295095164],[-2.562428550201554,43.39083355196585],[-2.5599817212009146,43.388919630673584],[-2.558274202298707,43.389151306211446],[-2.5581947542602523,43.38470540552012],[-2.553169833089001,43.38188018066505],[-2.553400716647183,43.37895030642436],[-2.5516215679889447,43.378718053003425],[-2.5519748660433623,43.375583898023926],[-2.550072081690293,43.374223324606426],[-2.560166437885153,43.3694836394504],[-2.5617433601317185,43.36732411248384],[-2.581729465574317,43.370468224102616],[-2.583719859515538,43.36322011261611],[-2.588778248650561,43.361037170955626],[-2.594020581569613,43.36121437914686],[-2.593831583166103,43.36390497440233],[-2.6034499478361868,43.366054155839855],[-2.610344339388551,43.36681802271344],[-2.6156012906462296,43.36531639297683],[-2.6194104769014723,43.3661945549345],[-2.6207739175840086,43.366749889237006],[-2.6203333004426446,43.368965604885744],[-2.624819138919534,43.3721327016602],[-2.626751403352151,43.3794745283632],[-2.6255427033236884,43.380459088949415],[-2.6225766748814743,43.379860896445386],[-2.6215659338475974,43.38294654209719],[-2.618084995600907,43.382528688863545],[-2.6117130288113697,43.392288244413415],[-2.6088712732271637,43.392073439202825]]]}},{"type":"Feature","properties":{"cod":29,"slug":"etxebarri","name":"Etxebarri"},"geometry":{"type":"Polygon","coordinates":[[[-2.880273098030627,43.265249994502064],[-2.86839243731941,43.259857550428784],[-2.866794290719054,43.25579963175968],[-2.8719392978320113,43.25152359760507],[-2.8800761975101277,43.251060931372535],[-2.8830140924943692,43.248513753865865],[-2.882843759884041,43.245604971670886],[-2.890977531455445,43.24357641870043],[-2.895277744780626,43.24008399808324],[-2.900356837093467,43.24059045734416],[-2.905166394673073,43.245385679373236],[-2.895402008028808,43.253122107142644],[-2.890469014987249,43.25288661004234],[-2.8848577409853497,43.256192663616694],[-2.8848644594695743,43.25916574638043],[-2.8815898350332776,43.26021315968731],[-2.880273098030627,43.265249994502064]]]}},{"type":"Feature","properties":{"cod":30,"slug":"etxebarria","name":"Etxebarria"},"geometry":{"type":"Polygon","coordinates":[[[-2.4327727773345007,43.27224028237434],[-2.4226260718610177,43.2712666319208],[-2.425890098703237,43.269427385283706],[-2.43542777164319,43.26837809179341],[-2.4372605328849732,43.266660662998056],[-2.441743644003577,43.26847023128082],[-2.4421824205559797,43.26998425066725],[-2.4437475032401874,43.269811419174076],[-2.4471806243430527,43.26576570839749],[-2.4459264754692494,43.25863588168617],[-2.442168331869577,43.25750635208832],[-2.443254867312612,43.25597662132217],[-2.4387184169959903,43.254046454871904],[-2.4346456899733764,43.2553666526392],[-2.4390267765286597,43.2517377308643],[-2.4392999836325515,43.248101724447984],[-2.43673339041986,43.24375120348419],[-2.4431087879889755,43.24114017416285],[-2.447022293653988,43.23508756778253],[-2.459966597539584,43.226090317144404],[-2.4681362312936304,43.23102102740304],[-2.479642989024395,43.23044505802867],[-2.4788893207784466,43.23187652660343],[-2.4852094796650035,43.238656772891964],[-2.480665904890548,43.23982224389881],[-2.477600907183565,43.239086652616166],[-2.475952162725827,43.240530307119364],[-2.4773412313327565,43.24327030424486],[-2.4815878090224155,43.24625712011092],[-2.483462936479511,43.24483259771689],[-2.4807199297630946,43.24351116851773],[-2.4808568789175824,43.24229507725208],[-2.4867977411654887,43.243198849715874],[-2.490161306687297,43.24035454192564],[-2.4876301853520073,43.23906411713837],[-2.488017429372879,43.23817996941992],[-2.492930133901504,43.238585000443],[-2.495791144842198,43.23556387483497],[-2.498625671104755,43.236670133382894],[-2.501019599799909,43.23516817156807],[-2.5022202981243047,43.2391577997044],[-2.504331363425426,43.23436998497414],[-2.506263171411239,43.233700194990796],[-2.511554856722485,43.23414847349782],[-2.515688861220894,43.23689429327795],[-2.5145613149998347,43.23855556274206],[-2.5098676817373713,43.23898245204075],[-2.5075335268720544,43.240564546908516],[-2.509514494007557,43.2412026655457],[-2.5092824432297007,43.24236894804795],[-2.5064242312353735,43.24122602303092],[-2.5039662946834107,43.24170776787054],[-2.498409654696824,43.23893656815953],[-2.4985492123992694,43.24347059006569],[-2.496905350650065,43.242315815338095],[-2.49716991027873,43.244503946184885],[-2.4934945389960883,43.24673935216996],[-2.4887723683676044,43.24681829822234],[-2.4878000032003236,43.24899127934014],[-2.4892380144284907,43.25054534226088],[-2.487538166162741,43.25176174484513],[-2.492726719879695,43.25640624623941],[-2.4889350297137423,43.25763921621944],[-2.486866124084577,43.26125892161963],[-2.5033821740871867,43.25460146228764],[-2.5048517658535965,43.250939060064],[-2.5079408094370583,43.248588031598054],[-2.5134492004007427,43.250930026798564],[-2.5148954195840934,43.2541764098163],[-2.5130732977744734,43.25763186280012],[-2.511752332896596,43.25854002544134],[-2.5099972650128533,43.25725214801847],[-2.506535185237807,43.25844055873087],[-2.5065987796529012,43.25997900911282],[-2.5042053478021224,43.259797752134226],[-2.5035503056151143,43.2582298111732],[-2.500697645051954,43.25823000185925],[-2.502519352799538,43.260982018688885],[-2.501811005295497,43.262797426143955],[-2.4951951893263065,43.263262237151864],[-2.4959258992628084,43.26492852855291],[-2.493347959983347,43.2653431494963],[-2.489106958732281,43.2651025022975],[-2.487672087345036,43.26212013747797],[-2.4797576692963132,43.26225595561799],[-2.479388317099663,43.26418919476551],[-2.481886358475849,43.26576230288205],[-2.4828124952422477,43.26917970472358],[-2.4769846068737924,43.2726967122963],[-2.4670849105793033,43.26880207691121],[-2.4565926053421774,43.2670503865765],[-2.4574562163174667,43.26393410591288],[-2.454558174200561,43.25972703787018],[-2.4524433706013236,43.259667679000046],[-2.4509106366734477,43.26098878850879],[-2.4521849694206415,43.26637760703376],[-2.455079706176728,43.26678637709518],[-2.453407829956929,43.26952841802117],[-2.450529865550356,43.270159722129804],[-2.4476345522210123,43.26831513455954],[-2.4437497165014324,43.270326135021904],[-2.4421646658755765,43.27016074502506],[-2.4398124817097786,43.268778293835766],[-2.4407586700401076,43.270534055565456],[-2.437573918029297,43.26861080854515],[-2.433461723347353,43.270212341086214],[-2.4327727773345007,43.27224028237434]]]}},{"type":"Feature","properties":{"cod":31,"slug":"elantxobe","name":"Elantxobe"},"geometry":{"type":"Polygon","coordinates":[[[-2.649241596721491,43.41475646093047],[-2.645857545292113,43.41578712299396],[-2.6366996400906664,43.41205487588217],[-2.6364341533334987,43.40644706139046],[-2.6379520193741772,43.404953357997876],[-2.636575552304212,43.404135440800296],[-2.6378094888374712,43.40468565488161],[-2.638320960384206,43.40353434487573],[-2.6372747214177807,43.402783212242326],[-2.6371291468665135,43.403999340704424],[-2.637228567662187,43.40257056096613],[-2.6373980113657094,43.402341575053285],[-2.630814450860861,43.39786961279344],[-2.6375216995221935,43.39818704479221],[-2.6390875980361783,43.39985836077035],[-2.6437445234978783,43.40062114222059],[-2.650158881465277,43.40591196537323],[-2.653461225393729,43.41082916734423],[-2.6514463063741056,43.411506480241265],[-2.649241596721491,43.41475646093047]]]}},{"type":"Feature","properties":{"cod":32,"slug":"elorrio","name":"Elorrio"},"geometry":{"type":"Polygon","coordinates":[[[-2.5530436986595677,43.15722480198352],[-2.5476974965321926,43.15613798162106],[-2.5386207623343315,43.15202633511998],[-2.532359268160816,43.15251851245599],[-2.5303046546483823,43.154098368130896],[-2.521100833700416,43.15403932391995],[-2.5107269711945643,43.15700412467129],[-2.508330369422935,43.153928789367384],[-2.504781255239198,43.155771808602495],[-2.5009945275210255,43.15243086493614],[-2.502710898059555,43.148482875820925],[-2.5025087454407062,43.13399536274593],[-2.4963099069913883,43.123371048855354],[-2.501065351009304,43.11897940391079],[-2.5035630563455773,43.10513966498203],[-2.5047477400952824,43.09660625428403],[-2.500715450553173,43.09625951195506],[-2.51368158585086,43.090017489259736],[-2.5258714224775405,43.09566520418585],[-2.5390402369841167,43.09200519923872],[-2.5443139526919882,43.0916391096141],[-2.5472636013991385,43.0876623540038],[-2.5526064174966727,43.08984770250005],[-2.5555420868750933,43.09268002601386],[-2.552068002001789,43.09462144884162],[-2.5551627424759213,43.0962166762674],[-2.5527966328460763,43.096988180376506],[-2.5538275895594347,43.09837689096208],[-2.5517610227417507,43.09769263542881],[-2.5522568774990004,43.10274804413985],[-2.5583324937497576,43.104049812419554],[-2.5635024832262703,43.1069619362274],[-2.5691679559735325,43.11298562320669],[-2.5704382387009557,43.11731049568006],[-2.568367464663219,43.121077731111804],[-2.5694530522016623,43.13197969922931],[-2.5712986350993465,43.135027841198095],[-2.582562740735946,43.139154003200375],[-2.568500264922977,43.150328896249434],[-2.564628403480964,43.1559758366889],[-2.5603521751320577,43.15692984518716],[-2.5572931439772137,43.15539911582012],[-2.5530436986595677,43.15722480198352]]]}},{"type":"Feature","properties":{"cod":33,"slug":"ereno","name":"Ereño"},"geometry":{"type":"Polygon","coordinates":[[[-2.626548087856453,43.37120630537517],[-2.6203333004426446,43.368965604885744],[-2.6207739175840086,43.366749889237006],[-2.616048654579712,43.36534148750028],[-2.6097136307690953,43.366820374394756],[-2.593831583166103,43.36390497440233],[-2.59502653385681,43.35813110979129],[-2.6001358044239478,43.357525974763576],[-2.5996711451726,43.35497931321498],[-2.593886336533982,43.35156970766408],[-2.5928828314303933,43.3495321982779],[-2.5806391656069634,43.342644608282605],[-2.583898945448504,43.339756872940264],[-2.588553947485329,43.33753725534931],[-2.5917035585607953,43.33805225635984],[-2.5949738123504793,43.335996800497504],[-2.5986305311567346,43.33589497328726],[-2.6028557566248858,43.33256381196725],[-2.6096993638145607,43.33070667883716],[-2.6099722601778708,43.33335963085699],[-2.6160948177619088,43.34063629847636],[-2.6393957629334714,43.35016428559747],[-2.6280585310180204,43.36338856886731],[-2.6297559294406705,43.365774687022295],[-2.626548087856453,43.37120630537517]]]}},{"type":"Feature","properties":{"cod":34,"slug":"ermua","name":"Ermua"},"geometry":{"type":"Polygon","coordinates":[[[-2.5046662289250414,43.20209337060323],[-2.496320033196722,43.207603132360205],[-2.4950497568438403,43.2049006123954],[-2.4910973140904824,43.20196159915906],[-2.4868483748935244,43.20138657663363],[-2.488157287565852,43.198826716346154],[-2.4864655524585175,43.196251609285305],[-2.488954078605019,43.193745111775385],[-2.487820224272755,43.18959181645369],[-2.4924816480199614,43.18087885842953],[-2.498002288107309,43.17747365217145],[-2.5047560951434127,43.17676415336649],[-2.508629970848801,43.174942168068796],[-2.5253925839185896,43.1779392185675],[-2.5209619908208762,43.18770832046615],[-2.517987952270051,43.18874101323085],[-2.5081080900396997,43.19715983850936],[-2.5046662289250414,43.20209337060323]]]}},{"type":"Feature","properties":{"cod":35,"slug":"fruiz","name":"Fruiz"},"geometry":{"type":"Polygon","coordinates":[[[-2.7882128707792635,43.34569916277183],[-2.786202633975724,43.33522007070727],[-2.7818617092032283,43.33433167859759],[-2.779609462604988,43.3318023021325],[-2.7796863227249715,43.32978569799914],[-2.7823209930749044,43.32800459658784],[-2.779747288248911,43.32465636229856],[-2.774052614562254,43.32329988118249],[-2.777768952172162,43.321304544123116],[-2.7784837272504865,43.31775470368314],[-2.7826182152432923,43.31618512262846],[-2.784324122396442,43.311161448896534],[-2.7871543298636765,43.3097544695403],[-2.7960352404412987,43.313324494068326],[-2.7976550056501717,43.31268660413214],[-2.7990728187742677,43.31457340437615],[-2.8083561858318586,43.31947603434832],[-2.807471780842138,43.32245155347361],[-2.800194223842355,43.32817390482315],[-2.797336914059595,43.32736287874381],[-2.7964108074910925,43.32826205117917],[-2.7984547704866247,43.32881981221697],[-2.797847964733378,43.33014088189494],[-2.799678664121267,43.33161977086857],[-2.7977683886883895,43.33780371153009],[-2.8006684728922338,43.33738090606016],[-2.8035953400740303,43.33854908763336],[-2.8028855463073046,43.3412776860986],[-2.800431883692483,43.34238369183843],[-2.797870039163854,43.340258892181375],[-2.7882128707792635,43.34569916277183]]]}},{"type":"Feature","properties":{"cod":36,"slug":"galdakao","name":"Galdakao"},"geometry":{"type":"Polygon","coordinates":[[[-2.8802609847598757,43.26533219446342],[-2.839273908025944,43.25422474461773],[-2.830207112916073,43.25012549827607],[-2.8288289936652484,43.253123537274256],[-2.8248078561255063,43.25049222235626],[-2.8215368255703352,43.24994697465774],[-2.8177931568575496,43.25197433242038],[-2.8028880893887402,43.24766428773313],[-2.7973695562220904,43.2477605411105],[-2.7891063904110887,43.245742511309565],[-2.7866864885493348,43.24279267697642],[-2.784311930366412,43.242697006935025],[-2.7824673550142633,43.24461925975503],[-2.7820397919113877,43.24006332650877],[-2.7797005244683457,43.238340116924334],[-2.7801907380026933,43.23453080564944],[-2.777959499087926,43.23046500826255],[-2.7804411597574727,43.229132056295306],[-2.7810407487659474,43.2301312890344],[-2.78974839235271,43.23123674495455],[-2.796341056101147,43.223809865887695],[-2.8006614037850506,43.22508065928263],[-2.8033662554448275,43.229020316695866],[-2.8064700819190342,43.22954094990041],[-2.8100906346617855,43.22841251202589],[-2.8179091503493727,43.229886950139225],[-2.8205376899421992,43.2268466001325],[-2.8211336228798416,43.228161631267085],[-2.822521824640725,43.2279133150897],[-2.82151196615069,43.22689973764269],[-2.82424059326644,43.22400299787494],[-2.824101341614907,43.21945809275126],[-2.8269771058783455,43.21850041153377],[-2.8266584010927476,43.21751319468011],[-2.8317463125828666,43.217688508470545],[-2.843970833335385,43.21516772904708],[-2.8507671746603953,43.212201328448444],[-2.853934743165902,43.215074240160064],[-2.862350724274065,43.23020489020667],[-2.8680983616425038,43.23193075335609],[-2.872409605556144,43.23808280367683],[-2.8762521702784953,43.239791886882706],[-2.877009236682767,43.242628556095724],[-2.884441782227182,43.245264868636056],[-2.882843759884041,43.245604971670886],[-2.8830140924943692,43.248513753865865],[-2.8800761975101277,43.251060931372535],[-2.8719392978320113,43.25152359760507],[-2.8664456237476448,43.25665142855453],[-2.86839243731941,43.259857550428784],[-2.8802609847598757,43.26533219446342]]]}},{"type":"Feature","properties":{"cod":37,"slug":"galdames","name":"Galdames"},"geometry":{"type":"Polygon","coordinates":[[[-3.1507270970406442,43.30543328421383],[-3.1447517552921047,43.29950381174255],[-3.1370906313845692,43.298877344146646],[-3.13116578222161,43.2959092554284],[-3.127167021974069,43.29564912504704],[-3.1181813953492026,43.2920052250891],[-3.114065411010924,43.29191233366332],[-3.111325626103932,43.28964613625653],[-3.1043315425846534,43.292233636381866],[-3.0908221787455123,43.28897548893045],[-3.0755432067266275,43.28298077613973],[-3.047557043198345,43.263673098039064],[-3.0418411744535665,43.26252255303072],[-3.0372517295803343,43.25764045160703],[-3.0311170202764575,43.25435548433612],[-3.0316928252309214,43.25290286978107],[-3.039600084004372,43.25381537241204],[-3.0452972948174533,43.249564754212855],[-3.0515373209917285,43.24884813077793],[-3.0590051918099506,43.24427499715712],[-3.062869344147391,43.23924552006486],[-3.0628560692362528,43.23627622268339],[-3.0727315706324854,43.229800837806806],[-3.0783950225580625,43.23061391577239],[-3.0808724933983584,43.22938187540721],[-3.08640036921488,43.22910625150171],[-3.0896357799187126,43.22659423403658],[-3.0975331573356795,43.22637652271809],[-3.1079813107569665,43.23425068546757],[-3.114120440988127,43.23692588066706],[-3.132612662804956,43.239518566337544],[-3.1380219818163133,43.24676599798009],[-3.136226163089124,43.261538989795746],[-3.142444469794526,43.264916002169045],[-3.1408389358244,43.267370141472995],[-3.141638704066795,43.26824404734511],[-3.1388927456333864,43.27023573417315],[-3.141775254211534,43.27138407420886],[-3.1391833430736344,43.27549230026727],[-3.136174211915156,43.27537769090488],[-3.135605507593624,43.278282456731695],[-3.1476689632207493,43.28339647563276],[-3.15215967976929,43.29835097120123],[-3.15582332457078,43.301000599569555],[-3.1507270970406442,43.30543328421383]]]}},{"type":"Feature","properties":{"cod":38,"slug":"gamiz-fika","name":"Gamiz-Fika"},"geometry":{"type":"Polygon","coordinates":[[[-2.8050181691117775,43.342235733565026],[-2.8028855463073046,43.3412776860986],[-2.8035953400740303,43.33854908763336],[-2.8006684728922338,43.33738090606016],[-2.7977683886883895,43.33780371153009],[-2.799678664121267,43.33161977086857],[-2.797847964733378,43.33014088189494],[-2.7984547704866247,43.32881981221697],[-2.7964108074910925,43.32826205117917],[-2.797336914059595,43.32736287874381],[-2.800194223842355,43.32817390482315],[-2.807471780842138,43.32245155347361],[-2.8083561858318586,43.31947603434832],[-2.7990728187742677,43.31457340437615],[-2.7976550056501717,43.31268660413214],[-2.7960352404412987,43.313324494068326],[-2.790063702628081,43.310780607457176],[-2.78966671518503,43.30997333642283],[-2.791943414655712,43.309450821369815],[-2.7890081249844765,43.303627660830486],[-2.7905739809455836,43.30043030015041],[-2.7724295403571784,43.29196137467628],[-2.7803838204418976,43.28609455848007],[-2.789783201120153,43.29280842118407],[-2.7921351993311805,43.29101764729291],[-2.793889715680845,43.291451963699906],[-2.7949850364120885,43.28919602150123],[-2.7983803131691034,43.29135272193086],[-2.8036889404511482,43.2903272340094],[-2.8153992433539146,43.29916486821125],[-2.824285339743045,43.30260079682355],[-2.8308971210895835,43.30338641966786],[-2.8445054495536244,43.310449759758704],[-2.8435678395117576,43.3119747604884],[-2.848472397728599,43.31359246499651],[-2.848685044353961,43.316305829822646],[-2.8431690309838116,43.31567348118998],[-2.840603333400761,43.32011811012386],[-2.8372691197464364,43.32007757684563],[-2.8341044291126685,43.324274027076335],[-2.8355714023529752,43.325280605734825],[-2.8325935680112178,43.32812884454247],[-2.830691725221413,43.32816737614093],[-2.814942690955718,43.339686465586524],[-2.811081058059663,43.33879509499249],[-2.8050181691117775,43.342235733565026]]]}},{"type":"Feature","properties":{"cod":39,"slug":"garai","name":"Garai"},"geometry":{"type":"Polygon","coordinates":[[[-2.635426660998647,43.2135859813542],[-2.6226566052649325,43.21010152019339],[-2.6117173994215883,43.20886701463552],[-2.6096454762271426,43.20756616164747],[-2.608850877237798,43.19789035776711],[-2.6056846677742533,43.19424543506025],[-2.6065737957022677,43.19000589707672],[-2.6051201206682664,43.18225695596066],[-2.606440905639599,43.179600951383016],[-2.6089057063339665,43.178451927157475],[-2.611003684373492,43.17907743870139],[-2.612190943129506,43.18146845955682],[-2.6144643082147865,43.1806231189108],[-2.6153998529174687,43.17813130934066],[-2.6333832114166174,43.18969945742455],[-2.6327610680973046,43.19405847490861],[-2.634538384731066,43.19564738494214],[-2.634769742576398,43.202131914477796],[-2.6397748719476257,43.208009428751645],[-2.6376993169726193,43.2132994664378],[-2.635426660998647,43.2135859813542]]]}},{"type":"Feature","properties":{"cod":40,"slug":"gatika","name":"Gatika"},"geometry":{"type":"Polygon","coordinates":[[[-2.925155309698615,43.383200051000806],[-2.9205595517726377,43.3892169861997],[-2.913536430065663,43.38588689872778],[-2.9100043330838936,43.38786677997462],[-2.902067085391041,43.38700627398408],[-2.901270835465564,43.385425573329194],[-2.8899826898057284,43.38178286285174],[-2.8769379390237164,43.37537088874874],[-2.8730851728639286,43.37444902993958],[-2.870276711843405,43.376233181381295],[-2.8689910565493393,43.37491444818776],[-2.8664702977057592,43.37485426428809],[-2.8657204315213964,43.37125969046718],[-2.8674730204188497,43.36883574110423],[-2.8662227219136054,43.36702789114948],[-2.863449530990626,43.364982120566474],[-2.859428497491745,43.366057970536446],[-2.8586960455700523,43.36278951016734],[-2.8566257939758195,43.361042488552165],[-2.8602854007753717,43.358642990724675],[-2.8699604919245836,43.356454234898344],[-2.8730803723857146,43.351886500001676],[-2.872651142744107,43.348968103094606],[-2.8686987301448093,43.34373334578532],[-2.8729848460359166,43.343197372797576],[-2.8752115807757432,43.34058256165473],[-2.8797496765878567,43.34137523099329],[-2.87916246315781,43.33930356521001],[-2.885465965876157,43.338371416361994],[-2.8855560711544346,43.336703592591796],[-2.8911193298601474,43.3322966987733],[-2.897309669697596,43.335613851808034],[-2.8953301580995037,43.33939027930855],[-2.8945092118587175,43.347117948057274],[-2.8909744737997034,43.348038679207924],[-2.897274843989148,43.35488021372259],[-2.895712508133355,43.35890184191238],[-2.903158621746951,43.358932251064964],[-2.909975402384725,43.356766378719016],[-2.9123405005259566,43.3576564222826],[-2.9149659497593046,43.3592412195766],[-2.918183769611686,43.36487985475681],[-2.9195883226900055,43.36503815974199],[-2.9192683939601904,43.36905826807879],[-2.924324724742503,43.37017018018745],[-2.9317271087258643,43.37543517817274],[-2.9293161223271627,43.380481362205366],[-2.9287519528627577,43.379846375707174],[-2.924907641266406,43.38181112679883],[-2.925155309698615,43.383200051000806]]]}},{"type":"Feature","properties":{"cod":41,"slug":"gautegiz-arteaga","name":"Gautegiz Arteaga"},"geometry":{"type":"Polygon","coordinates":[[[-2.68295089881444,43.39465260592692],[-2.676539980363074,43.394599445868664],[-2.6646482818761275,43.388638186051054],[-2.664207927713386,43.386145537305204],[-2.656790416139293,43.37695362724262],[-2.650748298034124,43.37693713645914],[-2.6498168413725325,43.37053533720881],[-2.645424341196941,43.372223922979266],[-2.648235147452342,43.37767680646319],[-2.6461085188225137,43.37827696778984],[-2.6414064624880966,43.37550721905346],[-2.641446148377198,43.37201882404538],[-2.63628242915029,43.37434989936548],[-2.6313668393877236,43.37441340040418],[-2.6298103019615113,43.37339446727683],[-2.630815262170281,43.37212267986609],[-2.6296903161362404,43.37010878983516],[-2.6275616450070114,43.369765199599755],[-2.6297559294406705,43.365774687022295],[-2.6280585310180204,43.36338856886731],[-2.637138435225369,43.35215885215867],[-2.6393957629334714,43.35016428559747],[-2.650427722304467,43.346111919869735],[-2.648884279798505,43.34387523785216],[-2.6500583013658248,43.34235598838184],[-2.651686158532302,43.34281982873993],[-2.655197470877165,43.34126043644275],[-2.657074426465042,43.34336836944639],[-2.6639826913366154,43.3431977973578],[-2.6644330473097524,43.34471458330749],[-2.6622485413894346,43.34717818716674],[-2.665659544906188,43.347908571777815],[-2.6647782164978304,43.34929656173167],[-2.660980837490549,43.350337097708994],[-2.6640892282277955,43.3517335066328],[-2.664039686566841,43.35445128652535],[-2.6696101749549648,43.3566049167407],[-2.677067713299681,43.35563878088554],[-2.674995226811969,43.36203773196337],[-2.677825945572166,43.36463075515766],[-2.6761629220736083,43.36960996031935],[-2.682443513701119,43.37216026619633],[-2.680394713695699,43.374376957965026],[-2.680755328231458,43.38024997077715],[-2.685515665289744,43.38962078983121],[-2.68295089881444,43.39465260592692]],[[-2.6797234716049436,43.392923671050475],[-2.683063390451198,43.39251985100929],[-2.681662189417495,43.38919349176916],[-2.680419252030406,43.389071526464285],[-2.681854145653806,43.38856335297375],[-2.678774942165353,43.387777119683456],[-2.678799513763735,43.38635043028688],[-2.680290991521166,43.38779856640723],[-2.681794907532151,43.387354608254974],[-2.681893867828795,43.38847548980839],[-2.682673255626844,43.38751696815982],[-2.6796019900474746,43.38391886200032],[-2.6753629954102607,43.38640555922281],[-2.67828627010325,43.38651530026039],[-2.676346847383817,43.39005362689943],[-2.6797234716049436,43.392923671050475]],[[-2.671797146189625,43.377111223626855],[-2.6747876965342443,43.37709032192444],[-2.674031462290026,43.37444283040167],[-2.671553345540401,43.37532691482466],[-2.6732834164443453,43.37547864341451],[-2.671797146189625,43.377111223626855]],[[-2.6763745841028483,43.382937201316544],[-2.6797545651914043,43.383242332804166],[-2.6781074052912506,43.381608888543305],[-2.6763745841028483,43.382937201316544]],[[-2.6750871356419132,43.3811198688492],[-2.6757214575211314,43.380281641179195],[-2.6744351047559847,43.37956564201656],[-2.6763763703706815,43.37914307857734],[-2.67577599032131,43.37855014370915],[-2.673910276098598,43.37948202591502],[-2.6750871356419132,43.3811198688492]],[[-2.670434407187559,43.371943769960815],[-2.6716137630375925,43.37048969469559],[-2.6702194577473395,43.37067747850517],[-2.670434407187559,43.371943769960815]],[[-2.6686781665856656,43.37412489638634],[-2.6699968223148436,43.37481431079774],[-2.6697036123640916,43.37393480620434],[-2.6686781665856656,43.37412489638634]],[[-2.668192664367973,43.37179645785634],[-2.6686975180433334,43.370615361060864],[-2.6677322710618725,43.37093474172873],[-2.668192664367973,43.37179645785634]],[[-2.6716816489755213,43.373395910050185],[-2.672831921197999,43.37333356362583],[-2.67344053238892,43.373274792848385],[-2.672930071152215,43.37275602606366],[-2.6716816489755213,43.373395910050185]],[[-2.6730170242787943,43.38076360463813],[-2.674403567536482,43.38040693101517],[-2.674027987289968,43.37979265594114],[-2.6730170242787943,43.38076360463813]],[[-2.670954011198039,43.37414524370024],[-2.671976573644116,43.37460335812329],[-2.6717205819321554,43.3738671368132],[-2.670954011198039,43.37414524370024]],[[-2.6707931744672293,43.38046520954169],[-2.6722995568391608,43.380482232098764],[-2.672557626016036,43.37996710453195],[-2.6722679245618264,43.379914588997146],[-2.6707931744672293,43.38046520954169]],[[-2.6750443254793477,43.386037902058085],[-2.67463706804957,43.38563703562039],[-2.6741705383634065,43.38436328521409],[-2.6743480747926487,43.385446849018216],[-2.6750443254793477,43.386037902058085]],[[-2.6681184527740665,43.37241278022446],[-2.6698855802077106,43.37236080605653],[-2.6697183278981003,43.371951068927004],[-2.6681184527740665,43.37241278022446]],[[-2.672587417400563,43.37950084769563],[-2.673765465242036,43.37948296360172],[-2.673593894824296,43.37915633169593],[-2.672587417400563,43.37950084769563]],[[-2.670496312492832,43.37206857053066],[-2.6713712264150877,43.3722718880927],[-2.6711771817187016,43.37183884450208],[-2.670496312492832,43.37206857053066]],[[-2.6701554227840414,43.375706122690865],[-2.6706695611046327,43.375842131403616],[-2.670762127184556,43.375593964084665],[-2.6701554227840414,43.375706122690865]],[[-2.673769927588218,43.3790190653704],[-2.674103696393136,43.37921001154976],[-2.6741252750101876,43.379030253509065],[-2.673769927588218,43.3790190653704]],[[-2.677508358362386,43.38387767994241],[-2.6777823624196966,43.38372825759883],[-2.6774546370402232,43.38378775382037],[-2.677508358362386,43.38387767994241]]]}},{"type":"Feature","properties":{"cod":42,"slug":"gordexola","name":"Gordexola"},"geometry":{"type":"Polygon","coordinates":[[[-3.028410437693191,43.20512157940002],[-3.016670971444465,43.20261642447179],[-3.0218444537984213,43.19964217763475],[-3.01728625081671,43.194127439585735],[-3.0211972190483958,43.193102397513684],[-3.0185842755757886,43.18220858162886],[-3.0281306191056867,43.169437898163004],[-3.0266529021092974,43.16109644800399],[-3.0661447106249513,43.155509678890795],[-3.07468434457327,43.146353873281605],[-3.0815075744200184,43.14745024021102],[-3.088092263987745,43.15063659054736],[-3.09374328756344,43.15094925114546],[-3.110801291736482,43.14299334081959],[-3.1174939310618024,43.146456867434885],[-3.1233333776923495,43.15435788243319],[-3.133324673221021,43.156070113575026],[-3.1379466178705036,43.16269849811676],[-3.1419310278964443,43.161022237868714],[-3.1409738350145364,43.166665397494874],[-3.148290124216691,43.173858474032535],[-3.137274839066533,43.181645170872926],[-3.1299378791123513,43.18025853445457],[-3.1238294164238254,43.183589791537756],[-3.1226435373756165,43.18610529833882],[-3.119153110878147,43.18744151612915],[-3.1144859501646756,43.18715029396514],[-3.1011951342850774,43.19274516073898],[-3.0960744578038084,43.19211005546889],[-3.0887706698137225,43.1944730480184],[-3.081284648991512,43.19284667449571],[-3.0757516336598094,43.19449843729061],[-3.0716366075003667,43.19029855412979],[-3.0639584318722304,43.1900554723454],[-3.05326545907919,43.19450598313135],[-3.0497371639800233,43.19304006168384],[-3.046729770357599,43.193218723825694],[-3.0430544959370813,43.19487866703715],[-3.042545353608904,43.19633213919077],[-3.0331454910000275,43.19489079156132],[-3.0333863298846073,43.196882579118274],[-3.030247546846477,43.19915841906191],[-3.028410437693191,43.20512157940002]]]}},{"type":"Feature","properties":{"cod":43,"slug":"gorliz","name":"Gorliz"},"geometry":{"type":"MultiPolygon","coordinates":[[[[-2.9350987705949807,43.4342091008554],[-2.9207138380310242,43.43725864733497],[-2.9205070638676918,43.435501204953],[-2.914822066023788,43.42967603308245],[-2.908680466507035,43.42860283013381],[-2.910970269537272,43.42307628373873],[-2.916000203216823,43.421936887504685],[-2.917079783506099,43.417589077474446],[-2.915768319577319,43.41650650676654],[-2.9206548886796955,43.41541506251336],[-2.9199358265541906,43.41281966303612],[-2.9247146629913594,43.4100548539178],[-2.928722668590154,43.41042210209938],[-2.9295874085081546,43.40847533687719],[-2.932278237104827,43.4078483616321],[-2.9250844119636854,43.40387705546103],[-2.921089314779537,43.39857596648005],[-2.930256564687048,43.38932037905048],[-2.9366932598738096,43.39323656632602],[-2.94414212243054,43.402131362859784],[-2.9419279410156762,43.40346156848182],[-2.945236561168122,43.405669291241715],[-2.943603870432488,43.40712172566916],[-2.945006481110235,43.40757515233153],[-2.943669905052389,43.41023108300983],[-2.9460766927597466,43.41297130380582],[-2.945846053527987,43.41772076371244],[-2.9479076946433134,43.418756060227494],[-2.9489508093422057,43.4173901083878],[-2.953173908100126,43.41789166146102],[-2.95046547387744,43.42013496421105],[-2.9535848851146316,43.42128523755822],[-2.9522135164467946,43.42287638469135],[-2.955462403793372,43.42240118208587],[-2.95288238207078,43.42426586433654],[-2.954011641261049,43.426905879140286],[-2.951566953984557,43.43011899525802],[-2.947407790767737,43.43015191514529],[-2.9459825658174648,43.43132020329802],[-2.9460171720712105,43.4339490562169],[-2.947755928761563,43.4346419423],[-2.946586931594599,43.43616863896772],[-2.9350987705949807,43.4342091008554]]],[[[-2.95217704921999,43.419610554581695],[-2.952903355244495,43.41936242384286],[-2.9530337146033863,43.41947701377582],[-2.95217704921999,43.419610554581695]]],[[[-2.935304851568755,43.441996581281224],[-2.935039220687872,43.439170221494116],[-2.9356235209621757,43.438531960089406],[-2.93619927707442,43.440486416757224],[-2.935304851568755,43.441996581281224]]]]}},{"type":"Feature","properties":{"cod":44,"slug":"getxo","name":"Getxo"},"geometry":{"type":"Polygon","coordinates":[[[-3.0062148996109648,43.38403000347906],[-3.0009616493939792,43.3782015628929],[-3.0063223678465754,43.37509646202432],[-3.0089232250979556,43.36983405760729],[-3.004069092350281,43.36778085528048],[-2.998622564976095,43.36260386428186],[-2.9995770654758824,43.36134495002716],[-2.9981561422100724,43.351612572551105],[-2.993043755818024,43.346019206132574],[-2.9895087714795103,43.34663934955412],[-2.974866566037482,43.34428021967456],[-2.9695445737458845,43.347168844843935],[-2.9670496334054097,43.34465534522238],[-2.9672683180680774,43.3408735874671],[-2.9677230543272555,43.33926073106577],[-2.969096618867405,43.339283891959425],[-2.990712602381072,43.34349272518113],[-2.996179818704597,43.34281634663582],[-3.0110768708810025,43.319865663594186],[-3.015229568542411,43.3212710717828],[-3.0232118258991196,43.329389067131025],[-3.020549936573342,43.3288899127321],[-3.0188383487373405,43.32680204703786],[-3.016455410170271,43.327402659579334],[-3.01829720172847,43.3287120948233],[-3.016948225544263,43.33027009328656],[-3.0182204848607435,43.328727414841154],[-3.0161703570245946,43.327845815272426],[-3.014780874552922,43.329350126892344],[-3.0158501721818576,43.329811738057636],[-3.0151238620337635,43.330670692181755],[-3.015630124192605,43.329834820037455],[-3.014117168738903,43.33000358231929],[-3.0100063211285866,43.33754263623766],[-3.01529494690519,43.34049293401647],[-3.0139611566714586,43.33926443325305],[-3.0157388451355236,43.33767426801552],[-3.0148928778598574,43.33845147452487],[-3.0154576115805445,43.33879492339512],[-3.016768863942202,43.33785034082235],[-3.015478957350493,43.338807977113575],[-3.015880209922686,43.3390523957795],[-3.017330954285199,43.33799090820923],[-3.0159004454734033,43.33906508939067],[-3.0162818380547796,43.339305187209504],[-3.017790293958944,43.33816624644601],[-3.0163035545003956,43.33931905113005],[-3.0166339910773594,43.3395296200782],[-3.0181450362085807,43.33838923357554],[-3.016654843981941,43.33954303382939],[-3.0169839263832676,43.33975522277511],[-3.0184582076652764,43.33861582813458],[-3.017006260043048,43.33976926656056],[-3.0172716736294665,43.33993644135126],[-3.0187501489933015,43.33879902335273],[-3.017292650182773,43.33994985496652],[-3.0175575725642307,43.34011946039211],[-3.0190325889803864,43.338969973206325],[-3.017577932266149,43.340132423821636],[-3.0178249640273234,43.34028978517848],[-3.019333522617569,43.33909976841711],[-3.017846681043066,43.34030319857589],[-3.0180501551372365,43.340428870204136],[-3.0195585887673846,43.339236869521],[-3.0182330237206023,43.34054283883584],[-3.02149050461559,43.34022378213132],[-3.017082690166308,43.33692021362758],[-3.02632420659668,43.338976451446285],[-3.0213272564125058,43.33908032437562],[-3.0224245792536286,43.34101051065166],[-3.027858031178913,43.341946329898164],[-3.014638025079356,43.3405954017398],[-3.0123811761159613,43.347714933229206],[-3.0204928416655097,43.35277629842546],[-3.0192744727885796,43.358343380116395],[-3.021604166265909,43.35876950808829],[-3.033392782008508,43.36689775289059],[-3.037484777237776,43.3725180883523],[-3.0396218027639192,43.3730766375627],[-3.0370685286420973,43.37308442707746],[-3.0359284071674066,43.375275855751696],[-3.0333857535253905,43.37568606074268],[-3.0312218561883597,43.379118644896906],[-3.0296622646752445,43.3782224827253],[-3.022395197289962,43.37853722283021],[-3.0158397885181407,43.38096502884284],[-3.014569737731134,43.38313581932959],[-3.010278013590613,43.38240341044018],[-3.0062148996109648,43.38403000347906]]]}},{"type":"Feature","properties":{"cod":45,"slug":"guenes","name":"Güeñes"},"geometry":{"type":"Polygon","coordinates":[[[-3.039585547975768,43.25381690824024],[-3.0319567780020806,43.252806446154835],[-3.0288334861847517,43.2450192033163],[-3.0229294384845353,43.23902106211597],[-3.016933789057454,43.23381954135049],[-3.0127774538032024,43.233901303662265],[-3.012330070242652,43.232259791855746],[-3.0170600093811237,43.22582386479516],[-3.016515032306013,43.22458489324741],[-3.0105963760700987,43.22251090303576],[-3.0068387310464892,43.21899285660412],[-3.00729056394065,43.215592005754964],[-3.005707626379712,43.2128702292215],[-2.9932075955215556,43.209833946068834],[-2.987918731003619,43.20464352445626],[-2.981526053401046,43.201952766058405],[-2.9825544278365936,43.200394831648524],[-2.988139074315994,43.20082462439084],[-3.0065043454061873,43.19602649859715],[-3.0115519188858557,43.19922928008147],[-3.0134465235330232,43.20462275122377],[-3.020077073902811,43.20681380988472],[-3.018199699835545,43.207747737785944],[-3.01907252980032,43.21101830448455],[-3.027093438123579,43.217117315875655],[-3.0328194403028763,43.21689529026621],[-3.0398552494216986,43.21076865306666],[-3.028410437693191,43.20512157940002],[-3.030247546846477,43.19915841906191],[-3.0333863298846073,43.196882579118274],[-3.0331454910000275,43.19489079156132],[-3.042545353608904,43.19633213919077],[-3.0430544959370813,43.19487866703715],[-3.046729770357599,43.193218723825694],[-3.0497371639800233,43.19304006168384],[-3.05326545907919,43.19450598313135],[-3.0639584318722304,43.1900554723454],[-3.0716366075003667,43.19029855412979],[-3.0757516336598094,43.19449843729061],[-3.081284648991512,43.19284667449571],[-3.0887706698137225,43.1944730480184],[-3.0960744578038084,43.19211005546889],[-3.1011951342850774,43.19274516073898],[-3.114414951290124,43.187285977182086],[-3.1084236609524925,43.19511138922652],[-3.107522801314352,43.21217969645647],[-3.1142434178986225,43.21420969762743],[-3.1190235790216736,43.2176716524396],[-3.1175556376948474,43.22173322847926],[-3.1201263043346255,43.22333754360903],[-3.1201595126335446,43.22682918432172],[-3.1241414572006314,43.230198914329826],[-3.125335322269634,43.233660108636585],[-3.132612662804956,43.239518566337544],[-3.114120440988127,43.23692588066706],[-3.1079813107569665,43.23425068546757],[-3.0975331573356795,43.22637652271809],[-3.0896357799187126,43.22659423403658],[-3.08640036921488,43.22910625150171],[-3.0808724933983584,43.22938187540721],[-3.0783950225580625,43.23061391577239],[-3.0727315706324854,43.229800837806806],[-3.0628560692362528,43.23627622268339],[-3.062869344147391,43.23924552006486],[-3.058917816116779,43.24435716509526],[-3.0515373209917285,43.24884813077793],[-3.0452972948174533,43.249564754212855],[-3.039585547975768,43.25381690824024]]]}},{"type":"Feature","properties":{"cod":46,"slug":"gernika-lumo","name":"Gernika-Lumo"},"geometry":{"type":"Polygon","coordinates":[[[-2.6987700501884637,43.32734854401458],[-2.6963734265553194,43.324388708711616],[-2.6886703997959804,43.32264614692865],[-2.676435820122058,43.32415125245789],[-2.676297885737293,43.3269933340362],[-2.6727532612000005,43.32582147832601],[-2.6736061807433753,43.32185515110635],[-2.6693281713331336,43.32182854605325],[-2.6658969629131253,43.31970916326093],[-2.671202917509078,43.319043612770784],[-2.672806215186539,43.31770112540098],[-2.6714752690701595,43.30891657771637],[-2.6742214083579636,43.307372220050574],[-2.676705923583894,43.30302932730648],[-2.684763698187119,43.29990380776651],[-2.6856909864445395,43.29554002320337],[-2.693089341173946,43.296005751652714],[-2.7001328072440276,43.30122837833642],[-2.7020959038618826,43.30422051546901],[-2.7129823245605102,43.305492516267634],[-2.7176713460300466,43.30779495627826],[-2.7095934591732216,43.31735057353106],[-2.706821511868187,43.326996406010906],[-2.7022270212996333,43.32646020102702],[-2.6987700501884637,43.32734854401458]]]}},{"type":"Feature","properties":{"cod":47,"slug":"gizaburuaga","name":"Gizaburuaga"},"geometry":{"type":"Polygon","coordinates":[[[-2.5200306558854577,43.34375583188343],[-2.5166411267018622,43.34241906215323],[-2.5164616140063227,43.33889068740222],[-2.518785413126334,43.339054465677535],[-2.5248315332982183,43.33595057687594],[-2.5270892386064823,43.33309477843054],[-2.526784818544117,43.3265940343704],[-2.530982979024818,43.32060141224795],[-2.5302182793025496,43.317343122499246],[-2.531429200920056,43.31419585858516],[-2.5354848548905196,43.31408093437787],[-2.5374246818899437,43.30961838203951],[-2.540870180915554,43.30989150630557],[-2.5393186319690493,43.31995904653878],[-2.5410238926075475,43.32066375605013],[-2.541539865442168,43.32207954216209],[-2.5400236884617797,43.322952300240594],[-2.5418663405679114,43.323768305427166],[-2.5421269966957665,43.325650581914935],[-2.547792718756659,43.32615234514096],[-2.5514750807460587,43.32432271071667],[-2.553333401067267,43.32785805916594],[-2.555693499581116,43.32707602109836],[-2.5586948276732273,43.32877608500102],[-2.565461588888842,43.328363111304085],[-2.5669919889862016,43.33144631170073],[-2.564450640976303,43.33445759851801],[-2.5652098522225995,43.33795803208349],[-2.559482830986726,43.33847738061187],[-2.5537025607469803,43.336989662735085],[-2.5507284142228537,43.33779148900117],[-2.5443177374347368,43.336922402280486],[-2.5366851509818957,43.342196581126395],[-2.522065386677691,43.341128816434086],[-2.5200306558854577,43.34375583188343]]]}},{"type":"Feature","properties":{"cod":48,"slug":"ibarrangelu","name":"Ibarrangelu"},"geometry":{"type":"Polygon","coordinates":[[[-2.6548325211641624,43.41271127854951],[-2.650561281705328,43.40633676447298],[-2.6437445234978783,43.40062114222059],[-2.6390875980361783,43.39985836077035],[-2.6375216995221935,43.39818704479221],[-2.630814450860861,43.39786961279344],[-2.6281200703107435,43.395108221682534],[-2.621897792774076,43.39414784397774],[-2.618721731722319,43.39169565041756],[-2.615241816215566,43.391254843163516],[-2.6117130288113697,43.392288244413415],[-2.618084995600907,43.382528688863545],[-2.6215659338475974,43.38294654209719],[-2.6225766748814743,43.379860896445386],[-2.6255427033236884,43.380459088949415],[-2.626751403352151,43.3794745283632],[-2.6237340398744933,43.37069337055285],[-2.626548087856453,43.37120630537517],[-2.6275616450070114,43.369765199599755],[-2.6296903161362404,43.37010878983516],[-2.630815262170281,43.37212267986609],[-2.6298103019615113,43.37339446727683],[-2.6313668393877236,43.37441340040418],[-2.63628242915029,43.37434989936548],[-2.641446148377198,43.37201882404538],[-2.6414064624880966,43.37550721905346],[-2.6461085188225137,43.37827696778984],[-2.648235147452342,43.37767680646319],[-2.645424341196941,43.372223922979266],[-2.6498168413725325,43.37053533720881],[-2.650748298034124,43.37693713645914],[-2.656790416139293,43.37695362724262],[-2.664207927713386,43.386145537305204],[-2.6646482818761275,43.388638186051054],[-2.676539980363074,43.394599445868664],[-2.688052772895753,43.39481061730758],[-2.692842616717829,43.39685534800645],[-2.6922047938216074,43.406691353174445],[-2.690758056188749,43.40436205298228],[-2.6874296274556535,43.40416787286267],[-2.681747728435863,43.4074365721235],[-2.6781682641503686,43.41222168665483],[-2.66744191459229,43.41258413092498],[-2.6628995786050718,43.409871302887495],[-2.658978865595398,43.40945042702912],[-2.655210779375919,43.410133190318],[-2.6561049729685213,43.41168815681611],[-2.654655899245511,43.411144964913646],[-2.6548325211641624,43.41271127854951]]]}},{"type":"Feature","properties":{"cod":49,"slug":"ispaster","name":"Ispaster"},"geometry":{"type":"Polygon","coordinates":[[[-2.5134556849053515,43.37695844568459],[-2.5121655756637638,43.37142987181913],[-2.5159835536940607,43.3643723461206],[-2.506584618226345,43.35759708650679],[-2.5055808775572643,43.35999443305057],[-2.5015579217459023,43.36058900698257],[-2.5005709135076244,43.35874976369968],[-2.5032188688768575,43.35711455225049],[-2.506141712385305,43.357141437790645],[-2.5065517176859085,43.355976853628896],[-2.503495834347784,43.3537032260924],[-2.5061271243712175,43.35142333016936],[-2.5055344011050273,43.34962337753403],[-2.5102404858264595,43.34809800081555],[-2.5166411267018622,43.34241906215323],[-2.5198600160786877,43.34397626688178],[-2.522065386677691,43.341128816434086],[-2.5366851509818957,43.342196581126395],[-2.5443177374347368,43.336922402280486],[-2.5507284142228537,43.33779148900117],[-2.5537025607469803,43.336989662735085],[-2.559482830986726,43.33847738061187],[-2.5652098522225995,43.33795803208349],[-2.5829874792821705,43.34372527429803],[-2.5996711451726,43.35497931321498],[-2.6001358044239478,43.357525974763576],[-2.59502653385681,43.35813110979129],[-2.594020581569613,43.36121437914686],[-2.588778248650561,43.361037170955626],[-2.583719859515538,43.36322011261611],[-2.581729465574317,43.370468224102616],[-2.562262644087361,43.36726739188197],[-2.560166437885153,43.3694836394504],[-2.5496623118061863,43.37443403751205],[-2.5430537158245907,43.37284653672317],[-2.533238833519191,43.377115094581754],[-2.5332655765191663,43.37570456212916],[-2.5305962660467842,43.37633061421988],[-2.528211442583369,43.37487035955604],[-2.5254944680437448,43.376129741186055],[-2.520297522485162,43.37488066041799],[-2.5134556849053515,43.37695844568459]]]}},{"type":"Feature","properties":{"cod":50,"slug":"izurtza","name":"Izurtza"},"geometry":{"type":"Polygon","coordinates":[[[-2.640785670589096,43.163327888133686],[-2.6412094133226383,43.15971855349259],[-2.639717785236935,43.15694443119011],[-2.6343917879114076,43.15514394940339],[-2.6387502001761276,43.15177710747027],[-2.632369625438497,43.14814278129846],[-2.6350535623758726,43.140375234591325],[-2.6393195214540213,43.13437279331696],[-2.647783181164778,43.13974012341474],[-2.644732972318731,43.14061866250196],[-2.646412668975538,43.14115884400242],[-2.6481649722191656,43.1400648425816],[-2.6523137448772163,43.144771845209],[-2.6557909162303175,43.144634768856584],[-2.6613373373859446,43.147155748439914],[-2.6628962494718307,43.14531868015216],[-2.675054156945221,43.150998542022286],[-2.687817035366666,43.15314616189554],[-2.6851448560653304,43.15372937719785],[-2.6690891647323545,43.1505994607486],[-2.653577360232179,43.15169004861379],[-2.6511452684288397,43.15791238417981],[-2.6446616802166267,43.162819602780864],[-2.640785670589096,43.163327888133686]]]}},{"type":"Feature","properties":{"cod":51,"slug":"lanestosa","name":"Lanestosa"},"geometry":{"type":"Polygon","coordinates":[[[-3.44974387383336,43.23612666023434],[-3.445756937465385,43.23336899676935],[-3.436617019408301,43.22010932311054],[-3.4367314776781974,43.21758369029168],[-3.4319734256553427,43.20999536432427],[-3.4341399580537955,43.19766749193935],[-3.4357193899647016,43.19812361190111],[-3.433123809009187,43.206578486611924],[-3.4442919620990473,43.221136028187765],[-3.4472773411450897,43.23061698698976],[-3.449807222950402,43.23290110679775],[-3.44974387383336,43.23612666023434]]]}},{"type":"Feature","properties":{"cod":52,"slug":"larrabetzu","name":"Larrabetzu"},"geometry":{"type":"Polygon","coordinates":[[[-2.740986089704055,43.27498630924279],[-2.7417898691641445,43.272721880540765],[-2.744595214055082,43.271954849785516],[-2.7454457702489306,43.26986453161394],[-2.744161864869097,43.26961717284431],[-2.7468189718575915,43.26568324771669],[-2.7499549821591414,43.26608032671637],[-2.7516418880906794,43.26869529984333],[-2.752923360970138,43.26812404574245],[-2.752339586040605,43.269601564742096],[-2.7575513409314367,43.26868017994778],[-2.754750510109451,43.266725087155706],[-2.7560742532948423,43.264894135369964],[-2.759297350456481,43.266013354211346],[-2.759914004354532,43.265166500599065],[-2.7567391541086024,43.26348733819417],[-2.7581603258045067,43.26309442522011],[-2.7563875164704705,43.26150854283542],[-2.757494307453541,43.25751551092452],[-2.766544909716175,43.251397971411734],[-2.7668898855209747,43.247248754500575],[-2.7731982898887497,43.245889506845465],[-2.7752117363934365,43.24366891494385],[-2.7803032398412664,43.24579211932221],[-2.7834366577626435,43.244611733940786],[-2.784311930366412,43.242697006935025],[-2.7866864885493348,43.24279267697642],[-2.787241071827378,43.24468703832011],[-2.794519847456795,43.24724642247241],[-2.8028880893887402,43.24766428773313],[-2.8177931568575496,43.25197433242038],[-2.8215368255703352,43.24994697465774],[-2.8233421056685133,43.25017030165759],[-2.8288289936652484,43.253123537274256],[-2.825869023888782,43.25874267504055],[-2.822389210115473,43.26014538665429],[-2.8191279730773218,43.25849692292512],[-2.819458926609905,43.260573023970245],[-2.817006094361042,43.25991259553782],[-2.8158485017950707,43.26213984529314],[-2.8124550512518036,43.26224382898658],[-2.814322116775859,43.26434118130961],[-2.813900643006168,43.26663065369846],[-2.8085663127524,43.265049366072276],[-2.8022030123454855,43.269415798024816],[-2.8049850727269376,43.27158502484928],[-2.807133267775959,43.2766473917492],[-2.802405628061131,43.289896494093604],[-2.7983803131691034,43.29135272193086],[-2.7949850364120885,43.28919602150123],[-2.793889715680845,43.291451963699906],[-2.7921351993311805,43.29101764729291],[-2.789783201120153,43.29280842118407],[-2.7803838204418976,43.28609455848007],[-2.7724295403571784,43.29196137467628],[-2.7537398645756084,43.280939533952775],[-2.7482398940381825,43.27578590862018],[-2.740986089704055,43.27498630924279]]]}},{"type":"Feature","properties":{"cod":53,"slug":"laukiz","name":"Laukiz"},"geometry":{"type":"Polygon","coordinates":[[[-2.9274693612204987,43.36250334541815],[-2.918183769611686,43.36487985475681],[-2.9149659497593046,43.3592412195766],[-2.910396015365138,43.35681290223669],[-2.903158621746951,43.358932251064964],[-2.895712508133355,43.35890184191238],[-2.897274843989148,43.35488021372259],[-2.8909744737997034,43.348038679207924],[-2.8945092118587175,43.347117948057274],[-2.8953301580995037,43.33939027930855],[-2.897309669697596,43.335613851808034],[-2.9016119620840644,43.337308869717],[-2.901485295977329,43.33950416129296],[-2.903988400145633,43.339057773048],[-2.903843394635636,43.3441700746428],[-2.9077434751271185,43.346213986924525],[-2.9090293837278964,43.34438052108999],[-2.9078540967382636,43.339232849657996],[-2.9130999835409814,43.33435540468909],[-2.921303727043083,43.335821703052396],[-2.925475961124681,43.33517571906511],[-2.933281198623151,43.34325321137312],[-2.9390654671211016,43.34592655725244],[-2.9356427515805983,43.35082873507783],[-2.9389422373606515,43.352545637802706],[-2.937696322720856,43.35616334642186],[-2.9276720193617622,43.35802669603526],[-2.9305022753383096,43.35948016011237],[-2.9274693612204987,43.36250334541815]]]}},{"type":"Feature","properties":{"cod":54,"slug":"leioa","name":"Leioa"},"geometry":{"type":"Polygon","coordinates":[[[-2.9907288878878213,43.34349380704813],[-2.9677230543272555,43.33926073106577],[-2.962113575713986,43.33679608423197],[-2.960655385056369,43.334952088379566],[-2.9668913757613287,43.324604931620755],[-2.973711907797759,43.31702772450252],[-2.9784508228333912,43.319144073302155],[-2.9838819795824465,43.3197693455667],[-2.992602266218453,43.313750943557764],[-3.0110768708810025,43.319865663594186],[-3.000280519653184,43.33522827156406],[-2.9970981336977616,43.34207313809544],[-2.9907288878878213,43.34349380704813]]]}},{"type":"Feature","properties":{"cod":55,"slug":"lemoa","name":"Lemoa"},"geometry":{"type":"Polygon","coordinates":[[[-2.77800283452712,43.23043456635558],[-2.7754009936601154,43.23032602357461],[-2.7737603722540993,43.22857416353356],[-2.7748550601883615,43.22655061982504],[-2.7705357987543757,43.223595419915476],[-2.767498980917791,43.22351995201641],[-2.7599175124240514,43.21959317602013],[-2.7508409684876844,43.21794373025833],[-2.7482136834578834,43.214225232240906],[-2.7473602768632914,43.20115357648614],[-2.742596249460238,43.197373920611355],[-2.7380110791674346,43.18483326756313],[-2.7402151998191684,43.184644870573166],[-2.7423806785956626,43.18720460637299],[-2.7462603421963863,43.18867979623469],[-2.754482937016975,43.18583592471881],[-2.762315360604648,43.18948031383301],[-2.773930498258909,43.187656612161405],[-2.7749156357892573,43.189290402254194],[-2.7761934446879035,43.18719578373778],[-2.785271535051196,43.188493752979035],[-2.7859706916774196,43.18686429555008],[-2.7958142297506345,43.18950313048623],[-2.7999543271203904,43.192051414753635],[-2.7942933672417634,43.199438441187034],[-2.7941366924087183,43.21404045881522],[-2.77800283452712,43.23043456635558]]]}},{"type":"Feature","properties":{"cod":56,"slug":"lemoiz","name":"Lemoiz"},"geometry":{"type":"Polygon","coordinates":[[[-2.910716420431973,43.43667859901848],[-2.9097467346680093,43.43830376210793],[-2.9060913375996624,43.43701634128521],[-2.904435365331633,43.43791973139971],[-2.902337564329957,43.43637532539904],[-2.903888064886102,43.43504236683507],[-2.903042232800506,43.43321582982374],[-2.899155096093137,43.431572315359546],[-2.8994211897386886,43.432568797312676],[-2.8985638403551195,43.432264951718025],[-2.898603128454695,43.43278472090034],[-2.897640840682052,43.43323750557531],[-2.8977375690435148,43.43339489907326],[-2.899984862541564,43.43249050312732],[-2.900467298354153,43.43297581131346],[-2.900600958735747,43.43382414252913],[-2.8998800380546785,43.43274460579131],[-2.8964171505973146,43.43416007553786],[-2.8940754157464705,43.431904307815884],[-2.8924519812645535,43.432482676366966],[-2.8924198891734276,43.434556810820375],[-2.8831000930176782,43.43530160211046],[-2.8804616302961374,43.43707427213596],[-2.8785789215931223,43.43567957805485],[-2.8752817017668413,43.435946431752676],[-2.8755863120042835,43.43502948519284],[-2.8705213313800084,43.435051596142934],[-2.8700559700425456,43.43234974707273],[-2.8635359880251365,43.429884939615256],[-2.860030041795659,43.43070892774139],[-2.8513416740260267,43.429639314959964],[-2.845644423275444,43.43243483904921],[-2.8427967114929387,43.42860606718497],[-2.847418823489186,43.425597739876935],[-2.845026751227495,43.417668470321026],[-2.846818727802975,43.418413930081876],[-2.8527596936015844,43.41596838658072],[-2.8619892286929454,43.41548051149314],[-2.8682490507080076,43.41361992467868],[-2.868384939035799,43.41110199013224],[-2.8700890472734777,43.41098949221647],[-2.8698798654591027,43.41275484471304],[-2.877351956889805,43.41425198589539],[-2.8817868112122493,43.41349091894151],[-2.8809165831400385,43.410738439802884],[-2.8853501836744986,43.404457957546164],[-2.893143657385402,43.40178208806212],[-2.8960274020856493,43.3989512235635],[-2.8956972822990896,43.39601952043402],[-2.901291446411756,43.38999518326138],[-2.902067085391041,43.38700627398408],[-2.9100043330838936,43.38786677997462],[-2.913536430065663,43.38588689872778],[-2.9205595517726377,43.3892169861997],[-2.918532072232184,43.3915180037423],[-2.9181514737361947,43.39577765583315],[-2.915340635150668,43.39480961056368],[-2.9177918246105223,43.40203954947169],[-2.9151028080621795,43.40339176470586],[-2.9170971283228058,43.404330681297935],[-2.917896066096834,43.4093464646866],[-2.9167242278479737,43.41248456546391],[-2.9184269881444305,43.41554730094159],[-2.915768319577319,43.41650650676654],[-2.917079783506099,43.417589077474446],[-2.916000203216823,43.421936887504685],[-2.910970269537272,43.42307628373873],[-2.908680466507035,43.42860283013381],[-2.914822066023788,43.42967603308245],[-2.9205070638676918,43.435501204953],[-2.9207138380310242,43.43725864733497],[-2.9186736785670555,43.43851359832426],[-2.9166295528498383,43.43764581320818],[-2.915079188722583,43.43841508870537],[-2.910716420431973,43.43667859901848]]]}},{"type":"Feature","properties":{"cod":57,"slug":"lekeitio","name":"Lekeitio"},"geometry":{"type":"Polygon","coordinates":[[[-2.509866948572206,43.37736930369678],[-2.5037353839648593,43.370474784315164],[-2.503576435527956,43.36745939196133],[-2.498805451186795,43.36672569802919],[-2.4999726889610057,43.36494953856842],[-2.501552877490325,43.36553146332705],[-2.5017994308975067,43.363741813788764],[-2.5006178428107035,43.36488446353208],[-2.5016147655552654,43.36380620176834],[-2.499179141951372,43.36266423713357],[-2.498381509603344,43.36396765410711],[-2.496183713973551,43.36514298491019],[-2.496979035223295,43.366890115527035],[-2.495020820905981,43.36840504556729],[-2.4936923008950234,43.36761344021392],[-2.4961181662440057,43.365144406993046],[-2.4914263633658957,43.367123537166364],[-2.4983119896521435,43.36356763961355],[-2.4988839906570557,43.359178562930445],[-2.5018070590458485,43.35707815600632],[-2.5045637193171353,43.35690247682304],[-2.501029401954388,43.35394164708354],[-2.5041800856649656,43.352428003911506],[-2.503495834347784,43.3537032260924],[-2.5065517176859085,43.355976853628896],[-2.506141712385305,43.357141437790645],[-2.5030386718572757,43.35720867689477],[-2.5005709135076244,43.35874976369968],[-2.5007777938797506,43.360278911073365],[-2.5055808775572643,43.35999443305057],[-2.506584618226345,43.35759708650679],[-2.5159835536940607,43.3643723461206],[-2.5121655756637638,43.37142987181913],[-2.513125737077226,43.37677109908312],[-2.509866948572206,43.37736930369678]]]}},{"type":"Feature","properties":{"cod":58,"slug":"mallabia","name":"Mallabia"},"geometry":{"type":"Polygon","coordinates":[[[-2.554521728045733,43.23122597162203],[-2.5472940302812863,43.22983662636316],[-2.5395079182821028,43.230513589983964],[-2.5344143094606553,43.22911759394182],[-2.532795692120753,43.2273438204317],[-2.5294858026715104,43.227483785380834],[-2.5238626662318295,43.22490354126529],[-2.5209905909725023,43.21872737032947],[-2.509891484115746,43.213910104261515],[-2.5089633922266574,43.21523657340523],[-2.5051277810719443,43.21237662185605],[-2.4989909062473616,43.21209318597475],[-2.499279204619245,43.209462994292934],[-2.496406314299757,43.207634668595176],[-2.5046662289250414,43.20209337060323],[-2.5081080900396997,43.19715983850936],[-2.517987952270051,43.18874101323085],[-2.5209619908208762,43.18770832046615],[-2.5254871736486186,43.17803839345022],[-2.5403367065127656,43.18119900557887],[-2.5463706624030435,43.17935225426769],[-2.549200400509092,43.185681015391225],[-2.5701194691662903,43.194538571893055],[-2.5686599746536287,43.19699408084558],[-2.568786279900907,43.20670798653467],[-2.577987518628622,43.217331421809575],[-2.5683351361680438,43.22147243147164],[-2.554521728045733,43.23122597162203]]]}},{"type":"Feature","properties":{"cod":59,"slug":"manaria","name":"Mañaria"},"geometry":{"type":"Polygon","coordinates":[[[-2.6880676245994133,43.15291803234995],[-2.675054156945221,43.150998542022286],[-2.6628962494718307,43.14531868015216],[-2.6613373373859446,43.147155748439914],[-2.6557909162303175,43.144634768856584],[-2.6523137448772163,43.144771845209],[-2.6481649722191656,43.1400648425816],[-2.646412668975538,43.14115884400242],[-2.644732972318731,43.14061866250196],[-2.647783181164778,43.13974012341474],[-2.6393195214540213,43.13437279331696],[-2.643744763124232,43.12834069611243],[-2.645428918467827,43.10761207187994],[-2.651063646010853,43.106626245918065],[-2.6509955239514174,43.102630287667814],[-2.654633774362576,43.10004142585184],[-2.6690100649051622,43.09886365477084],[-2.676464281789203,43.10094881133316],[-2.679820553434399,43.1032453209423],[-2.683050403184396,43.111013755217186],[-2.679586373924721,43.11857353671947],[-2.6802619613842196,43.123743242695426],[-2.6829784150631073,43.12705469267608],[-2.691529767601887,43.13114169647487],[-2.6936387175177123,43.133528160826934],[-2.6927494627494557,43.143755661021075],[-2.694218126878018,43.146496710427904],[-2.6880676245994133,43.15291803234995]]]}},{"type":"Feature","properties":{"cod":60,"slug":"markina-xemein","name":"Markina-Xemein"},"geometry":{"type":"Polygon","coordinates":[[[-2.494453933966818,43.3072748888353],[-2.492798363022266,43.30567149678348],[-2.48813204256376,43.30553067852489],[-2.489349785954544,43.30104778386459],[-2.4853071849820365,43.299751822609934],[-2.4750641054861444,43.303045795868734],[-2.4676616751816227,43.29517146379948],[-2.4533324475843044,43.292967536470904],[-2.4513066986128353,43.292034144762574],[-2.4499072519580753,43.28864925496035],[-2.447513545305625,43.28944164961394],[-2.4364813461931534,43.28599228283002],[-2.4294882997275886,43.28193345544805],[-2.424710876319592,43.27547914685163],[-2.4224020102239394,43.27554369065761],[-2.417874684801902,43.267453489694596],[-2.4243735525405663,43.259580478823125],[-2.429151806386283,43.25710734298947],[-2.431675277339981,43.25707434450414],[-2.4331538339393397,43.25482781472582],[-2.4390267765286597,43.2517377308643],[-2.4346456899733764,43.2553666526392],[-2.4401833440211265,43.254166101604035],[-2.443254867312612,43.25597662132217],[-2.442168331869577,43.25750635208832],[-2.4459264754692494,43.25863588168617],[-2.4474148474159674,43.26450060683232],[-2.4457727730325827,43.2677841301419],[-2.4422215376855685,43.26999182521885],[-2.441743644003577,43.26847023128082],[-2.4372605328849732,43.266660662998056],[-2.43542777164319,43.26837809179341],[-2.4321195972820524,43.26809725000876],[-2.423092124160031,43.27043200260885],[-2.4231150050757804,43.27178002166543],[-2.4324816820655615,43.272348695041416],[-2.433461723347353,43.270212341086214],[-2.437573918029297,43.26861080854515],[-2.4407586700401076,43.270534055565456],[-2.4398124817097786,43.268778293835766],[-2.4421646658755765,43.27016074502506],[-2.4437497165014324,43.270326135021904],[-2.4476345522210123,43.26831513455954],[-2.450529865550356,43.270159722129804],[-2.453407829956929,43.26952841802117],[-2.455079706176728,43.26678637709518],[-2.4521849694206415,43.26637760703376],[-2.4509106366734477,43.26098878850879],[-2.4524433706013236,43.259667679000046],[-2.454558174200561,43.25972703787018],[-2.4574562163174667,43.26393410591288],[-2.4565926053421774,43.2670503865765],[-2.4670849105793033,43.26880207691121],[-2.4769846068737924,43.2726967122963],[-2.4828124952422477,43.26917970472358],[-2.481886358475849,43.26576230288205],[-2.479388317099663,43.26418919476551],[-2.4797576692963132,43.26225595561799],[-2.487672087345036,43.26212013747797],[-2.489106958732281,43.2651025022975],[-2.493347959983347,43.2653431494963],[-2.4959258992628084,43.26492852855291],[-2.4951951893263065,43.263262237151864],[-2.501811005295497,43.262797426143955],[-2.502519352799538,43.260982018688885],[-2.5008991461427876,43.25814686771146],[-2.5065987796529012,43.25997900911282],[-2.506535185237807,43.25844055873087],[-2.5099972650128533,43.25725214801847],[-2.511752332896596,43.25854002544134],[-2.5148954438850146,43.254173348331946],[-2.5134492004007427,43.250930026798564],[-2.5079408094370583,43.248588031598054],[-2.5048517658535965,43.250939060064],[-2.5033821740871867,43.25460146228764],[-2.486866124084577,43.26125892161963],[-2.4889350297137423,43.25763921621944],[-2.492726719879695,43.25640624623941],[-2.487538166162741,43.25176174484513],[-2.4892380144284907,43.25054534226088],[-2.4878000032003236,43.24899127934014],[-2.4887723683676044,43.24681829822234],[-2.4934945389960883,43.24673935216996],[-2.49716991027873,43.244503946184885],[-2.496905350650065,43.242315815338095],[-2.4985492123992694,43.24347059006569],[-2.498409654696824,43.23893656815953],[-2.5039662946834107,43.24170776787054],[-2.5064242312353735,43.24122602303092],[-2.5092824432297007,43.24236894804795],[-2.509514494007557,43.2412026655457],[-2.5075335268720544,43.240564546908516],[-2.5098676817373713,43.23898245204075],[-2.5145613149998347,43.23855556274206],[-2.515688861220894,43.23689429327795],[-2.514132269266981,43.23551006410495],[-2.511554856722485,43.23414847349782],[-2.506263171411239,43.233700194990796],[-2.504331363425426,43.23436998497414],[-2.5022202981243047,43.2391577997044],[-2.501019599799909,43.23516817156807],[-2.498625671104755,43.236670133382894],[-2.495791144842198,43.23556387483497],[-2.492930133901504,43.238585000443],[-2.488017429372879,43.23817996941992],[-2.4876301853520073,43.23906411713837],[-2.490161306687297,43.24035454192564],[-2.4867977411654887,43.243198849715874],[-2.4808568789175824,43.24229507725208],[-2.4807199297630946,43.24351116851773],[-2.483462936479511,43.24483259771689],[-2.4815878090224155,43.24625712011092],[-2.4773412313327565,43.24327030424486],[-2.475952162725827,43.240530307119364],[-2.477600907183565,43.239086652616166],[-2.480665904890548,43.23982224389881],[-2.4852094796650035,43.238656772891964],[-2.4788893207784466,43.23187652660343],[-2.479642989024395,43.23044505802867],[-2.4681362312936304,43.23102102740304],[-2.459966597539584,43.226090317144404],[-2.4625476532649877,43.22302745357833],[-2.4739282044816644,43.22182392573431],[-2.4830413175477615,43.22450655247587],[-2.490794381777796,43.22417303220447],[-2.4939152127132513,43.22588823122747],[-2.4977281830382836,43.21995057691082],[-2.499750258204592,43.214110957513284],[-2.4989909062473616,43.21209318597475],[-2.5007104640089675,43.21194888378676],[-2.5051277810719443,43.21237662185605],[-2.5089633922266574,43.21523657340523],[-2.509891484115746,43.213910104261515],[-2.519364373962966,43.2177859491712],[-2.522364460916232,43.220361348767675],[-2.5238626662318295,43.22490354126529],[-2.5294858026715104,43.227483785380834],[-2.532795692120753,43.2273438204317],[-2.535182100563833,43.22937933141365],[-2.5260862830240205,43.24357564771773],[-2.525277582108684,43.25107049202829],[-2.527440846137497,43.25326155131179],[-2.523956309049706,43.26167537948031],[-2.521554044112676,43.263739849797936],[-2.532870081084695,43.26822168113458],[-2.5265222065711854,43.27187731158632],[-2.528420927058278,43.27638144120333],[-2.527973711884504,43.281049668619914],[-2.525805049791967,43.2885977376],[-2.5216186881869924,43.292486957097466],[-2.522419266217167,43.29356833422577],[-2.516310641092917,43.29552512012287],[-2.5120454841843536,43.300159411443076],[-2.5086209084843722,43.299653550226324],[-2.5058982576472872,43.30423272329965],[-2.5028547946346555,43.30328071718704],[-2.5022394782225788,43.305420773158986],[-2.494453933966818,43.3072748888353]]]}},{"type":"Feature","properties":{"cod":61,"slug":"maruri-jatabe","name":"Maruri-Jatabe"},"geometry":{"type":"Polygon","coordinates":[[[-2.8473932442332677,43.41827179791719],[-2.845026751227495,43.417668470321026],[-2.840435670517685,43.401798131980094],[-2.8466362769162745,43.385366709766586],[-2.845369850455675,43.3845259669986],[-2.847376570992152,43.38329144673569],[-2.848027968291291,43.380656521238734],[-2.8581855975961843,43.37852442818342],[-2.8583716170233324,43.376833885169376],[-2.8654802356870763,43.37734509805431],[-2.866178249839726,43.374680946549354],[-2.870411999086571,43.37623594605536],[-2.8732631660804375,43.374451838624054],[-2.901270835465564,43.385425573329194],[-2.9023047746088175,43.38768568504015],[-2.8956972822990896,43.39601952043402],[-2.8960274020856493,43.3989512235635],[-2.893143657385402,43.40178208806212],[-2.8853501836744986,43.404457957546164],[-2.8809165831400385,43.410738439802884],[-2.8817868112122493,43.41349091894151],[-2.877351956889805,43.41425198589539],[-2.8698798654591027,43.41275484471304],[-2.8700890472734777,43.41098949221647],[-2.868384939035799,43.41110199013224],[-2.8682490507080076,43.41361992467868],[-2.8619892286929454,43.41548051149314],[-2.8527596936015844,43.41596838658072],[-2.8473932442332677,43.41827179791719]]]}},{"type":"Feature","properties":{"cod":62,"slug":"mendata","name":"Mendata"},"geometry":{"type":"Polygon","coordinates":[[[-2.6043004402724743,43.310772898557985],[-2.5959074240356395,43.30461944277753],[-2.5972318245341075,43.30276106280364],[-2.5948325259619454,43.29798987488435],[-2.5951941874031803,43.29455985914788],[-2.5984001946862723,43.28967949288698],[-2.6027146656007907,43.28570335029067],[-2.606063809016807,43.285712232043906],[-2.625630445642631,43.2799090850894],[-2.6294198459281657,43.274481810650336],[-2.627971182291283,43.272724533961],[-2.630059854651464,43.26788302315656],[-2.6277580731695296,43.261164202173944],[-2.6221031048484127,43.25869549059033],[-2.622236254998325,43.2563892036679],[-2.6189685188746616,43.25241360693184],[-2.6188434609980855,43.24253856034206],[-2.626267442006464,43.238424225657354],[-2.63821326530088,43.24326942669441],[-2.640990144494699,43.24886108332622],[-2.6467008846158158,43.252845155907345],[-2.653951797416494,43.25584444682132],[-2.6538995852066143,43.26095200904996],[-2.655691360357665,43.26148716072064],[-2.656285485069849,43.26426796721087],[-2.6596981698436397,43.26650754451221],[-2.666004292925328,43.26775796805278],[-2.672177921812271,43.27298763088559],[-2.674100939517912,43.27689862135961],[-2.672551588183658,43.28049920483899],[-2.662048405500511,43.28306757420434],[-2.6625968649779894,43.28594833416923],[-2.6610458941962976,43.28836671392899],[-2.6623807509570843,43.292307032293074],[-2.654960691237189,43.29473315597515],[-2.655837267826235,43.30066578295172],[-2.6571496126515775,43.30120522794262],[-2.650792437785028,43.3047491173934],[-2.6493491123344204,43.30702322510993],[-2.647861308643014,43.306986958240635],[-2.6451185885535673,43.3037412386686],[-2.645642833953588,43.30030364591384],[-2.643938467749658,43.297919966175215],[-2.6416372273331192,43.29905726531805],[-2.6411103400005054,43.29668208842552],[-2.638434795131981,43.29696784305332],[-2.635480113333944,43.29533421340332],[-2.6364724431252955,43.297993911737734],[-2.629847492014742,43.29921872251741],[-2.6227332742825986,43.298136357416574],[-2.616095391556817,43.29897970418295],[-2.6043004402724743,43.310772898557985]]]}},{"type":"Feature","properties":{"cod":63,"slug":"mendexa","name":"Mendexa"},"geometry":{"type":"Polygon","coordinates":[[[-2.4914263633658957,43.367123537166364],[-2.4896596722990263,43.363987866973275],[-2.487290605197229,43.36316056335621],[-2.48368313139518,43.35657122900651],[-2.481634707623891,43.355462693012804],[-2.4789697886569058,43.35579059377992],[-2.475391649946946,43.35099239201381],[-2.47329469075075,43.35156885799102],[-2.4711567225126254,43.35008504330534],[-2.4637039737019575,43.3391289339851],[-2.4662242089700044,43.337344049145976],[-2.4785392440150487,43.33575555077432],[-2.48519900881443,43.33194006087889],[-2.4879460402225733,43.33584910759838],[-2.4966472711790515,43.337701516063035],[-2.4981596636413315,43.33704893985607],[-2.5053110760678923,43.34056683071834],[-2.50013132625335,43.34679894460301],[-2.504823816988565,43.348165082852525],[-2.5060944192489774,43.35046546858319],[-2.505686067923958,43.35190118533419],[-2.5010314292152973,43.353694211954654],[-2.5047439375797533,43.35666878000067],[-2.5018070590458485,43.35707815600632],[-2.4988839906570557,43.359178562930445],[-2.4983119896521435,43.36356763961355],[-2.4914263633658957,43.367123537166364]]]}},{"type":"Feature","properties":{"cod":64,"slug":"menaka","name":"Meñaka"},"geometry":{"type":"Polygon","coordinates":[[[-2.780061697101578,43.39465656333302],[-2.7782822145263997,43.389545433301706],[-2.7704554820894685,43.383294302318006],[-2.7653778192611482,43.37663589624496],[-2.7705492905820175,43.36535753651577],[-2.771350910288902,43.35852120359674],[-2.7798237913529635,43.357900038300095],[-2.7819132974786136,43.3557966231351],[-2.7857620604183717,43.35509398046261],[-2.7856790111286562,43.35267484851817],[-2.7896181596685605,43.35074150555242],[-2.7882128707792635,43.34569916277183],[-2.798709307287713,43.34030107285686],[-2.800431883692483,43.34238369183843],[-2.8028855463073046,43.3412776860986],[-2.8037680453726783,43.34188412911095],[-2.805749308339331,43.34733507965646],[-2.8106205854843025,43.34941429275974],[-2.8097206452939947,43.35081903726669],[-2.8115230452474673,43.35220619837186],[-2.8116501710249886,43.35630616942311],[-2.813991550199526,43.35955595147623],[-2.8114762184848385,43.360955367324074],[-2.813761731951402,43.363479745845325],[-2.8112508836216037,43.36310032155885],[-2.81008469811115,43.364929188536244],[-2.805635138380764,43.36521012785817],[-2.8025241441648547,43.36382179569217],[-2.805228996457801,43.366318162206646],[-2.80071274453613,43.36891205403018],[-2.8090234801144693,43.37375903912378],[-2.8082671386040015,43.371890780909894],[-2.8097039820047613,43.37241985385432],[-2.810504107002031,43.370153578841496],[-2.810260052844704,43.37107469496944],[-2.8139042364008167,43.369912888722],[-2.814582527075125,43.37123558120336],[-2.8117594794684244,43.37124312566571],[-2.8082966214028064,43.3767948590821],[-2.8056188766284924,43.37741408045671],[-2.8027815930638154,43.372850427334534],[-2.800746382790675,43.37398200665056],[-2.7962101162121473,43.3733678308498],[-2.7965819108423,43.3751026686284],[-2.799507098286718,43.37663211469119],[-2.798199980028661,43.37852328011067],[-2.795436451542026,43.379048734911066],[-2.791437621806927,43.37597800466406],[-2.788493075123734,43.37809720680638],[-2.794630488765792,43.37940521888815],[-2.793486061818763,43.3804396646121],[-2.798334669468665,43.38004788748538],[-2.797641263842704,43.380748652449455],[-2.798984893745469,43.38116549841312],[-2.7956379876270843,43.382556882642156],[-2.798831834579589,43.38470588181009],[-2.798434579681747,43.38611015113322],[-2.7953468870674976,43.38464666237609],[-2.793549596875597,43.3850726756121],[-2.788081789681283,43.39297184299926],[-2.784138918307266,43.39057621383182],[-2.780061697101578,43.39465656333302]]]}},{"type":"Feature","properties":{"cod":65,"slug":"ugao-miraballes","name":"Ugao-Miraballes"},"geometry":{"type":"Polygon","coordinates":[[[-2.9143068532200287,43.20413652770985],[-2.9101547836666892,43.20133357940075],[-2.911781592124105,43.19855930385154],[-2.9070465328426707,43.1949250979579],[-2.9085493426966886,43.19316416300472],[-2.9128628675073394,43.19234278129269],[-2.9110452100401503,43.19116751844937],[-2.9118627646611985,43.18902438090424],[-2.9098263737261307,43.18762966259565],[-2.9002739329763525,43.186045535775904],[-2.8987336291206214,43.18260741139147],[-2.8956093639815768,43.18317298647421],[-2.894865724405486,43.18419471049149],[-2.8965307039192085,43.184969470356265],[-2.8946365565983445,43.18450381450447],[-2.8937367148689472,43.18730464446392],[-2.8995034965826534,43.19037535637148],[-2.8993823455626004,43.19175595402393],[-2.8952099165158116,43.19109675004771],[-2.890530637940561,43.19251683573362],[-2.8811428969148,43.18792583164166],[-2.886365267750407,43.18183984253152],[-2.8922169955393118,43.17830157371017],[-2.8963349467406387,43.17622652855172],[-2.9017250386604236,43.17607388118731],[-2.902333598618126,43.17182088786209],[-2.9044946638970766,43.17053169120829],[-2.901495109093354,43.16993122798027],[-2.898688620186094,43.171277789461335],[-2.896050906733687,43.170389529261286],[-2.8953911302563844,43.168648295864635],[-2.899009806536343,43.16525501682555],[-2.901480497934932,43.15980834644256],[-2.90814900120518,43.15777186667242],[-2.9102111493341787,43.15943840826182],[-2.904483606542276,43.167363875309675],[-2.9108143627076233,43.17525432537177],[-2.907530597771658,43.17600722232609],[-2.906567191784686,43.1775496840904],[-2.9096242160096875,43.17793034167013],[-2.911662396853778,43.18007606812436],[-2.9137005770945104,43.179877266709525],[-2.9164855206425604,43.18283038766033],[-2.919013343667773,43.18323300859069],[-2.923657697287485,43.18672078848329],[-2.9162050949651013,43.191279561439806],[-2.9143120801099798,43.19054976198741],[-2.912868033915367,43.19173901428466],[-2.9147825788382495,43.192488213808126],[-2.914154058914672,43.193624598044416],[-2.9153324448571007,43.193391711961254],[-2.919191466644776,43.198762072160605],[-2.9208806142167445,43.19909525884748],[-2.918362758974689,43.203363913077176],[-2.9143068532200287,43.20413652770985]]]}},{"type":"Feature","properties":{"cod":66,"slug":"morga","name":"Morga"},"geometry":{"type":"Polygon","coordinates":[[[-2.7714325352594638,43.3237451743191],[-2.7632269992417404,43.32192828781208],[-2.7643615187164676,43.316315913728545],[-2.761156157090585,43.31713354514985],[-2.759176117878253,43.32018536857636],[-2.755369051626681,43.316255883730285],[-2.7507805893497594,43.31530337805069],[-2.747083163184293,43.320791389401755],[-2.7441796197732837,43.32031597377096],[-2.7431183407266664,43.31751281023067],[-2.745480557618609,43.316224132205626],[-2.746415633049181,43.31241465674628],[-2.7405215574475323,43.30422724380389],[-2.7347470238530396,43.303303362856596],[-2.7376516032780818,43.29624990610806],[-2.7369495677330162,43.29166260080171],[-2.7333296884196563,43.28839301344317],[-2.73376745207147,43.285583417603945],[-2.740986089704055,43.27498630924279],[-2.7482398940381825,43.27578590862018],[-2.7575364617651217,43.28345057407792],[-2.7785689850956716,43.29528982677638],[-2.7905739809455836,43.30043030015041],[-2.7890081249844765,43.303627660830486],[-2.791943414655712,43.309450821369815],[-2.788907689692383,43.31066826362529],[-2.7871543298636765,43.3097544695403],[-2.784324122396442,43.311161448896534],[-2.784143635842898,43.31446003096991],[-2.7785852904618005,43.317634238896574],[-2.7776946817283292,43.32137904775646],[-2.7714325352594638,43.3237451743191]]]}},{"type":"Feature","properties":{"cod":67,"slug":"muxika","name":"Muxika"},"geometry":{"type":"Polygon","coordinates":[[[-2.7176713460300466,43.30779495627826],[-2.7129823245605102,43.305492516267634],[-2.7020959038618826,43.30422051546901],[-2.7001328072440276,43.30122837833642],[-2.693089341173946,43.296005751652714],[-2.6856909864445395,43.29554002320337],[-2.685788683236713,43.29325374915713],[-2.6784920062581614,43.29118140992162],[-2.6760543011266322,43.28654228275451],[-2.6787022243948377,43.282063282829924],[-2.672177921812271,43.27298763088559],[-2.666004292925328,43.26775796805278],[-2.6596981698436397,43.26650754451221],[-2.656285485069849,43.26426796721087],[-2.655691360357665,43.26148716072064],[-2.6538995852066143,43.26095200904996],[-2.653951797416494,43.25584444682132],[-2.6467008846158158,43.252845155907345],[-2.640990144494699,43.24886108332622],[-2.63821326530088,43.24326942669441],[-2.626267442006464,43.238424225657354],[-2.6248231340397408,43.23637083797612],[-2.61722398686282,43.232662198011624],[-2.614166625546223,43.23226886692206],[-2.6119659716681767,43.22915290661818],[-2.6126759033304845,43.22685811899596],[-2.6248521704188708,43.222039116805576],[-2.6293009014649638,43.22480132066283],[-2.6329364562701754,43.224481399381325],[-2.6340128057952557,43.22554857584224],[-2.637578723410228,43.22505584382271],[-2.6409886976314185,43.22065932204119],[-2.64800105989128,43.22222767537712],[-2.6537409854266825,43.219458318096535],[-2.6589415332855233,43.22052560302207],[-2.660971982530471,43.217824094708824],[-2.6609373939836822,43.2132225700216],[-2.6630405257234626,43.2127774660319],[-2.662930383540777,43.21178598925669],[-2.6687154038824454,43.211114384460075],[-2.668131959503499,43.207418944877624],[-2.665661848751441,43.20714016953098],[-2.665554860039906,43.206173826774474],[-2.6671853922590114,43.20609024508643],[-2.6664610706951,43.20367405033973],[-2.6714682491557804,43.21118229445801],[-2.6691649135755435,43.211107220773506],[-2.66731359294066,43.21369062639072],[-2.670493000218029,43.216963596281126],[-2.676010667100256,43.21684554493866],[-2.6745449191554864,43.219599985621926],[-2.6704261919954204,43.21850951720763],[-2.6741431701301708,43.22519276039851],[-2.7037984901718413,43.23462136562377],[-2.7096279218321673,43.23945644121513],[-2.7187202028083397,43.24343762560243],[-2.717785066733374,43.24485149133514],[-2.7197346648110874,43.24561402954715],[-2.7142803267843125,43.24790573831909],[-2.7137641820057095,43.25024863898802],[-2.715201242873271,43.25163381487371],[-2.716714230355463,43.25156265261342],[-2.717928182874756,43.24675030425536],[-2.7190361145879502,43.24733041171109],[-2.7183889267330663,43.25104487588237],[-2.7257427713754283,43.24837034049362],[-2.729007735693699,43.24898818928171],[-2.726388519365112,43.25210919287909],[-2.7265179635785217,43.26477908146695],[-2.731923280474571,43.26797385444832],[-2.7334030131723943,43.27038731965191],[-2.7322110953198284,43.273209926238536],[-2.7387249787198504,43.27537674133611],[-2.740986089704055,43.27498630924279],[-2.73376745207147,43.285583417603945],[-2.7333296884196563,43.28839301344317],[-2.7369495677330162,43.29166260080171],[-2.737548326519523,43.297360298523664],[-2.7347470238530396,43.303303362856596],[-2.7304304523695895,43.30238623741314],[-2.7228622864920196,43.30356837495499],[-2.7223211719495883,43.30545820936626],[-2.7176713460300466,43.30779495627826]]]}},{"type":"Feature","properties":{"cod":68,"slug":"mundaka","name":"Mundaka"},"geometry":{"type":"Polygon","coordinates":[[[-2.7131318258784267,43.420413227335246],[-2.711699002568897,43.41866303652587],[-2.700631543777386,43.41535860984093],[-2.7016513003548086,43.413807020375394],[-2.6996944444070263,43.410621532988245],[-2.6969724553675665,43.411072138202364],[-2.6969342171267265,43.408634355999006],[-2.6922047938216074,43.406691353174445],[-2.692883222170959,43.39700619165154],[-2.703664334193869,43.39857070563888],[-2.7162737726982535,43.39447585086831],[-2.713607590725634,43.389653257346126],[-2.7197646901360875,43.38951255280858],[-2.72106407414323,43.39796812816447],[-2.7256990444936244,43.398729950496005],[-2.7293722227828714,43.3971437423555],[-2.7312940527899836,43.39912042992498],[-2.7236808675353106,43.40055254584163],[-2.7146922701435168,43.405866329951714],[-2.7116925730545858,43.41486306264957],[-2.7140548770362316,43.417443179271125],[-2.7131318258784267,43.420413227335246]]]}},{"type":"Feature","properties":{"cod":69,"slug":"mungia","name":"Mungia"},"geometry":{"type":"Polygon","coordinates":[[[-2.8429452539795927,43.40713251025245],[-2.81015065337204,43.39885963592875],[-2.80854818100746,43.39994560332787],[-2.8089817701261075,43.40371496202589],[-2.805726447895207,43.40395556997508],[-2.805764223663991,43.40276191415569],[-2.802294731070322,43.40123754806072],[-2.799181801375281,43.40472450043345],[-2.7963061144473023,43.40317010909647],[-2.7933292886841503,43.40427384628672],[-2.7894974729422835,43.402096874956776],[-2.785559365612341,43.402509075833706],[-2.782297700694683,43.39899486826539],[-2.778390509880516,43.39831860276663],[-2.7776053018346296,43.391991083515634],[-2.774312332888876,43.38690656099131],[-2.7782822145263997,43.389545433301706],[-2.7798575785447555,43.394692368544526],[-2.784138918307266,43.39057621383182],[-2.788081789681283,43.39297184299926],[-2.793549596875597,43.3850726756121],[-2.7953468870674976,43.38464666237609],[-2.7982681366833138,43.38630093266969],[-2.7989448767109826,43.38498161766215],[-2.7956379876270843,43.382556882642156],[-2.798984893745469,43.38116549841312],[-2.797641263842704,43.380748652449455],[-2.798334669468665,43.38004788748538],[-2.793486061818763,43.3804396646121],[-2.794630488765792,43.37940521888815],[-2.788493075123734,43.37809720680638],[-2.791437621806927,43.37597800466406],[-2.795436451542026,43.379048734911066],[-2.798199980028661,43.37852328011067],[-2.799507098286718,43.37663211469119],[-2.7965819108423,43.3751026686284],[-2.7962101162121473,43.3733678308498],[-2.800746382790675,43.37398200665056],[-2.8027815930638154,43.372850427334534],[-2.8056188766284924,43.37741408045671],[-2.8082966214028064,43.3767948590821],[-2.8117594794684244,43.37124312566571],[-2.814582527075125,43.37123558120336],[-2.8139042364008167,43.369912888722],[-2.810260052844704,43.37107469496944],[-2.810504107002031,43.370153578841496],[-2.8097039820047613,43.37241985385432],[-2.8082671386040015,43.371890780909894],[-2.8090234801144693,43.37375903912378],[-2.80071274453613,43.36891205403018],[-2.805228996457801,43.366318162206646],[-2.8025241441648547,43.36382179569217],[-2.805635138380764,43.36521012785817],[-2.81008469811115,43.364929188536244],[-2.8112508836216037,43.36310032155885],[-2.813761731951402,43.363479745845325],[-2.8114762184848385,43.360955367324074],[-2.813991550199526,43.35955595147623],[-2.8116501710249886,43.35630616942311],[-2.8115230452474673,43.35220619837186],[-2.8097206452939947,43.35081903726669],[-2.8106205854843025,43.34941429275974],[-2.805749308339331,43.34733507965646],[-2.8031912857187713,43.34268337218738],[-2.811081058059663,43.33879509499249],[-2.814942690955718,43.339686465586524],[-2.830691725221413,43.32816737614093],[-2.8315686090996164,43.32869489781796],[-2.8345619513486717,43.32656842495125],[-2.8355714023529752,43.325280605734825],[-2.8341044291126685,43.324274027076335],[-2.8371905280254204,43.32018164802675],[-2.840603333400761,43.32011811012386],[-2.8425817251833663,43.31593407765261],[-2.848685044353961,43.316305829822646],[-2.848472397728599,43.31359246499651],[-2.852662816244175,43.31506226628733],[-2.85697099620268,43.318620765083594],[-2.866322983999248,43.3183691431598],[-2.8753838459734533,43.320653031301866],[-2.88204845891964,43.32582719561234],[-2.8873583149251987,43.328004901310884],[-2.8911193298601474,43.3322966987733],[-2.8855560711544346,43.336703592591796],[-2.885465965876157,43.338371416361994],[-2.87916246315781,43.33930356521001],[-2.8797496765878567,43.34137523099329],[-2.8752115807757432,43.34058256165473],[-2.8729848460359166,43.343197372797576],[-2.8694646690939507,43.34309246846379],[-2.8686987301448093,43.34373334578532],[-2.873135680491358,43.351576895451615],[-2.8699604919245836,43.356454234898344],[-2.8602854007753717,43.358642990724675],[-2.8566257939758195,43.361042488552165],[-2.8586960455700523,43.36278951016734],[-2.859428497491745,43.366057970536446],[-2.8639491416700045,43.36508932940116],[-2.8673525906527595,43.368479563294215],[-2.8657204315213964,43.37125969046718],[-2.8667975778107295,43.372297548307415],[-2.8659103301760354,43.37717136617973],[-2.8583716170233324,43.376833885169376],[-2.8581855975961843,43.37852442818342],[-2.848008278819844,43.38068080718944],[-2.847376570992152,43.38329144673569],[-2.845369850455675,43.3845259669986],[-2.8466362769162745,43.385366709766586],[-2.840435670517685,43.401798131980094],[-2.8429452539795927,43.40713251025245]]]}},{"type":"Feature","properties":{"cod":70,"slug":"aulesti","name":"Aulesti"},"geometry":{"type":"Polygon","coordinates":[[[-2.5586948276732273,43.32877608500102],[-2.555693499581116,43.32707602109836],[-2.553333401067267,43.32785805916594],[-2.5514750807460587,43.32432271071667],[-2.547792718756659,43.32615234514096],[-2.5421269966957665,43.325650581914935],[-2.5418663405679114,43.323768305427166],[-2.5400236884617797,43.322952300240594],[-2.541539865442168,43.32207954216209],[-2.5410238926075475,43.32066375605013],[-2.5393186319690493,43.31995904653878],[-2.540870180915554,43.30989150630557],[-2.534501731727623,43.31045142377276],[-2.531708622678593,43.30724339498064],[-2.5283941740480507,43.30575347499018],[-2.5269737979400557,43.30310908457266],[-2.514466454978179,43.2983365575777],[-2.516310641092917,43.29552512012287],[-2.522419266217167,43.29356833422577],[-2.5216186881869924,43.292486957097466],[-2.525805049791967,43.2885977376],[-2.528420927058278,43.27638144120333],[-2.5265222065711854,43.27187731158632],[-2.532870081084695,43.26822168113458],[-2.5446564147989634,43.27123470564122],[-2.554243258169108,43.270637998388],[-2.561784004002721,43.273505578845864],[-2.567415389596989,43.27259278190182],[-2.572855607304568,43.27497379278693],[-2.576747968766811,43.27929085713955],[-2.5805504094001486,43.28066564372853],[-2.5888846121435334,43.27938770770448],[-2.5912538206155986,43.28297166754129],[-2.59776245840338,43.28325569421446],[-2.6027146656007907,43.28570335029067],[-2.5951941874031803,43.29455985914788],[-2.5948325259619454,43.29798987488435],[-2.5972318245341075,43.30276106280364],[-2.595913959734928,43.304563457281056],[-2.590249571677907,43.30604806382291],[-2.578663384212508,43.30496251956081],[-2.57482282121132,43.307361178465214],[-2.5691011435402,43.308415455000464],[-2.5645548352775602,43.31488198735391],[-2.562554441884634,43.323054376635646],[-2.5586948276732273,43.32877608500102]]]}},{"type":"Feature","properties":{"cod":71,"slug":"muskiz","name":"Muskiz"},"geometry":{"type":"Polygon","coordinates":[[[-3.15274919734293,43.35307728570597],[-3.1440251965699657,43.351282384981104],[-3.1313152159628865,43.35254985420747],[-3.12917456531574,43.35452761581737],[-3.1222529370008494,43.349756428009904],[-3.117340194024998,43.35007087949757],[-3.1095643999510623,43.34312672596052],[-3.1043062974894164,43.34048358402876],[-3.100084430886904,43.32965775151139],[-3.107881193288547,43.32257171716793],[-3.1081728751298217,43.31937229358505],[-3.1105314089844027,43.31897473744474],[-3.113905402230011,43.30373375700233],[-3.1124050562655956,43.29907148179536],[-3.1157289454305728,43.29924735903386],[-3.1176919604141156,43.29581774772664],[-3.116669673576321,43.293340992570805],[-3.114182289801568,43.29192140177433],[-3.1181813953492026,43.2920052250891],[-3.127167021974069,43.29564912504704],[-3.13116578222161,43.2959092554284],[-3.1370906313845692,43.298877344146646],[-3.1447517552921047,43.29950381174255],[-3.1514111958538615,43.306142664002785],[-3.1497672233096448,43.31929801995027],[-3.154460716161169,43.34096892276372],[-3.1504269183985723,43.34874188888774],[-3.15274919734293,43.35307728570597]]]}},{"type":"Feature","properties":{"cod":72,"slug":"otxandio","name":"Otxandio"},"geometry":{"type":"Polygon","coordinates":[[[-2.663078712167947,43.06891146812258],[-2.6611325036421163,43.06575659249545],[-2.6573039157775296,43.064762838794465],[-2.648293613782072,43.058798608286914],[-2.6445646047637235,43.05232600651492],[-2.6392242264141728,43.04735357457052],[-2.6334452016056145,43.04518337494532],[-2.634588755416476,43.03711331752588],[-2.633551900579584,43.03307287075083],[-2.63012875409038,43.028894061787334],[-2.633653588334794,43.02016465788117],[-2.643419920686183,43.021631356481095],[-2.6491973170667595,43.02649977560972],[-2.652617322850968,43.02776316791931],[-2.652303635449882,43.02988704305783],[-2.6563356431235996,43.02671134897006],[-2.6666315886903873,43.03137687296572],[-2.6737079534210384,43.025908247148024],[-2.6768651354289728,43.02698736334132],[-2.680895092452742,43.032314522052175],[-2.6806214467761134,43.03343362414043],[-2.6750065617155494,43.035509415004675],[-2.6744515017081483,43.0399819820691],[-2.6726019866858515,43.04035905913153],[-2.674266612514753,43.04221046748849],[-2.6729719947505313,43.04429080541013],[-2.676811661905333,43.045927026948576],[-2.6768312473073608,43.04720129075607],[-2.6703478873245987,43.0525752645001],[-2.669702640746633,43.06620677342862],[-2.663078712167947,43.06891146812258]]]}},{"type":"Feature","properties":{"cod":73,"slug":"ondarroa","name":"Ondarroa"},"geometry":{"type":"Polygon","coordinates":[[[-2.4385659349746858,43.33414945309959],[-2.4243370566430364,43.33078180030585],[-2.4167970217664125,43.32566458866289],[-2.4140585860041104,43.327055121747726],[-2.416664312433121,43.32517433460276],[-2.4191069525804108,43.32557162080869],[-2.420737106286462,43.32264080304842],[-2.4190274762957764,43.324269249337135],[-2.417366674395202,43.322392266707375],[-2.4128446971942594,43.3210823916159],[-2.419184701444974,43.322032686771905],[-2.4172323882579283,43.320854325049346],[-2.4315484284820013,43.30882801636781],[-2.436756543706387,43.30718028070957],[-2.437409226301841,43.304180825198664],[-2.4401889172264664,43.30160384420414],[-2.4441021693322136,43.30332353599233],[-2.442886506172652,43.306547925424866],[-2.449404567895094,43.30557907828684],[-2.447358604836743,43.310838960620046],[-2.44870321303331,43.31240369075675],[-2.446686309655339,43.3116827705645],[-2.444730710488743,43.31464903387851],[-2.436404095583948,43.31283053585609],[-2.436233784961784,43.311124500866136],[-2.4307538823675223,43.31144016360277],[-2.4303402268004533,43.319223361430815],[-2.4355900971027076,43.31840043813448],[-2.4425582350271884,43.32113669926694],[-2.447461063040174,43.317917946973736],[-2.4464806627441256,43.32568548988851],[-2.4358921231321484,43.326584547158774],[-2.438645837454971,43.32950575355845],[-2.4385659349746858,43.33414945309959]]]}},{"type":"Feature","properties":{"cod":74,"slug":"urduna-orduna","name":"Urduña/Orduña"},"geometry":{"type":"Polygon","coordinates":[[[-3.0418430087640944,43.04364007461496],[-3.0284713135792463,43.046210342717394],[-3.0292038925031592,43.0368020681918],[-3.024836153396711,43.03605108905063],[-3.0183443286687694,43.0373503891555],[-3.020802573357527,43.03211930367209],[-3.0325882519595972,43.02308683389123],[-3.0327236873302104,43.02019770301448],[-3.0290002287264404,43.018540515287555],[-3.0180968506038535,43.01774139816056],[-3.007869969232217,43.01328505053381],[-2.9973259252554287,43.01398084140511],[-2.9857912910804614,43.011629397163915],[-2.9842189757364284,43.007922432075226],[-2.991640044109024,43.00056308943523],[-2.9857091696381843,42.99216579052859],[-2.970945599117546,42.99677954932372],[-2.9666612733598603,42.99942488854878],[-2.9662825430047337,43.00121931194969],[-2.9555771246122693,42.998899188230084],[-2.958229048848632,42.99441024600447],[-2.9736169416808167,42.98909073986905],[-2.9827876353644287,42.98907510644802],[-2.9842490436984166,42.988206233852694],[-3.001080686826778,42.98949936541765],[-3.0034688700621306,42.987322963224194],[-3.004330233418541,42.98255886814031],[-3.009088266664044,42.981652854390035],[-3.0258337902018284,42.98212324877961],[-3.0326282102996145,42.98334116681926],[-3.037528044137142,42.98243897337204],[-3.043101802710413,42.98361956225043],[-3.04848297565233,42.99059691060624],[-3.0515284071957254,42.99141864668148],[-3.053116348046979,42.99424561278522],[-3.060557403859833,42.997928874471505],[-3.0613130954912418,43.00233691400471],[-3.060243837448063,43.0030883258635],[-3.0712465673676665,43.00531274513008],[-3.0767225893436394,43.008793990906355],[-3.0794555068747957,43.00454650151362],[-3.0891534036170047,43.001503294019585],[-3.090482290790297,43.009468686334294],[-3.0653283551085,43.0230007885424],[-3.06325968001627,43.02609203404511],[-3.0640575407347983,43.03216846428034],[-3.062494715925706,43.03559448410211],[-3.0500444584628155,43.04671181613319],[-3.047890725227763,43.04412001265508],[-3.044369078559246,43.04551432855921],[-3.0418430087640944,43.04364007461496]]]}},{"type":"Feature","properties":{"cod":75,"slug":"orozko","name":"Orozko"},"geometry":{"type":"Polygon","coordinates":[[[-2.9382002546802237,43.14517606796399],[-2.9301720608511777,43.14260641504524],[-2.9077844737047003,43.1412129981578],[-2.9069428538314406,43.13725404610749],[-2.8735058743986874,43.12818142842446],[-2.867740696970251,43.12243032971844],[-2.85176254340035,43.11899059567395],[-2.842500168000587,43.11406676679958],[-2.8374569309360624,43.10981623972367],[-2.8286937339128873,43.1091136799361],[-2.827070631257356,43.11056364122122],[-2.81297392342109,43.10385225627417],[-2.8066648282614577,43.09407700389258],[-2.8022481070401297,43.081091614712996],[-2.80137497765365,43.07178752226215],[-2.7972720211502184,43.0701692474728],[-2.795003694018514,43.06732080427192],[-2.804087402450511,43.05771848736848],[-2.8054325351904223,43.05450662808327],[-2.8024923587599244,43.05235263788725],[-2.79948551974201,43.05270850986003],[-2.796049742661209,43.050985904560726],[-2.7889696309288845,43.03451252409331],[-2.8009420851939026,43.03417413252515],[-2.80671388345928,43.0356638225734],[-2.8217138531358747,43.03559641090124],[-2.8361161596147384,43.041682015536935],[-2.847968535682481,43.044493172014526],[-2.8641700830650496,43.05173574783669],[-2.880095434588672,43.05110680125241],[-2.8891232469633876,43.04836613351312],[-2.890183663837759,43.04571607947288],[-2.8940803442093324,43.04652633151212],[-2.895846936289158,43.048896992000266],[-2.9055533738454233,43.054673391643725],[-2.9095692800648294,43.05526214065881],[-2.912305692606708,43.057584588739566],[-2.919199024252263,43.0601176360928],[-2.9219709426528113,43.06511345755556],[-2.9269048851212434,43.06736048751865],[-2.9299236360777305,43.072164011256646],[-2.9385295881593883,43.07627459482596],[-2.940960983169423,43.07929821224089],[-2.948385317674098,43.082715492864615],[-2.9581148794731784,43.09018196296565],[-2.9671737571119,43.09470468186043],[-2.9726907182915263,43.09505948532409],[-2.9751197255030215,43.099038780717585],[-2.9712876764109275,43.099877143184116],[-2.964475546201906,43.104241361230066],[-2.958024484452135,43.11459519221906],[-2.955802951659631,43.114708087745775],[-2.948244612371679,43.12448739353718],[-2.9423676874827094,43.128681763892885],[-2.9419348903537106,43.13157850657685],[-2.9354294118715547,43.13611284903394],[-2.9393310155884023,43.13971432180771],[-2.9373189180825285,43.14273184885878],[-2.9382002546802237,43.14517606796399]]]}},{"type":"Feature","properties":{"cod":76,"slug":"sukarrieta","name":"Sukarrieta"},"geometry":{"type":"MultiPolygon","coordinates":[[[[-2.6747876965342443,43.37709032192444],[-2.67180717517435,43.37687677558166],[-2.6732834164443453,43.37547864341451],[-2.6716038702662175,43.375182717952626],[-2.674031462290026,43.37444283040167],[-2.6747876965342443,43.37709032192444]]],[[[-2.674103696393136,43.37921001154976],[-2.673769927588218,43.3790190653704],[-2.6741252750101876,43.379030253509065],[-2.674103696393136,43.37921001154976]]],[[[-2.673593894824296,43.37915633169593],[-2.672777191226417,43.37981618752737],[-2.672587417400563,43.37950084769563],[-2.673593894824296,43.37915633169593]]],[[[-2.675131232281439,43.381161594816156],[-2.673910276098598,43.37948202591502],[-2.67577599032131,43.37855014370915],[-2.6763763703706815,43.37914307857734],[-2.6744351047559847,43.37956564201656],[-2.675131232281439,43.381161594816156]]],[[[-2.6732479300256182,43.38105294822132],[-2.6737868050357574,43.380338090071916],[-2.674027987289968,43.37979265594114],[-2.674403567536482,43.38040693101517],[-2.6732479300256182,43.38105294822132]]],[[[-2.6772850095196206,43.38360088263955],[-2.6774957423717716,43.3815763700164],[-2.6797545651914043,43.383242332804166],[-2.6772850095196206,43.38360088263955]]],[[[-2.677815984675075,43.383813624710044],[-2.6774546370402232,43.38378775382037],[-2.6777823624196966,43.38372825759883],[-2.677815984675075,43.383813624710044]]],[[[-2.6750443254793477,43.386037902058085],[-2.6741705383634065,43.38436328521409],[-2.675314403717851,43.38588676368491],[-2.6750443254793477,43.386037902058085]]],[[[-2.679431809279941,43.39287891210411],[-2.6763562069948326,43.38824816761654],[-2.67828627010325,43.38651530026039],[-2.6753629954102607,43.38640555922281],[-2.6796019900474746,43.38391886200032],[-2.682673255626844,43.38751696815982],[-2.681893867828795,43.38847548980839],[-2.681794907532151,43.387354608254974],[-2.680290991521166,43.38779856640723],[-2.678799513763735,43.38635043028688],[-2.678774942165353,43.387777119683456],[-2.681854145653806,43.38856335297375],[-2.680419252030406,43.389071526464285],[-2.681662189417495,43.38919349176916],[-2.6830068914319907,43.392699243399036],[-2.679431809279941,43.39287891210411]]],[[[-2.703108003374544,43.39870081779894],[-2.692883222170959,43.39700619165154],[-2.688052772895753,43.39481061730758],[-2.68295089881444,43.39465260592692],[-2.68424407320733,43.3913764885606],[-2.6946519302625704,43.39237543193212],[-2.7047337810453436,43.389507960378815],[-2.7195629563489674,43.38774168939172],[-2.7197646901360875,43.38951255280858],[-2.713607590725634,43.389653257346126],[-2.7162737726982535,43.39447585086831],[-2.703108003374544,43.39870081779894]]],[[[-2.6677322710618725,43.37093474172873],[-2.6688669121436823,43.371491628875596],[-2.668192664367973,43.37179645785634],[-2.6677322710618725,43.37093474172873]]],[[[-2.6702194577473395,43.37067747850517],[-2.67122650700633,43.37159640522153],[-2.670434407187559,43.371943769960815],[-2.6702194577473395,43.37067747850517]]],[[[-2.6711771817187016,43.37183884450208],[-2.670727674589881,43.372425004418346],[-2.670496312492832,43.37206857053066],[-2.6711771817187016,43.37183884450208]]],[[[-2.6697183278981003,43.371951068927004],[-2.668234618654679,43.372636698830526],[-2.6681184527740665,43.37241278022446],[-2.6697183278981003,43.371951068927004]]],[[[-2.672930071152215,43.37275602606366],[-2.6716816489755213,43.373395910050185],[-2.671560800299704,43.37312218667914],[-2.672930071152215,43.37275602606366]]],[[[-2.6712185921441103,43.37470671423267],[-2.6717205819321554,43.3738671368132],[-2.671976573644116,43.37460335812329],[-2.6712185921441103,43.37470671423267]]],[[[-2.6689766621116995,43.37500594963632],[-2.6697036123640916,43.37393480620434],[-2.6699968223148436,43.37481431079774],[-2.6689766621116995,43.37500594963632]]],[[[-2.670762127184556,43.375593964084665],[-2.670504163055237,43.375862365329496],[-2.6700599490324346,43.37596643718327],[-2.670762127184556,43.375593964084665]]],[[[-2.6707931744672293,43.38046520954169],[-2.67259400611907,43.38036412622683],[-2.6710149213649825,43.38082521645081],[-2.6707931744672293,43.38046520954169]]]]}},{"type":"Feature","properties":{"cod":77,"slug":"plentzia","name":"Plentzia"},"geometry":{"type":"Polygon","coordinates":[[[-2.9184269881444305,43.41554730094159],[-2.9167242278479737,43.41248456546391],[-2.917896066096834,43.4093464646866],[-2.9170971283228058,43.404330681297935],[-2.9151028080621795,43.40339176470586],[-2.9177918246105223,43.40203954947169],[-2.915340635150668,43.39480961056368],[-2.9181514737361947,43.39577765583315],[-2.918532072232184,43.3915180037423],[-2.9226021294325353,43.38443844913896],[-2.925079754361144,43.383300131400176],[-2.924907641266406,43.38181112679883],[-2.9287519528627577,43.379846375707174],[-2.9293161223271627,43.380481362205366],[-2.931705486578971,43.37402298980708],[-2.936567721867782,43.37129337390033],[-2.9403215233457556,43.371073973498454],[-2.9416775665580066,43.37298821989177],[-2.9401733929530622,43.376108762342675],[-2.9467243407207118,43.380499080444515],[-2.947353722532903,43.38389199230262],[-2.943081719308256,43.3915232219378],[-2.9409141787927338,43.39275312384182],[-2.94180974851739,43.39649872088851],[-2.950082259440734,43.39774857841416],[-2.9502824477814475,43.39923809348476],[-2.9520868626932355,43.39987944091152],[-2.949903450500364,43.40344508022788],[-2.951576320432751,43.40581163028755],[-2.946413386163898,43.40850480888396],[-2.9499047969473047,43.411552594494374],[-2.9460766927597466,43.41297130380582],[-2.9444672754888734,43.41228178411317],[-2.943641803916159,43.4093676331338],[-2.945006481110235,43.40757515233153],[-2.943603870432488,43.40712172566916],[-2.945236561168122,43.405669291241715],[-2.9419279410156762,43.40346156848182],[-2.94414212243054,43.402131362859784],[-2.9366932598738096,43.39323656632602],[-2.9300776601061687,43.3893183788698],[-2.921089314779537,43.39857596648005],[-2.9250844119636854,43.40387705546103],[-2.932298289324779,43.40780875394263],[-2.9295874085081546,43.40847533687719],[-2.928722668590154,43.41042210209938],[-2.9247146629913594,43.4100548539178],[-2.9199358265541906,43.41281966303612],[-2.9206548886796955,43.41541506251336],[-2.9184269881444305,43.41554730094159]]]}},{"type":"Feature","properties":{"cod":78,"slug":"portugalete","name":"Portugalete"},"geometry":{"type":"Polygon","coordinates":[[[-3.025417127513963,43.330493729125145],[-3.015229568542411,43.3212710717828],[-3.0064118161124047,43.31839196942968],[-3.0129810108484754,43.31267025487604],[-3.0143235400411506,43.30693848588645],[-3.0122998862046417,43.30502560254117],[-3.016776770878806,43.30651709699774],[-3.02162962969768,43.30640066313423],[-3.0261364398929427,43.30905139803916],[-3.029720359460569,43.31312681494],[-3.0331774020563773,43.3131893468433],[-3.0384797974216387,43.31608077177565],[-3.0321779171165466,43.320635887946224],[-3.0337423672226334,43.321097102134374],[-3.0325346889563805,43.32452387502162],[-3.027589237444319,43.32376897031276],[-3.0229855874494636,43.325741270213],[-3.025417127513963,43.330493729125145]]]}},{"type":"Feature","properties":{"cod":79,"slug":"errigoiti","name":"Errigoiti"},"geometry":{"type":"Polygon","coordinates":[[[-2.720566787294706,43.35447261631025],[-2.716753246843627,43.35455967399046],[-2.7159957529118564,43.352775980053146],[-2.713379692946253,43.35174536917057],[-2.7129071081332623,43.34970132620874],[-2.7072647314859175,43.34973834971774],[-2.7034787460572334,43.344272568940994],[-2.708817553863534,43.3395991504313],[-2.7085368690677405,43.331994810738934],[-2.711059922931543,43.33035697955688],[-2.7098602158235447,43.327974756759765],[-2.706821511868187,43.326996406010906],[-2.7077348309998355,43.322166800687114],[-2.7095934591732216,43.31735057353106],[-2.7176713460300466,43.30779495627826],[-2.7223211719495883,43.30545820936626],[-2.7228622864920196,43.30356837495499],[-2.7304304523695895,43.30238623741314],[-2.7405215574475323,43.30422724380389],[-2.7449478902781483,43.309806274334434],[-2.7466739445257065,43.31360941796193],[-2.745443366197025,43.316270873286875],[-2.743127090885461,43.31748491567282],[-2.74424693091298,43.32038113735932],[-2.747083163184293,43.320791389401755],[-2.7507805893497594,43.31530337805069],[-2.755369051626681,43.316255883730285],[-2.759176117878253,43.32018536857636],[-2.761156157090585,43.31713354514985],[-2.7643615187164676,43.316315913728545],[-2.7632269992417404,43.32192828781208],[-2.767783922583148,43.323474531232996],[-2.753677858087027,43.32433800650163],[-2.755587113873886,43.32781633571304],[-2.7513556176230165,43.330577829991114],[-2.7485122341501773,43.33453379996686],[-2.7503038760897724,43.338360068447656],[-2.749319754953194,43.34160639663146],[-2.7472309156869046,43.34274150461805],[-2.739166211673051,43.341979711983434],[-2.7337051655600124,43.35322603888877],[-2.7288028029575035,43.35083507296591],[-2.7275868318981136,43.352065803761406],[-2.7254401035815325,43.351337877012966],[-2.7242564545794408,43.35307083232829],[-2.7213749279209476,43.352880336644546],[-2.720566787294706,43.35447261631025]]]}},{"type":"Feature","properties":{"cod":80,"slug":"valle-de-trapaga-trapagaran","name":"Valle de Trápaga-Trapagaran"},"geometry":{"type":"Polygon","coordinates":[[[-3.028769341527712,43.312313312704134],[-3.0226127441501456,43.30682377954345],[-3.0122998862046417,43.30502560254117],[-3.004450889356843,43.29740998403337],[-3.007437689477808,43.295557037743166],[-3.0074799150395055,43.29406776007823],[-3.022120703080053,43.285556307675776],[-3.033310081764914,43.277038262888674],[-3.0429213185617447,43.2648906522284],[-3.049060975357921,43.26563043887749],[-3.0628470507081422,43.274225760951],[-3.0570816535326046,43.28434055397653],[-3.062223377715856,43.2921498436771],[-3.06035858591758,43.29559015980402],[-3.050742741233352,43.29612214037772],[-3.0463851691092954,43.3032886039862],[-3.0387842419769164,43.30710596596122],[-3.035903819034145,43.307402077318855],[-3.028769341527712,43.312313312704134]]]}},{"type":"Feature","properties":{"cod":81,"slug":"lezama","name":"Lezama"},"geometry":{"type":"Polygon","coordinates":[[[-2.8260573545069088,43.302716513081506],[-2.8153992433539146,43.29916486821125],[-2.802405628061131,43.289896494093604],[-2.807133267775959,43.2766473917492],[-2.8049850727269376,43.27158502484928],[-2.8022030123454855,43.269415798024816],[-2.8085663127524,43.265049366072276],[-2.813900643006168,43.26663065369846],[-2.814322116775859,43.26434118130961],[-2.8124550512518036,43.26224382898658],[-2.8158485017950707,43.26213984529314],[-2.817006094361042,43.25991259553782],[-2.819458926609905,43.260573023970245],[-2.8191279730773218,43.25849692292512],[-2.822389210115473,43.26014538665429],[-2.825869023888782,43.25874267504055],[-2.830207112916073,43.25012549827607],[-2.839273908025944,43.25422474461773],[-2.863548031096306,43.26030760125157],[-2.859161906072615,43.26476013930655],[-2.8574220896735962,43.27304443615544],[-2.847326271395957,43.27630072714504],[-2.848676886226761,43.279872325002714],[-2.8449377081007428,43.285149440600534],[-2.8413233872277464,43.287242834425754],[-2.839688248840498,43.29186569319547],[-2.8260573545069088,43.302716513081506]]]}},{"type":"Feature","properties":{"cod":82,"slug":"santurtzi","name":"Santurtzi"},"geometry":{"type":"Polygon","coordinates":[[[-3.054263772471195,43.34700383175574],[-3.046151113776333,43.34331513597773],[-3.0405118862083613,43.349311957116626],[-3.04528157159323,43.35179578051529],[-3.0316476398040946,43.346372519595924],[-3.0342403975016583,43.34352876761917],[-3.032193220269899,43.34330830050384],[-3.032370215092557,43.34205382680437],[-3.0384682330895836,43.34270620898375],[-3.040968691324392,43.34090578125149],[-3.0309123241557425,43.33964641289701],[-3.0313858185656186,43.337263048150184],[-3.038285138070852,43.33798284218961],[-3.042279979128197,43.33998341794249],[-3.0437510473524236,43.33914382034905],[-3.0374254043928324,43.335970878125714],[-3.028859847707755,43.33522967348917],[-3.0294187139360145,43.3317500776491],[-3.0282803661956486,43.331109239605716],[-3.031027791120315,43.331881389272944],[-3.029555016999817,43.33022070673832],[-3.0309800376702296,43.330151264597475],[-3.029212936100886,43.329122507248094],[-3.0266448131066537,43.331019676676995],[-3.029194420091952,43.32909342721254],[-3.0265137033014584,43.33076451769216],[-3.0287215874191755,43.32900206048394],[-3.025906369973884,43.32999899839291],[-3.027618491901227,43.32872183977468],[-3.029217212249984,43.329036962734456],[-3.0241003219843154,43.327885480129844],[-3.0229615545977433,43.325790440024726],[-3.027589237444319,43.32376897031276],[-3.032371935495819,43.324622881509924],[-3.0337423672226334,43.321097102134374],[-3.0321779171165466,43.320635887946224],[-3.0402319080476476,43.315285063464174],[-3.045331792514298,43.316305087069836],[-3.048578397159294,43.31899792721073],[-3.054004743763259,43.31910417924676],[-3.0656112014605004,43.32441000336645],[-3.0644225441173285,43.327045057701056],[-3.0591709031468732,43.33142438631178],[-3.0711371171565416,43.339644496244084],[-3.0696595464432064,43.34656260955293],[-3.0668384025592497,43.34667252756737],[-3.0684522324822545,43.347975700842056],[-3.0650796387241663,43.35192282756307],[-3.061553160368915,43.350316479688296],[-3.0572353242914416,43.35538872418254],[-3.0523942806041426,43.353183403528725],[-3.053735547644946,43.35341023571698],[-3.057531984840055,43.34886352978545],[-3.0564368238161004,43.348089865089186],[-3.0578327867245627,43.34663727546509],[-3.0552350788257714,43.34553838433646],[-3.054263772471195,43.34700383175574]]]}},{"type":"Feature","properties":{"cod":83,"slug":"ortuella","name":"Ortuella"},"geometry":{"type":"Polygon","coordinates":[[[-3.0656024312168895,43.32439767212542],[-3.054004743763259,43.31910417924676],[-3.048578397159294,43.31899792721073],[-3.045245072027082,43.316270543777435],[-3.0416035783825186,43.315271426072684],[-3.0384797974216387,43.31608077177565],[-3.0331774020563773,43.3131893468433],[-3.0286731859803693,43.31237447806312],[-3.035903819034145,43.307402077318855],[-3.0387842419769164,43.30710596596122],[-3.0463851691092954,43.3032886039862],[-3.050742741233352,43.29612214037772],[-3.06035858591758,43.29559015980402],[-3.062223377715856,43.2921498436771],[-3.0570816535326046,43.28434055397653],[-3.0628470507081422,43.274225760951],[-3.0755432067266275,43.28298077613973],[-3.0685304364457955,43.301653137910485],[-3.065031166644584,43.30719967903526],[-3.067937153716508,43.32246302604548],[-3.0656024312168895,43.32439767212542]]]}},{"type":"Feature","properties":{"cod":84,"slug":"sestao","name":"Sestao"},"geometry":{"type":"Polygon","coordinates":[[[-3.0129810108484754,43.31267025487604],[-3.0064118161124047,43.31839196942968],[-2.982268219633023,43.30962210055597],[-2.9793483533324827,43.30725475066212],[-2.9785430453342885,43.30239292396402],[-2.988692745489408,43.305264867376536],[-2.992131970091376,43.30299077121358],[-2.999134844558529,43.302911888005994],[-3.0014441585582494,43.29827432494996],[-3.004450889356843,43.29740998403337],[-3.0143235400411506,43.30693848588645],[-3.0129810108484754,43.31267025487604]]]}},{"type":"Feature","properties":{"cod":85,"slug":"sopela","name":"Sopela"},"geometry":{"type":"Polygon","coordinates":[[[-2.9861775407366653,43.395653213432496],[-2.9653053927256474,43.38521755358459],[-2.9649029637596738,43.38084458256117],[-2.9692107148658318,43.37520018617384],[-2.9492856221064327,43.36741895807737],[-2.960032923006083,43.35920029422758],[-2.9663228243991893,43.36315071120176],[-2.9902674495130412,43.369815262226446],[-3.0009614025305513,43.378203453838516],[-3.0061281150428583,43.38409691147709],[-3.0051303532537497,43.38592496054825],[-3.0038130043631677,43.38583028491612],[-3.0047129411166247,43.387698860972094],[-3.0022808625186728,43.38644812314648],[-3.0029746518626705,43.387442021629326],[-3.0000340760358184,43.38670234235236],[-2.996925189461195,43.388000656799235],[-2.9925896948471595,43.390772755953506],[-2.99304866721869,43.39162253684736],[-2.991296299238246,43.391808449296136],[-2.99098849805886,43.39417245893895],[-2.9894976667935373,43.39385438398136],[-2.990747531813686,43.39536922339518],[-2.9861775407366653,43.395653213432496]]]}},{"type":"Feature","properties":{"cod":86,"slug":"sopuerta","name":"Sopuerta"},"geometry":{"type":"Polygon","coordinates":[[[-3.151211598936996,43.3059545516963],[-3.15582332457078,43.301000599569555],[-3.15215967976929,43.29835097120123],[-3.1476689632207493,43.28339647563276],[-3.135605507593624,43.278282456731695],[-3.136174211915156,43.27537769090488],[-3.1391833430736344,43.27549230026727],[-3.141775254211534,43.27138407420886],[-3.1388927456333864,43.27023573417315],[-3.141638704066795,43.26824404734511],[-3.1408389358244,43.267370141472995],[-3.142444469794526,43.264916002169045],[-3.136226163089124,43.261538989795746],[-3.1380219818163133,43.24676599798009],[-3.132612662804956,43.239518566337544],[-3.1572740409613913,43.229476955374146],[-3.1706704894469957,43.229125659821484],[-3.17136832423644,43.22331242312829],[-3.176207496657767,43.217077033545394],[-3.176161530659742,43.20654001213456],[-3.1784827936243154,43.20437572138739],[-3.184704150673862,43.21057228719935],[-3.1966227320822007,43.21651320844652],[-3.198408214373819,43.218524847188384],[-3.1974819303310116,43.22515591719759],[-3.1993307960729234,43.248380818584764],[-3.2050413456700535,43.26008879294635],[-3.2037352181432843,43.263524428524065],[-3.2068807458450204,43.26712110043105],[-3.2094468178667417,43.283607730445084],[-3.2049143787285748,43.29048134241583],[-3.1983694824315565,43.29300733167453],[-3.1976202388237605,43.29518252458567],[-3.19435848575411,43.29667666701201],[-3.193283131232747,43.29871029097401],[-3.184278994039819,43.29839432178719],[-3.1805381352070365,43.29963734136087],[-3.1743013198279293,43.299138794651576],[-3.168660670011262,43.30063949556814],[-3.1575629697311003,43.30115111479638],[-3.152987669685271,43.30568061109536],[-3.151211598936996,43.3059545516963]]]}},{"type":"Feature","properties":{"cod":87,"slug":"trucios-turtzioz","name":"Trucios-Turtzioz"},"geometry":{"type":"Polygon","coordinates":[[[-3.2695671274311695,43.29212638486507],[-3.2661631803125877,43.29624685605647],[-3.257462695094143,43.29207935172568],[-3.2413216536134346,43.288987686790186],[-3.2363578303930303,43.289013269052894],[-3.2271582522664346,43.286102341206],[-3.2171189415231822,43.287034006735105],[-3.227444888578173,43.27589365883489],[-3.237220720524082,43.27683910196899],[-3.2398532266414994,43.27331063267375],[-3.247064701279573,43.26951395892447],[-3.2457014477685875,43.26672698077695],[-3.2462388351748404,43.26312467886434],[-3.2491756400600345,43.25965116042673],[-3.253077946112458,43.262114556593396],[-3.2693600745236746,43.26685183036296],[-3.2787970315540576,43.261760222889436],[-3.2886133706829375,43.261967297483594],[-3.304541563018573,43.25826578271855],[-3.3115675362683406,43.26998777491379],[-3.3093597662880563,43.272124088036584],[-3.312790072354045,43.276146771413416],[-3.3380531015288275,43.27742568832521],[-3.3432932254628653,43.290309578052494],[-3.3434353607647465,43.294560772163976],[-3.340037706214358,43.297479142924],[-3.335702678320053,43.298438332331244],[-3.333254430579214,43.302153138303986],[-3.3289641767675056,43.296679679769106],[-3.324405497476589,43.29545501522863],[-3.323214296453549,43.291413062608946],[-3.317426105231299,43.293023269453336],[-3.3138858186434166,43.296934559307374],[-3.3118185109112077,43.29592287225914],[-3.294345326085257,43.299302047754736],[-3.29110120862513,43.29597909314065],[-3.2935773039356318,43.29290687246005],[-3.2900239507028486,43.28995296588632],[-3.280882604306724,43.28940785645319],[-3.2695671274311695,43.29212638486507]]]}},{"type":"Feature","properties":{"cod":88,"slug":"ubide","name":"Ubide"},"geometry":{"type":"Polygon","coordinates":[[[-2.6886286813520424,43.03847608006386],[-2.6825895701641076,43.03669279525103],[-2.676118509908502,43.02642622013532],[-2.686610321118187,43.0218547533566],[-2.6875455084097193,43.02360059695862],[-2.691315916664622,43.02175731961103],[-2.7019196158901897,43.028261943867655],[-2.7035705934805296,43.03107562275882],[-2.7076268857357624,43.03005326949309],[-2.7072592170106202,43.03566669600078],[-2.706255873045184,43.03626809226925],[-2.7004831973265024,43.0334533775408],[-2.6886286813520424,43.03847608006386]]]}},{"type":"Feature","properties":{"cod":89,"slug":"urduliz","name":"Urduliz"},"geometry":{"type":"Polygon","coordinates":[[[-2.96487535165607,43.3820563980624],[-2.9597688579583745,43.38250016769682],[-2.958971411029162,43.384036949981194],[-2.9543453887680076,43.3832580198166],[-2.95240245101725,43.38448588954173],[-2.948939011272386,43.38334875016889],[-2.947316353327495,43.38441765683982],[-2.9468001887651445,43.38058429821916],[-2.9401733929530622,43.376108762342675],[-2.9416775665580066,43.37298821989177],[-2.9403215233457556,43.371073973498454],[-2.936567721867782,43.37129337390033],[-2.931705486578971,43.37402298980708],[-2.9317271087258643,43.37543517817274],[-2.924324724742503,43.37017018018745],[-2.9192683939601904,43.36905826807879],[-2.920038993693085,43.36451900530927],[-2.9271243244068605,43.3626836666596],[-2.9305022753383096,43.35948016011237],[-2.9276720193617622,43.35802669603526],[-2.937696322720856,43.35616334642186],[-2.9389422373606515,43.352545637802706],[-2.9356427515805983,43.35082873507783],[-2.9390654671211016,43.34592655725244],[-2.9542602074821063,43.353193191839175],[-2.960032923006083,43.35920029422758],[-2.9492856221064327,43.36741895807737],[-2.9692107148658318,43.37520018617384],[-2.96487535165607,43.3820563980624]]]}},{"type":"Feature","properties":{"cod":90,"slug":"balmaseda","name":"Balmaseda"},"geometry":{"type":"Polygon","coordinates":[[[-3.2032199839640394,43.219106211583025],[-3.198408214373819,43.218524847188384],[-3.1966227320822007,43.21651320844652],[-3.1880998277093604,43.212932213163825],[-3.1784827936243154,43.20437572138739],[-3.1857596561317654,43.19969228358426],[-3.1836514054537206,43.19845059725005],[-3.185288702664139,43.195005701258],[-3.1846309958735914,43.19141799856003],[-3.179967008285997,43.18847816306125],[-3.179083821627132,43.17523060580308],[-3.1810950175100827,43.17586642149439],[-3.1799962383884486,43.174216492896875],[-3.1857897062237144,43.16918290462227],[-3.1938599690136797,43.169713586570175],[-3.204403937357759,43.17378162082582],[-3.206289390345185,43.177716129996234],[-3.208233846850856,43.17754223664545],[-3.207813426352321,43.17979546285368],[-3.2133457405695403,43.17330298957324],[-3.2187712840744154,43.17486237271099],[-3.224807826404017,43.169868757705665],[-3.223353181073276,43.172371703684306],[-3.2276796538939005,43.17633429746291],[-3.2295601351777226,43.1761568371656],[-3.2307755597714682,43.17875047751547],[-3.2335636860826367,43.17899524335196],[-3.2371173592598255,43.18571046527667],[-3.243662677666768,43.190131211014254],[-3.248664869249184,43.196167248185354],[-3.253271934614811,43.19874952616745],[-3.2506633754403054,43.20075532051823],[-3.2502077676051475,43.20519890843293],[-3.245886827558738,43.204191639141726],[-3.23937656342255,43.207715501532846],[-3.2341124928436478,43.20901011278512],[-3.2306585640050294,43.208624341090754],[-3.2273929737283957,43.21084226606538],[-3.223191627082559,43.21755439427199],[-3.2032199839640394,43.219106211583025]]]}},{"type":"Feature","properties":{"cod":91,"slug":"atxondo","name":"Atxondo"},"geometry":{"type":"Polygon","coordinates":[[[-2.5834204124371243,43.1397887294815],[-2.580806793147177,43.137842239687885],[-2.5712297530126556,43.1349436577986],[-2.5694530522016623,43.13197969922931],[-2.568367464663219,43.121077731111804],[-2.5704382387009557,43.11731049568006],[-2.5691679559735325,43.11298562320669],[-2.5635024832262703,43.1069619362274],[-2.5583324937497576,43.104049812419554],[-2.5522568774990004,43.10274804413985],[-2.5517610227417507,43.09769263542881],[-2.5538275895594347,43.09837689096208],[-2.5527966328460763,43.096988180376506],[-2.5551627424759213,43.0962166762674],[-2.552068002001789,43.09462144884162],[-2.5555420868750933,43.09268002601386],[-2.5534638817238493,43.09030652101478],[-2.5472636013991385,43.0876623540038],[-2.5670121583689527,43.08376301158071],[-2.5825613354398724,43.08324330174311],[-2.5859816804651037,43.08136315825117],[-2.6060824673078886,43.08310552381848],[-2.611387565623578,43.08567638370779],[-2.623968699006284,43.08528861085528],[-2.6139828829058134,43.0929228847735],[-2.6163333421625325,43.09884063194491],[-2.6219445931145384,43.10467117100822],[-2.6167883335191173,43.106808354175996],[-2.6150268811663713,43.10650311855327],[-2.6166908914610407,43.11170984752361],[-2.6140445795335596,43.1154763456524],[-2.606698154787427,43.120914147130755],[-2.6015705884094884,43.12123562189629],[-2.601213962656833,43.12258096983489],[-2.6029696492963668,43.12296392946051],[-2.59931161682178,43.12559239964344],[-2.595805683675486,43.12568686681081],[-2.596473409208871,43.12820383491942],[-2.5942021795336885,43.12998759202232],[-2.5956354561198265,43.1312797320611],[-2.592246999872624,43.134702072869246],[-2.5944363310536556,43.13710451643576],[-2.592962254024185,43.13799859731446],[-2.5865162265614647,43.13761285932847],[-2.5834204124371243,43.1397887294815]]]}},{"type":"Feature","properties":{"cod":92,"slug":"bedia","name":"Bedia"},"geometry":{"type":"Polygon","coordinates":[[[-2.78974839235271,43.23123674495455],[-2.7810407487659474,43.2301312890344],[-2.7804411597574727,43.229132056295306],[-2.7941366924087183,43.21404045881522],[-2.7942933672417634,43.199438441187034],[-2.7988654767880496,43.19273918205655],[-2.805950634126012,43.18710100455454],[-2.8071481960955844,43.18743467590985],[-2.8078623517195993,43.184992516878836],[-2.813533934337911,43.18037415462499],[-2.8196853213240525,43.1777797349787],[-2.820558464255434,43.17427967751214],[-2.8322235292765394,43.1755432835276],[-2.838467840532055,43.173805156084875],[-2.8416810583986205,43.16897180915125],[-2.8489421042153937,43.1763016408324],[-2.848047502183612,43.1779824644411],[-2.8498811755546805,43.183468900216404],[-2.845865077223052,43.1890935377283],[-2.842398173524239,43.19054560926196],[-2.8359982104547137,43.19700655020826],[-2.8370483394603685,43.199178921966315],[-2.833586563180423,43.206246643951346],[-2.83433136195769,43.207639050567785],[-2.8278183818843092,43.21320301746232],[-2.8214902640624175,43.21416394054152],[-2.817105627370633,43.216186234929395],[-2.814293222525148,43.21537172728571],[-2.8149957659226708,43.21768186239743],[-2.8096185506332025,43.21806852877095],[-2.8019467233913273,43.22644575762725],[-2.796341056101147,43.223809865887695],[-2.78974839235271,43.23123674495455]]]}},{"type":"Feature","properties":{"cod":93,"slug":"areatza","name":"Areatza"},"geometry":{"type":"Polygon","coordinates":[[[-2.772376159193923,43.12822665232251],[-2.763069578008514,43.12270046142138],[-2.7658845567182166,43.1219353466254],[-2.7661925543257593,43.11920839362947],[-2.765832160110102,43.11423857209407],[-2.7638253813576132,43.11301104127763],[-2.773753956614946,43.108614644008846],[-2.7775697066605587,43.10899726944167],[-2.7811969122796647,43.107808319796526],[-2.784882026675251,43.10558992145479],[-2.789962353515332,43.09933661413405],[-2.7922381794718367,43.09083191424613],[-2.7916788765290366,43.08960172257052],[-2.7885249704676425,43.088908680198514],[-2.7848499900786425,43.084343164239215],[-2.798709031355186,43.07075098410857],[-2.80137497765365,43.07178752226215],[-2.8022481070401297,43.081091614712996],[-2.8066648282614577,43.09407700389258],[-2.8113818520879064,43.102124479661505],[-2.8023605449258744,43.11050282938128],[-2.7963878848039525,43.1122031106989],[-2.793574096004745,43.1173580602265],[-2.786836434638653,43.12068517384888],[-2.779736169406154,43.12053863429165],[-2.7773993607321223,43.12171447385053],[-2.774443261996164,43.12385851292927],[-2.772376159193923,43.12822665232251]]]}},{"type":"Feature","properties":{"cod":94,"slug":"igorre","name":"Igorre"},"geometry":{"type":"Polygon","coordinates":[[[-2.805950634126012,43.18710100455454],[-2.7999543271203904,43.192051414753635],[-2.7958142297506345,43.18950313048623],[-2.7859706916774196,43.18686429555008],[-2.785271535051196,43.188493752979035],[-2.7761934446879035,43.18719578373778],[-2.7749156357892573,43.189290402254194],[-2.773930498258909,43.187656612161405],[-2.762315360604648,43.18948031383301],[-2.754482937016975,43.18583592471881],[-2.7462603421963863,43.18867979623469],[-2.7423806785956626,43.18720460637299],[-2.7402151998191684,43.184644870573166],[-2.7380110791674346,43.18483326756313],[-2.7368134217776388,43.18207189994674],[-2.7462557449079377,43.18506580373753],[-2.748841884829387,43.18350971866617],[-2.748370750403549,43.17352244699607],[-2.7553897296718226,43.156801662120536],[-2.7630049177512186,43.15476116369504],[-2.772254679948185,43.15532978441439],[-2.778670632670797,43.15415481668025],[-2.785876249283066,43.1586363693111],[-2.7961881518658602,43.15855858063071],[-2.8004707686081045,43.160863532571604],[-2.8064922220725337,43.16797003906865],[-2.8135311972878303,43.17278192588808],[-2.820558464255434,43.17427967751214],[-2.8196853213240525,43.1777797349787],[-2.813533934337911,43.18037415462499],[-2.8078623517195993,43.184992516878836],[-2.8071481960955844,43.18743467590985],[-2.805950634126012,43.18710100455454]]]}},{"type":"Feature","properties":{"cod":95,"slug":"zaldibar","name":"Zaldibar"},"geometry":{"type":"Polygon","coordinates":[[[-2.4924816480199614,43.18087885842953],[-2.490199940324603,43.179654689313786],[-2.4897196170587117,43.17718154485854],[-2.4853455027161693,43.17226118500084],[-2.4920364481896837,43.16904962987786],[-2.499913873967399,43.16806255757212],[-2.501821395795797,43.165981224308204],[-2.507592745194712,43.1666610377733],[-2.507467450491307,43.164371836648805],[-2.5097342427634497,43.16123412048796],[-2.504781255239198,43.155771808602495],[-2.508330369422935,43.153928789367384],[-2.5107269711945643,43.15700412467129],[-2.521100833700416,43.15403932391995],[-2.5303046546483823,43.154098368130896],[-2.532359268160816,43.15251851245599],[-2.5386207623343315,43.15202633511998],[-2.5476974965321926,43.15613798162106],[-2.5530436986595677,43.15722480198352],[-2.55547206792984,43.16057189957413],[-2.5537646425935794,43.16496077374221],[-2.5551710566032373,43.16650769388715],[-2.549894695741668,43.16748821295442],[-2.554240093020689,43.172997525263405],[-2.55157613322093,43.17224962215009],[-2.552502299224182,43.17442466556194],[-2.5500778528289803,43.17642421708542],[-2.5508295399682823,43.1778958523012],[-2.542862295647147,43.18048802140232],[-2.5403367065127656,43.18119900557887],[-2.517137039174672,43.17577243020088],[-2.508808549343094,43.17493555095089],[-2.5047560951434127,43.17676415336649],[-2.498002288107309,43.17747365217145],[-2.4924816480199614,43.18087885842953]]]}},{"type":"Feature","properties":{"cod":96,"slug":"zalla","name":"Zalla"},"geometry":{"type":"Polygon","coordinates":[[[-3.1572740409613913,43.229476955374146],[-3.132612662804956,43.239518566337544],[-3.1252294271416536,43.23354847602641],[-3.1241414572006314,43.230198914329826],[-3.121666148038956,43.22918620065184],[-3.12003434038388,43.22660969033017],[-3.1200681163872646,43.22323972320585],[-3.1175556376948474,43.22173322847926],[-3.119102047902741,43.21781870831571],[-3.1172920582775125,43.21597451517136],[-3.107522801314352,43.21217969645647],[-3.1084236609524925,43.19511138922652],[-3.1144859501646756,43.18715029396514],[-3.119153110878147,43.18744151612915],[-3.1226435373756165,43.18610529833882],[-3.1238294164238254,43.183589791537756],[-3.1299378791123513,43.18025853445457],[-3.137274839066533,43.181645170872926],[-3.148290124216691,43.173858474032535],[-3.1578997634495156,43.177841230201096],[-3.162778736381928,43.17676795335949],[-3.1677843764454483,43.17847577787539],[-3.174230300181057,43.17740915926725],[-3.179083821627132,43.17523060580308],[-3.179967008285997,43.18847816306125],[-3.1846309958735914,43.19141799856003],[-3.185288702664139,43.195005701258],[-3.1836514054537206,43.19845059725005],[-3.1857596561317654,43.19969228358426],[-3.176161530659742,43.20654001213456],[-3.176207496657767,43.217077033545394],[-3.17136832423644,43.22331242312829],[-3.17095576869643,43.228711736829524],[-3.1572740409613913,43.229476955374146]]]}},{"type":"Feature","properties":{"cod":97,"slug":"zaratamo","name":"Zaratamo"},"geometry":{"type":"Polygon","coordinates":[[[-2.8667868147584636,43.23113393648481],[-2.862350724274065,43.23020489020667],[-2.853934743165902,43.215074240160064],[-2.8472256504938898,43.208149376091605],[-2.84623303708879,43.20443772386426],[-2.8510113562266515,43.20206399617344],[-2.855074071198799,43.19526115464305],[-2.8591113511289588,43.192435454082386],[-2.8583452994509337,43.190011049902324],[-2.8651830871682753,43.184830569813165],[-2.868598093040466,43.184510640349735],[-2.8784752533260196,43.19122238424496],[-2.8830774553855383,43.19655648087883],[-2.887451698636111,43.2154466494225],[-2.8779401041789225,43.218843212202586],[-2.875586385934805,43.22160126033061],[-2.8764965377422445,43.223627502047094],[-2.8667868147584636,43.23113393648481]]]}},{"type":"Feature","properties":{"cod":901,"slug":"derio","name":"Derio"},"geometry":{"type":"Polygon","coordinates":[[[-2.8873583149251987,43.328004901310884],[-2.88204845891964,43.32582719561234],[-2.8753838459734533,43.320653031301866],[-2.866322983999248,43.3183691431598],[-2.8592901168407603,43.318631025305486],[-2.8625955300909927,43.31763220302401],[-2.8617668003763583,43.31583370849005],[-2.8661049830692464,43.31475696742009],[-2.8646152243687597,43.31351339041268],[-2.8659080079507127,43.31337119995023],[-2.866250711506213,43.30988006876972],[-2.8641418768447227,43.30628888920907],[-2.864901983223801,43.30085226598156],[-2.867752491085746,43.29770398141861],[-2.8633296688653544,43.29628208559683],[-2.863628745640025,43.29479361831535],[-2.866464412522305,43.295286365109895],[-2.869628937657607,43.29172760568386],[-2.8673202048787694,43.29330580336062],[-2.8645635021233824,43.29054265411828],[-2.866210317265764,43.29096429791734],[-2.86885291401042,43.28892988034432],[-2.8692796338829862,43.2903238355373],[-2.8713352602390327,43.29044241599076],[-2.8732691814387445,43.288505337407],[-2.8758361443967404,43.290824053793166],[-2.882715611899617,43.28625434913964],[-2.883715257759256,43.28709406158167],[-2.8892538134623833,43.28633920636842],[-2.888567784519831,43.285304267397606],[-2.890635955347465,43.28536506371394],[-2.884632666666159,43.28247993262733],[-2.8882887505351222,43.27619705639177],[-2.891291770304502,43.27839852538371],[-2.8955599340974247,43.27820935217422],[-2.8925316796423584,43.28417203480732],[-2.894325179761822,43.284885792689586],[-2.8936185090908504,43.28723940021321],[-2.892105330152881,43.286058375517],[-2.891367183306583,43.28761881072264],[-2.8930882569384084,43.28792992156415],[-2.8876622237113088,43.29440229182214],[-2.8911276273895488,43.295873666418366],[-2.893569894375529,43.29207502251651],[-2.894685082277459,43.29839432872515],[-2.9028488737244205,43.30042164955196],[-2.904327620494485,43.30418520305173],[-2.8999740621679972,43.30701198700371],[-2.8923210841366185,43.30768956863328],[-2.892506348930317,43.311782423794654],[-2.8974980819504563,43.315783244806056],[-2.896417859077736,43.32017533972891],[-2.8980522069607995,43.32298380636812],[-2.8896007633706975,43.32566850999054],[-2.8873583149251987,43.328004901310884]]]}},{"type":"Feature","properties":{"cod":902,"slug":"erandio","name":"Erandio"},"geometry":{"type":"Polygon","coordinates":[[[-2.946444603672326,43.34906833320169],[-2.930983280891572,43.34133099735063],[-2.92420648638185,43.33337631365218],[-2.9241932250245872,43.329360088044176],[-2.9268842400745076,43.33177632476211],[-2.9310106777841205,43.33249727237124],[-2.9372941586225667,43.32523195003419],[-2.943755393172588,43.31455722263364],[-2.9427076333047952,43.31014958276012],[-2.9463548199884673,43.302906065227155],[-2.9432628564444636,43.30157144039978],[-2.9424860529701906,43.30412764186947],[-2.9410206256013325,43.30277287229634],[-2.937964023772508,43.303401037930634],[-2.932798940589288,43.30060353835772],[-2.932707728875472,43.299129789192804],[-2.9404146492309766,43.3003605823487],[-2.9408119326927387,43.301583975495255],[-2.9425594614610717,43.301720475882824],[-2.941712556652713,43.29747545107184],[-2.9437002162098342,43.29457434679594],[-2.9452851561775413,43.29489063795775],[-2.942715468498058,43.29077417499643],[-2.9435238363707397,43.289346172169616],[-2.946875328479684,43.28765670740572],[-2.950152754238039,43.28949800950193],[-2.9532691943149234,43.286437208755885],[-2.9603181095232713,43.28550032724048],[-2.9713676008289234,43.290106076192394],[-2.9785430453342885,43.30239292396402],[-2.980382857340867,43.30842994357279],[-2.992602266218453,43.313750943557764],[-2.9838819795824465,43.3197693455667],[-2.9784508228333912,43.319144073302155],[-2.973711907797759,43.31702772450252],[-2.9668913757613287,43.324604931620755],[-2.960655385056369,43.334952088379566],[-2.962113575713986,43.33679608423197],[-2.9677230543272555,43.33926073106577],[-2.9670496334054097,43.34465534522238],[-2.959325043470838,43.348499869888286],[-2.9529462912004503,43.346799257115016],[-2.9519175999557157,43.34889121445547],[-2.947356574099188,43.34719752305066],[-2.946444603672326,43.34906833320169]]]}},{"type":"Feature","properties":{"cod":903,"slug":"loiu","name":"Loiu"},"geometry":{"type":"Polygon","coordinates":[[[-2.9039039228493073,43.344201911561264],[-2.903988400145633,43.339057773048],[-2.901485295977329,43.33950416129296],[-2.9016119620840644,43.337308869717],[-2.8911193298601474,43.3322966987733],[-2.8873583149251987,43.328004901310884],[-2.8896007633706975,43.32566850999054],[-2.8980522069607995,43.32298380636812],[-2.896417859077736,43.32017533972891],[-2.8974980819504563,43.315783244806056],[-2.892506348930317,43.311782423794654],[-2.8923210841366185,43.30768956863328],[-2.8999740621679972,43.30701198700371],[-2.904327620494485,43.30418520305173],[-2.9028488737244205,43.30042164955196],[-2.894685082277459,43.29839432872515],[-2.8948419975547153,43.29640661320471],[-2.8987942865643714,43.29721113939366],[-2.899998046683224,43.29395900797796],[-2.905072375714361,43.29385536617615],[-2.9063529596866187,43.29273453532146],[-2.9039895107569476,43.29049168396139],[-2.904744109108558,43.28863123741003],[-2.908811485410839,43.28789554182878],[-2.9094392575058357,43.28665646234977],[-2.9107029383179377,43.2868213402144],[-2.9100880797836792,43.28801280222763],[-2.91387760426379,43.2887875953842],[-2.9129146912820345,43.2897111018917],[-2.915221311873411,43.2902158334485],[-2.916470756470595,43.29274192092846],[-2.9205078073198476,43.292960368464556],[-2.9200545466658285,43.295957962351636],[-2.916048647022202,43.295355744743645],[-2.914994958512607,43.297408200424194],[-2.917394604872417,43.298999814059364],[-2.91709354029099,43.3004512304798],[-2.919127059031482,43.30027556551213],[-2.9181498685427547,43.30239158506286],[-2.916571496482607,43.30264248383288],[-2.918898916033429,43.30338055481962],[-2.9190336852344987,43.30532582598991],[-2.9258202277211884,43.30377353158712],[-2.9294450865800004,43.30466259887427],[-2.9331561641202444,43.307756649447086],[-2.9332524759887755,43.30628121107535],[-2.935245923578353,43.30566256986681],[-2.937856666669237,43.30699994144527],[-2.9389245458952677,43.305811728507486],[-2.940923036133517,43.30691341117987],[-2.9396735288455687,43.3038823482771],[-2.9408347269284523,43.30274342125633],[-2.9424860529701906,43.30412764186947],[-2.9432628564444636,43.30157144039978],[-2.946488047366203,43.30352951687746],[-2.9427076333047952,43.31014958276012],[-2.943755393172588,43.31455722263364],[-2.9329015855073237,43.330691991213],[-2.9310106777841205,43.33249727237124],[-2.9268842400745076,43.33177632476211],[-2.9241932250245872,43.329360088044176],[-2.925475961124681,43.33517571906511],[-2.921303727043083,43.335821703052396],[-2.9130999835409814,43.33435540468909],[-2.9078540967382636,43.339232849657996],[-2.9090293837278964,43.34438052108999],[-2.9077434751271185,43.346213986924525],[-2.9039039228493073,43.344201911561264]]]}},{"type":"Feature","properties":{"cod":904,"slug":"sondika","name":"Sondika"},"geometry":{"type":"Polygon","coordinates":[[[-2.9331561641202444,43.307756649447086],[-2.9294450865800004,43.30466259887427],[-2.9258202277211884,43.30377353158712],[-2.9190336852344987,43.30532582598991],[-2.918898916033429,43.30338055481962],[-2.916571496482607,43.30264248383288],[-2.9181498685427547,43.30239158506286],[-2.919127059031482,43.30027556551213],[-2.91709354029099,43.3004512304798],[-2.917394604872417,43.298999814059364],[-2.914994958512607,43.297408200424194],[-2.916048647022202,43.295355744743645],[-2.9200545466658285,43.295957962351636],[-2.9205078073198476,43.292960368464556],[-2.916470756470595,43.29274192092846],[-2.915221311873411,43.2902158334485],[-2.9129146912820345,43.2897111018917],[-2.91387760426379,43.2887875953842],[-2.9100880797836792,43.28801280222763],[-2.9107029383179377,43.2868213402144],[-2.9088027147632105,43.286588061665995],[-2.9099387430643273,43.2852153942105],[-2.916735762503615,43.28562665297625],[-2.914929479010562,43.28043774912994],[-2.917789135003326,43.273818899364045],[-2.929597519582813,43.278233383966025],[-2.9439592188375268,43.27980804043058],[-2.948854306257761,43.28355617629882],[-2.946875328479684,43.28765670740572],[-2.942715468498058,43.29077417499643],[-2.9452851561775413,43.29489063795775],[-2.9437002162098342,43.29457434679594],[-2.941712556652713,43.29747545107184],[-2.9425594614610717,43.301720475882824],[-2.9408119326927387,43.301583975495255],[-2.9404146492309766,43.3003605823487],[-2.932707728875472,43.299129789192804],[-2.932798940589288,43.30060353835772],[-2.939960520679324,43.30354878841072],[-2.940923036133517,43.30691341117987],[-2.9389245458952677,43.305811728507486],[-2.937856666669237,43.30699994144527],[-2.935245923578353,43.30566256986681],[-2.9332524759887755,43.30628121107535],[-2.9331561641202444,43.307756649447086]]]}},{"type":"Feature","properties":{"cod":905,"slug":"zamudio","name":"Zamudio"},"geometry":{"type":"Polygon","coordinates":[[[-2.8625955300909927,43.31763220302401],[-2.85697099620268,43.318620765083594],[-2.852662816244175,43.31506226628733],[-2.8435678395117576,43.3119747604884],[-2.8448866125071195,43.310735362856846],[-2.843926558049954,43.31009437024848],[-2.8272463847804468,43.302460513055436],[-2.836898355787538,43.29486569205438],[-2.8413233872277464,43.287242834425754],[-2.8449970422059625,43.28508243646261],[-2.848676886226761,43.279872325002714],[-2.847326271395957,43.27630072714504],[-2.8574220896735962,43.27304443615544],[-2.859161906072615,43.26476013930655],[-2.863548031096306,43.26030760125157],[-2.8721030571644697,43.26380778816586],[-2.8830632232405695,43.26571455013306],[-2.8927996567541876,43.26955917634529],[-2.9019372023300094,43.270769767125955],[-2.898793400488401,43.27729963730558],[-2.9104242785401837,43.28419338860785],[-2.908811485410839,43.28789554182878],[-2.904744109108558,43.28863123741003],[-2.9039895107569476,43.29049168396139],[-2.9061961197296666,43.292998512527845],[-2.899998046683224,43.29395900797796],[-2.8987942865643714,43.29721113939366],[-2.8936797006658113,43.29683298813318],[-2.89278371872733,43.29183314437631],[-2.8911276273895488,43.295873666418366],[-2.8876622237113088,43.29440229182214],[-2.8930882569384084,43.28792992156415],[-2.891367183306583,43.28761881072264],[-2.892105330152881,43.286058375517],[-2.8936185090908504,43.28723940021321],[-2.894325179761822,43.284885792689586],[-2.8925316796423584,43.28417203480732],[-2.8955599340974247,43.27820935217422],[-2.891291770304502,43.27839852538371],[-2.8882887505351222,43.27619705639177],[-2.884632666666159,43.28247993262733],[-2.890635955347465,43.28536506371394],[-2.888567784519831,43.285304267397606],[-2.8892538134623833,43.28633920636842],[-2.883715257759256,43.28709406158167],[-2.882715611899617,43.28625434913964],[-2.8758361443967404,43.290824053793166],[-2.8732691814387445,43.288505337407],[-2.8713352602390327,43.29044241599076],[-2.8692796338829862,43.2903238355373],[-2.86885291401042,43.28892988034432],[-2.866210317265764,43.29096429791734],[-2.8645635021233824,43.29054265411828],[-2.8673202048787694,43.29330580336062],[-2.869628937657607,43.29172760568386],[-2.866464412522305,43.295286365109895],[-2.863628745640025,43.29479361831535],[-2.8633296688653544,43.29628208559683],[-2.867752491085746,43.29770398141861],[-2.864901983223801,43.30085226598156],[-2.8641418768447227,43.30628888920907],[-2.866250711506213,43.30988006876972],[-2.8659080079507127,43.31337119995023],[-2.8646152243687597,43.31351339041268],[-2.8661049830692464,43.31475696742009],[-2.8617668003763583,43.31583370849005],[-2.8625955300909927,43.31763220302401]]]}},{"type":"Feature","properties":{"cod":906,"slug":"forua","name":"Forua"},"geometry":{"type":"Polygon","coordinates":[[[-2.692676328628859,43.34521708343548],[-2.6623725925997057,43.3473248770862],[-2.6643547026265977,43.343527555345474],[-2.6609427839454174,43.34391738331196],[-2.6574486402850352,43.34169806813798],[-2.6624516582118116,43.34133907413828],[-2.6625131881135387,43.33976355068333],[-2.6665647096058436,43.33749152056585],[-2.6653928708531978,43.33567242094458],[-2.66911140550027,43.33717916497685],[-2.6731597015927395,43.33598257449762],[-2.6730301118472766,43.334315461467256],[-2.6699150425127556,43.33537112220962],[-2.6691633653580773,43.334243471389584],[-2.6729406085723553,43.33237445378565],[-2.673895524675541,43.32914013133941],[-2.6764675302406062,43.32779765151845],[-2.676435820122058,43.32415125245789],[-2.6886703997959804,43.32264614692865],[-2.6963734265553194,43.324388708711616],[-2.698426335727204,43.32743939480745],[-2.7025537146626246,43.326468164683064],[-2.7098602158235447,43.327974756759765],[-2.711059922931543,43.33035697955688],[-2.7085368690677405,43.331994810738934],[-2.708817553863534,43.3395991504313],[-2.6987988566166994,43.347076959572135],[-2.692676328628859,43.34521708343548]]]}},{"type":"Feature","properties":{"cod":907,"slug":"kortezubi","name":"Kortezubi"},"geometry":{"type":"Polygon","coordinates":[[[-2.6393957629334714,43.35016428559747],[-2.6160948177619088,43.34063629847636],[-2.6099722601778708,43.33335963085699],[-2.6096274274463545,43.32949694130044],[-2.611335262621699,43.32634972068699],[-2.602741200948534,43.322583300010244],[-2.6034768660208467,43.317523032165454],[-2.608176343626379,43.316795809579894],[-2.6190299581487757,43.317658555090226],[-2.6276946684251734,43.32362083005105],[-2.6272562263115,43.32523184981003],[-2.630773425588617,43.326036650054654],[-2.6387213610693774,43.32333490773119],[-2.6393351096149247,43.32447619269213],[-2.6504657980737614,43.32321436128391],[-2.6592299875539864,43.32475969904143],[-2.6684905440723234,43.324337856462954],[-2.676297885737293,43.3269933340362],[-2.6729406085723553,43.33237445378565],[-2.6692652014549805,43.33395850164296],[-2.6699150425127556,43.33537112220962],[-2.673098718289634,43.334357798884135],[-2.6727511844508296,43.33627108279192],[-2.66911140550027,43.33717916497685],[-2.6653928708531978,43.33567242094458],[-2.6665647096058436,43.33749152056585],[-2.6625131881135387,43.33976355068333],[-2.6623296783635375,43.341421826002964],[-2.6578225086674414,43.341381687127786],[-2.6577872485735314,43.34342011946783],[-2.6555696665901523,43.34287832313182],[-2.655197470877165,43.34126043644275],[-2.651686158532302,43.34281982873993],[-2.6500583013658248,43.34235598838184],[-2.648884279798505,43.34387523785216],[-2.650427722304467,43.346111919869735],[-2.6393957629334714,43.35016428559747]]]}},{"type":"Feature","properties":{"cod":908,"slug":"murueta","name":"Murueta"},"geometry":{"type":"Polygon","coordinates":[[[-2.681614587402484,43.36764211576246],[-2.682443513701119,43.37216026619633],[-2.6761629220736083,43.36960996031935],[-2.677841887880743,43.36483664307255],[-2.674995226811969,43.36203773196337],[-2.676635314355945,43.35512799335189],[-2.6696101749549648,43.3566049167407],[-2.6641608225915236,43.35454826080499],[-2.6641085769968815,43.3517602168544],[-2.661091063036727,43.350086288096215],[-2.6648139880066846,43.34927613624295],[-2.665637630153929,43.34740533445111],[-2.6797018910226535,43.346804012468944],[-2.6851900471228904,43.34535502254101],[-2.692676328628859,43.34521708343548],[-2.6987988566166994,43.347076959572135],[-2.7034787460572334,43.344272568940994],[-2.7060930295534336,43.34848560577658],[-2.694875269129139,43.35311040009167],[-2.699525833919065,43.36740918447671],[-2.689999293075068,43.36661108295001],[-2.686647231613162,43.36778892153681],[-2.685280455428585,43.36654038619747],[-2.681614587402484,43.36764211576246]]]}},{"type":"Feature","properties":{"cod":909,"slug":"nabarniz","name":"Nabarniz"},"geometry":{"type":"Polygon","coordinates":[[[-2.5806391656069634,43.342644608282605],[-2.5780333602264527,43.34280710085934],[-2.5653036333153736,43.33830056110498],[-2.564450640976303,43.33445759851801],[-2.5669919889862016,43.33144631170073],[-2.566034428518702,43.32936470181175],[-2.565461588888842,43.328363111304085],[-2.5586948276732273,43.32877608500102],[-2.55914598915738,43.326837252834245],[-2.562554441884634,43.323054376635646],[-2.5645548352775602,43.31488198735391],[-2.569111422752689,43.30840910046662],[-2.57482282121132,43.307361178465214],[-2.578663384212508,43.30496251956081],[-2.590249571677907,43.30604806382291],[-2.595913959734928,43.304563457281056],[-2.6041956737493144,43.310936689683416],[-2.602741200948534,43.322583300010244],[-2.611335262621699,43.32634972068699],[-2.609827771516412,43.330552508723095],[-2.6028557566248858,43.33256381196725],[-2.5986305311567346,43.33589497328726],[-2.5949738123504793,43.335996800497504],[-2.5917035585607953,43.33805225635984],[-2.586904925092003,43.338158207639864],[-2.5806391656069634,43.342644608282605]]]}},{"type":"Feature","properties":{"cod":910,"slug":"iurreta","name":"Iurreta"},"geometry":{"type":"Polygon","coordinates":[[[-2.6478520183651795,43.22221542050425],[-2.641417481191079,43.22065058152874],[-2.6411572609925558,43.22156194475352],[-2.639012407178763,43.22125777069484],[-2.6379214908598745,43.2168239944796],[-2.63564130160618,43.21479717243436],[-2.6395215522020146,43.21038813569534],[-2.6397748719476257,43.208009428751645],[-2.634769742576398,43.202131914477796],[-2.634538384731066,43.19564738494214],[-2.6327610680973046,43.19405847490861],[-2.6333832114166174,43.18969945742455],[-2.6150714349466817,43.17778144912056],[-2.617544580137081,43.17452820477281],[-2.6221847168314274,43.173613695589864],[-2.6221647935620096,43.17253467413275],[-2.6333180024688168,43.17513976295354],[-2.6374411211313853,43.17332420734475],[-2.64378988493279,43.17351253935868],[-2.64756171921008,43.16536054794994],[-2.6514353648920883,43.16216507739925],[-2.6522493077073164,43.16418535465692],[-2.659767289635859,43.16291090301023],[-2.6602497882894807,43.16414590732562],[-2.664167376879242,43.16516718379784],[-2.6680522305743466,43.164374480265614],[-2.6735273927034786,43.16527432733327],[-2.6741682945366043,43.17036927820015],[-2.6770349803318676,43.17038686115657],[-2.6775723327521037,43.17670704989914],[-2.676760812601387,43.178633498313296],[-2.6704708619716166,43.182857894173466],[-2.674052714041794,43.18937114175428],[-2.6782316460183915,43.19105722991397],[-2.674693228894946,43.196978848869755],[-2.671001265609771,43.19568006906293],[-2.66692459625556,43.20010753399962],[-2.6686212210747975,43.201313786379956],[-2.666348227822819,43.203057885797755],[-2.6671853922590114,43.20609024508643],[-2.665554860039906,43.206173826774474],[-2.665661848751441,43.20714016953098],[-2.668131959503499,43.207418944877624],[-2.6687154038824454,43.211114384460075],[-2.662930383540777,43.21178598925669],[-2.6630405257234626,43.2127774660319],[-2.6609373939836822,43.2132225700216],[-2.660971982530471,43.217824094708824],[-2.659052637095476,43.220473796794366],[-2.6537409854266825,43.219458318096535],[-2.6478520183651795,43.22221542050425]]]}},{"type":"Feature","properties":{"cod":911,"slug":"ajangiz","name":"Ajangiz"},"geometry":{"type":"Polygon","coordinates":[[[-2.6658433812522775,43.31967460925473],[-2.6476565070543354,43.31040185957049],[-2.6462621878398704,43.30756336062714],[-2.6493491123344204,43.30702322510993],[-2.650792437785028,43.3047491173934],[-2.6571496126515775,43.30120522794262],[-2.655837267826235,43.30066578295172],[-2.654960691237189,43.29473315597515],[-2.6623807509570843,43.292307032293074],[-2.6610458941962976,43.28836671392899],[-2.6625968649779894,43.28594833416923],[-2.662048405500511,43.28306757420434],[-2.672551588183658,43.28049920483899],[-2.674100939517912,43.27689862135961],[-2.6787022243948377,43.282063282829924],[-2.6763933813158514,43.28810221375689],[-2.678917003018966,43.29147012125315],[-2.685788683236713,43.29325374915713],[-2.6857616254821766,43.29867625384416],[-2.682780858581226,43.30085209403014],[-2.679814201239774,43.30126200209784],[-2.6786927332858212,43.30304420032536],[-2.676705923583894,43.30302932730648],[-2.6742214083579636,43.307372220050574],[-2.6714752690701595,43.30891657771637],[-2.672806215186539,43.31770112540098],[-2.671202917509078,43.319043612770784],[-2.6658433812522775,43.31967460925473]]]}},{"type":"Feature","properties":{"cod":912,"slug":"alonsotegi","name":"Alonsotegi"},"geometry":{"type":"Polygon","coordinates":[[[-2.9955963452633223,43.256154445975895],[-2.9881069152437427,43.25609862373189],[-2.9851237507096657,43.25460727857783],[-2.983436269019265,43.25163315751708],[-2.9814541175905416,43.25167535549517],[-2.9777443560489765,43.249289890517986],[-2.9782560622891086,43.24827452917664],[-2.981571454528081,43.24820991728806],[-2.9844877934814362,43.245932160734405],[-2.986066162801028,43.24614847671814],[-2.9732703839228884,43.234593428636025],[-2.9690894285612965,43.23224043205919],[-2.961407934635338,43.23092647046765],[-2.9477631104321405,43.223616235598094],[-2.94624870676984,43.217560835659945],[-2.9502853027092577,43.21736266555908],[-2.9556979010456037,43.21372868149061],[-2.958485189897877,43.21049251730541],[-2.9581417619782258,43.20754909621366],[-2.962897157595737,43.205572840788875],[-2.981526053401046,43.201952766058405],[-2.987918731003619,43.20464352445626],[-2.9932075955215556,43.209833946068834],[-2.9987166980875934,43.211700106399455],[-3.0040749554451365,43.21176100322442],[-3.0072059487072598,43.21531115295399],[-3.0071183833336512,43.21929756009822],[-3.0105963760700987,43.22251090303576],[-3.016573660643341,43.22464206484121],[-3.0170492545066336,43.22611570981642],[-3.012226163596661,43.233042853729714],[-3.013506255964245,43.234327233281526],[-3.0172233676114932,43.233967085499444],[-3.0205658805614144,43.23787566158819],[-3.0128794163060486,43.24145669849178],[-3.019053134055438,43.25033555374764],[-2.9955963452633223,43.256154445975895]]]}},{"type":"Feature","properties":{"cod":913,"slug":"zierbena","name":"Zierbena"},"geometry":{"type":"Polygon","coordinates":[[[-3.107871141348536,43.363927992026994],[-3.0841528868625923,43.377969086257615],[-3.094018164986671,43.37066820824153],[-3.1040487066682934,43.3655506349213],[-3.1036624817671825,43.3638596678527],[-3.100195598969364,43.36560855267552],[-3.1032375766808276,43.363654028879225],[-3.0969228470770043,43.36375140062086],[-3.0985408894072552,43.364615531911994],[-3.0967498846408397,43.364571228024374],[-3.0930193228728333,43.36256766668982],[-3.08957301422113,43.36461723410882],[-3.0928412415562763,43.36224815101953],[-3.088144623432989,43.360141838051945],[-3.081877318902079,43.36368374137032],[-3.077472540259612,43.36337804504258],[-3.0816398973800725,43.3630642203003],[-3.0862152572595902,43.360421728493215],[-3.080283014213355,43.35825415565602],[-3.081394205841206,43.35634693210273],[-3.0764989577579094,43.35428314140148],[-3.074968829210945,43.354891510144434],[-3.0721589290671183,43.36241245482232],[-3.0598659984575542,43.36156439088491],[-3.045228793307463,43.35882005447942],[-3.0478157423739667,43.35877019769034],[-3.0482225418414655,43.35711814679612],[-3.0468708871879415,43.3567822095463],[-3.068769667682279,43.35963745897207],[-3.0707132974553333,43.35448307353963],[-3.0650796387241663,43.35192282756307],[-3.0684522324822545,43.347975700842056],[-3.0668384025592497,43.34667252756737],[-3.0696595464432064,43.34656260955293],[-3.0711371171565416,43.339644496244084],[-3.0591709031468732,43.33142438631178],[-3.062538151735963,43.32840849536482],[-3.070599435553716,43.331089686605374],[-3.08101456771698,43.329771628568665],[-3.0866470051874577,43.330187383461414],[-3.0928475599812524,43.328182243035165],[-3.096566104919853,43.32868369015858],[-3.100959449076795,43.33188309161087],[-3.105398103777186,43.34168451058572],[-3.1095643999510623,43.34312672596052],[-3.117340194024998,43.35007087949757],[-3.1124879463146726,43.350898949322506],[-3.1139026662187135,43.353888854991986],[-3.112588154484842,43.354911810479955],[-3.1129722629718874,43.358419054822214],[-3.1108207884450643,43.362484539494226],[-3.1086158475435024,43.363445905842816],[-3.1093526059812056,43.36466081324463],[-3.107871141348536,43.363927992026994]]]}},{"type":"Feature","properties":{"cod":914,"slug":"arratzu","name":"Arratzu"},"geometry":{"type":"Polygon","coordinates":[[[-2.6727532612000005,43.32582147832601],[-2.6684905440723234,43.324337856462954],[-2.6592299875539864,43.32475969904143],[-2.6504657980737614,43.32321436128391],[-2.6393351096149247,43.32447619269213],[-2.6387213610693774,43.32333490773119],[-2.630773425588617,43.326036650054654],[-2.6272562263115,43.32523184981003],[-2.6276946684251734,43.32362083005105],[-2.6190299581487757,43.317658555090226],[-2.608176343626379,43.316795809579894],[-2.6034768660208467,43.317523032165454],[-2.6041956737493144,43.310936689683416],[-2.616095391556817,43.29897970418295],[-2.6227332742825986,43.298136357416574],[-2.629847492014742,43.29921872251741],[-2.6364724431252955,43.297993911737734],[-2.635480113333944,43.29533421340332],[-2.638434795131981,43.29696784305332],[-2.6411103400005054,43.29668208842552],[-2.6416372273331192,43.29905726531805],[-2.643505636883908,43.29770565900298],[-2.6447477286108074,43.29882627499514],[-2.644742863670073,43.30309219131548],[-2.647861308643014,43.306986958240635],[-2.6462621878398704,43.30756336062714],[-2.6464764709054807,43.30950262189704],[-2.66923693445467,43.32180045811868],[-2.6736061807433753,43.32185515110635],[-2.6727532612000005,43.32582147832601]]]}},{"type":"Feature","properties":{"cod":915,"slug":"ziortza-bolibar","name":"Ziortza-Bolibar"},"geometry":{"type":"Polygon","coordinates":[[[-2.5574068281842357,43.27207796903496],[-2.5521273070250143,43.27043487277523],[-2.5446564147989634,43.27123470564122],[-2.529910737098532,43.26729279459834],[-2.521554044112676,43.263739849797936],[-2.523956309049706,43.26167537948031],[-2.527440846137497,43.25326155131179],[-2.525277582108684,43.25107049202829],[-2.5260862830240205,43.24357564771773],[-2.5349438554375263,43.2294872300802],[-2.5407399967026656,43.23058139572771],[-2.5472940302812863,43.22983662636316],[-2.554521728045733,43.23122597162203],[-2.5683351361680438,43.22147243147164],[-2.577987518628622,43.217331421809575],[-2.591664550838126,43.22687518868446],[-2.582488026498086,43.24030932521017],[-2.5754446956214614,43.24658650571353],[-2.5698618081260354,43.256737152931834],[-2.5607776589632465,43.26020824061858],[-2.5603116971186894,43.26274081239198],[-2.5617680424266895,43.26375861453965],[-2.5607625829073974,43.26893765660895],[-2.5574068281842357,43.27207796903496]]]}}]}